position,age_bin,probability,interval_count,missing_replicates
172.0,3000,0.16250270600540787,1,0
172.0,4000,0.6637999853164206,1,0
172.0,5000,0.17369730867817149,1,0
909.0,44000,0.009679920702891483,1,0
909.0,45000,0.010614873089814396,1,0
909.0,46000,0.010614873089814396,1,0
909.0,47000,0.010614873089814396,1,0
909.0,48000,0.010614873089814396,1,0
909.0,49000,0.010614873089814396,1,0
909.0,50000,0.010614873089814396,1,0
909.0,51000,0.010614873089814396,1,0
909.0,52000,0.010614873089814396,1,0
909.0,53000,0.010614873089814396,1,0
909.0,54000,0.010614873089814396,1,0
909.0,55000,0.010614873089814396,1,0
909.0,56000,0.010614873089814396,1,0
909.0,57000,0.010614873089814396,1,0
909.0,58000,0.010614873089814396,1,0
909.0,59000,0.010614873089814396,1,0
909.0,60000,0.010614873089814396,1,0
909.0,61000,0.010614873089814396,1,0
909.0,62000,0.010614873089814396,1,0
909.0,63000,0.010614873089814396,1,0
909.0,64000,0.010614873089814396,1,0
909.0,65000,0.010614873089814396,1,0
909.0,66000,0.010614873089814396,1,0
909.0,67000,0.010614873089814396,1,0
909.0,68000,0.010614873089814396,1,0
909.0,69000,0.010614873089814396,1,0
909.0,70000,0.010614873089814396,1,0
909.0,71000,0.010614873089814396,1,0
909.0,72000,0.010614873089814396,1,0
909.0,73000,0.010614873089814396,1,0
909.0,74000,0.010614873089814396,1,0
909.0,75000,0.010614873089814396,1,0
909.0,76000,0.010614873089814396,1,0
909.0,77000,0.010614873089814396,1,0
909.0,78000,0.010614873089814396,1,0
909.0,79000,0.010614873089814396,1,0
909.0,80000,0.010614873089814396,1,0
909.0,81000,0.010614873089814396,1,0
909.0,82000,0.010614873089814396,1,0
909.0,83000,0.010614873089814396,1,0
909.0,84000,0.010614873089814396,1,0
909.0,85000,0.010614873089814396,1,0
909.0,86000,0.010614873089814396,1,0
909.0,87000,0.010614873089814396,1,0
909.0,88000,0.010614873089814396,1,0
909.0,89000,0.010614873089814396,1,0
909.0,90000,0.010614873089814396,1,0
909.0,91000,0.010614873089814396,1,0
909.0,92000,0.010614873089814396,1,0
909.0,93000,0.010614873089814396,1,0
909.0,94000,0.010614873089814396,1,0
909.0,95000,0.010614873089814396,1,0
909.0,96000,0.010614873089814396,1,0
909.0,97000,0.010614873089814396,1,0
909.0,98000,0.010614873089814396,1,0
909.0,99000,0.010614873089814396,1,0
909.0,100000,0.010614873089814396,1,0
909.0,101000,0.010614873089814396,1,0
909.0,102000,0.010614873089814396,1,0
909.0,103000,0.010614873089814396,1,0
909.0,104000,0.010614873089814396,1,0
909.0,105000,0.010614873089814396,1,0
909.0,106000,0.010614873089814396,1,0
909.0,107000,0.010614873089814396,1,0
909.0,108000,0.010614873089814396,1,0
909.0,109000,0.010614873089814396,1,0
909.0,110000,0.010614873089814396,1,0
909.0,111000,0.010614873089814396,1,0
909.0,112000,0.010614873089814396,1,0
909.0,113000,0.010614873089814396,1,0
909.0,114000,0.010614873089814396,1,0
909.0,115000,0.010614873089814396,1,0
909.0,116000,0.010614873089814396,1,0
909.0,117000,0.010614873089814396,1,0
909.0,118000,0.010614873089814396,1,0
909.0,119000,0.010614873089814396,1,0
909.0,120000,0.010614873089814396,1,0
909.0,121000,0.010614873089814396,1,0
909.0,122000,0.010614873089814396,1,0
909.0,123000,0.010614873089814396,1,0
909.0,124000,0.010614873089814396,1,0
909.0,125000,0.010614873089814396,1,0
909.0,126000,0.010614873089814396,1,0
909.0,127000,0.010614873089814396,1,0
909.0,128000,0.010614873089814396,1,0
909.0,129000,0.010614873089814396,1,0
909.0,130000,0.010614873089814396,1,0
909.0,131000,0.010614873089814396,1,0
909.0,132000,0.010614873089814396,1,0
909.0,133000,0.010614873089814396,1,0
909.0,134000,0.010614873089814396,1,0
909.0,135000,0.010614873089814396,1,0
909.0,136000,0.010614873089814396,1,0
909.0,137000,0.010614873089814396,1,0
909.0,138000,0.0031368819443696586,1,0
1361.0,0,0.014085323239031684,1,0
1361.0,1000,0.028170646478063367,1,0
1361.0,2000,0.028170646478063367,1,0
1361.0,3000,0.028170646478063367,1,0
1361.0,4000,0.028170646478063367,1,0
1361.0,5000,0.028170646478063367,1,0
1361.0,6000,0.028170646478063367,1,0
1361.0,7000,0.028170646478063367,1,0
1361.0,8000,0.028170646478063367,1,0
1361.0,9000,0.028170646478063367,1,0
1361.0,10000,0.028170646478063367,1,0
1361.0,11000,0.028170646478063367,1,0
1361.0,12000,0.028170646478063367,1,0
1361.0,13000,0.028170646478063367,1,0
1361.0,14000,0.028170646478063367,1,0
1361.0,15000,0.028170646478063367,1,0
1361.0,16000,0.028170646478063367,1,0
1361.0,17000,0.028170646478063367,1,0
1361.0,18000,0.028170646478063367,1,0
1361.0,19000,0.028170646478063367,1,0
1361.0,20000,0.028170646478063367,1,0
1361.0,21000,0.028170646478063367,1,0
1361.0,22000,0.028170646478063367,1,0
1361.0,23000,0.028170646478063367,1,0
1361.0,24000,0.028170646478063367,1,0
1361.0,25000,0.028170646478063367,1,0
1361.0,26000,0.028170646478063367,1,0
1361.0,27000,0.028170646478063367,1,0
1361.0,28000,0.028170646478063367,1,0
1361.0,29000,0.028170646478063367,1,0
1361.0,30000,0.028170646478063367,1,0
1361.0,31000,0.028170646478063367,1,0
1361.0,32000,0.028170646478063367,1,0
1361.0,33000,0.028170646478063367,1,0
1361.0,34000,0.028170646478063367,1,0
1361.0,35000,0.028112696506813837,1,0
1533.0,53000,0.00571158879507556,1,0
1533.0,54000,0.013805787219487184,1,0
1533.0,55000,0.013805787219487184,1,0
1533.0,56000,0.013805787219487184,1,0
1533.0,57000,0.013805787219487184,1,0
1533.0,58000,0.013805787219487184,1,0
1533.0,59000,0.013805787219487184,1,0
1533.0,60000,0.013805787219487184,1,0
1533.0,61000,0.013805787219487184,1,0
1533.0,62000,0.013805787219487184,1,0
1533.0,63000,0.013805787219487184,1,0
1533.0,64000,0.013805787219487184,1,0
1533.0,65000,0.013805787219487184,1,0
1533.0,66000,0.013805787219487184,1,0
1533.0,67000,0.013805787219487184,1,0
1533.0,68000,0.013805787219487184,1,0
1533.0,69000,0.013805787219487184,1,0
1533.0,70000,0.013805787219487184,1,0
1533.0,71000,0.013805787219487184,1,0
1533.0,72000,0.013805787219487184,1,0
1533.0,73000,0.013805787219487184,1,0
1533.0,74000,0.013805787219487184,1,0
1533.0,75000,0.013805787219487184,1,0
1533.0,76000,0.013805787219487184,1,0
1533.0,77000,0.013805787219487184,1,0
1533.0,78000,0.013805787219487184,1,0
1533.0,79000,0.013805787219487184,1,0
1533.0,80000,0.013805787219487184,1,0
1533.0,81000,0.013805787219487184,1,0
1533.0,82000,0.013805787219487184,1,0
1533.0,83000,0.013805787219487184,1,0
1533.0,84000,0.013805787219487184,1,0
1533.0,85000,0.013805787219487184,1,0
1533.0,86000,0.013805787219487184,1,0
1533.0,87000,0.013805787219487184,1,0
1533.0,88000,0.013805787219487184,1,0
1533.0,89000,0.013805787219487184,1,0
1533.0,90000,0.013805787219487184,1,0
1533.0,91000,0.013805787219487184,1,0
1533.0,92000,0.013805787219487184,1,0
1533.0,93000,0.013805787219487184,1,0
1533.0,94000,0.013805787219487184,1,0
1533.0,95000,0.013805787219487184,1,0
1533.0,96000,0.013805787219487184,1,0
1533.0,97000,0.013805787219487184,1,0
1533.0,98000,0.013805787219487184,1,0
1533.0,99000,0.013805787219487184,1,0
1533.0,100000,0.013805787219487184,1,0
1533.0,101000,0.013805787219487184,1,0
1533.0,102000,0.013805787219487184,1,0
1533.0,103000,0.013805787219487184,1,0
1533.0,104000,0.013805787219487184,1,0
1533.0,105000,0.013805787219487184,1,0
1533.0,106000,0.013805787219487184,1,0
1533.0,107000,0.013805787219487184,1,0
1533.0,108000,0.013805787219487184,1,0
1533.0,109000,0.013805787219487184,1,0
1533.0,110000,0.013805787219487184,1,0
1533.0,111000,0.013805787219487184,1,0
1533.0,112000,0.013805787219487184,1,0
1533.0,113000,0.013805787219487184,1,0
1533.0,114000,0.013805787219487184,1,0
1533.0,115000,0.013805787219487184,1,0
1533.0,116000,0.013805787219487184,1,0
1533.0,117000,0.013805787219487184,1,0
1533.0,118000,0.013805787219487184,1,0
1533.0,119000,0.013805787219487184,1,0
1533.0,120000,0.013805787219487184,1,0
1533.0,121000,0.013805787219487184,1,0
1533.0,122000,0.013805787219487184,1,0
1533.0,123000,0.013805787219487184,1,0
1533.0,124000,0.013805787219487184,1,0
1533.0,125000,0.013805787219487184,1,0
1533.0,126000,0.00027173140184718914,1,0
1557.0,10000,0.009488857458301051,1,0
1557.0,11000,0.02325892057640704,1,0
1557.0,12000,0.02325892057640704,1,0
1557.0,13000,0.02325892057640704,1,0
1557.0,14000,0.02325892057640704,1,0
1557.0,15000,0.02325892057640704,1,0
1557.0,16000,0.02325892057640704,1,0
1557.0,17000,0.02325892057640704,1,0
1557.0,18000,0.02325892057640704,1,0
1557.0,19000,0.02325892057640704,1,0
1557.0,20000,0.02325892057640704,1,0
1557.0,21000,0.02325892057640704,1,0
1557.0,22000,0.02325892057640704,1,0
1557.0,23000,0.02325892057640704,1,0
1557.0,24000,0.02325892057640704,1,0
1557.0,25000,0.02325892057640704,1,0
1557.0,26000,0.02325892057640704,1,0
1557.0,27000,0.02325892057640704,1,0
1557.0,28000,0.02325892057640704,1,0
1557.0,29000,0.02325892057640704,1,0
1557.0,30000,0.02325892057640704,1,0
1557.0,31000,0.02325892057640704,1,0
1557.0,32000,0.02325892057640704,1,0
1557.0,33000,0.02325892057640704,1,0
1557.0,34000,0.02325892057640704,1,0
1557.0,35000,0.02325892057640704,1,0
1557.0,36000,0.02325892057640704,1,0
1557.0,37000,0.02325892057640704,1,0
1557.0,38000,0.02325892057640704,1,0
1557.0,39000,0.02325892057640704,1,0
1557.0,40000,0.02325892057640704,1,0
1557.0,41000,0.02325892057640704,1,0
1557.0,42000,0.02325892057640704,1,0
1557.0,43000,0.02325892057640704,1,0
1557.0,44000,0.02325892057640704,1,0
1557.0,45000,0.02325892057640704,1,0
1557.0,46000,0.02325892057640704,1,0
1557.0,47000,0.02325892057640704,1,0
1557.0,48000,0.02325892057640704,1,0
1557.0,49000,0.02325892057640704,1,0
1557.0,50000,0.02325892057640704,1,0
1557.0,51000,0.02325892057640704,1,0
1557.0,52000,0.02325892057640704,1,0
1557.0,53000,0.013636478332603329,1,0
2537.0,126000,0.025146684668848594,1,0
2537.0,127000,0.025651569824410702,1,0
2537.0,128000,0.025651569824410702,1,0
2537.0,129000,0.025651569824410702,1,0
2537.0,130000,0.025651569824410702,1,0
2537.0,131000,0.025651569824410702,1,0
2537.0,132000,0.025651569824410702,1,0
2537.0,133000,0.025651569824410702,1,0
2537.0,134000,0.025651569824410702,1,0
2537.0,135000,0.025651569824410702,1,0
2537.0,136000,0.025651569824410702,1,0
2537.0,137000,0.025651569824410702,1,0
2537.0,138000,0.025651569824410702,1,0
2537.0,139000,0.025651569824410702,1,0
2537.0,140000,0.025651569824410702,1,0
2537.0,141000,0.025651569824410702,1,0
2537.0,142000,0.025651569824410702,1,0
2537.0,143000,0.025651569824410702,1,0
2537.0,144000,0.025651569824410702,1,0
2537.0,145000,0.025651569824410702,1,0
2537.0,146000,0.025651569824410702,1,0
2537.0,147000,0.025651569824410702,1,0
2537.0,148000,0.025651569824410702,1,0
2537.0,149000,0.025651569824410702,1,0
2537.0,150000,0.025651569824410702,1,0
2537.0,151000,0.025651569824410702,1,0
2537.0,152000,0.025651569824410702,1,0
2537.0,153000,0.025651569824410702,1,0
2537.0,154000,0.025651569824410702,1,0
2537.0,155000,0.025651569824410702,1,0
2537.0,156000,0.025651569824410702,1,0
2537.0,157000,0.025651569824410702,1,0
2537.0,158000,0.025651569824410702,1,0
2537.0,159000,0.025651569824410702,1,0
2537.0,160000,0.025651569824410702,1,0
2537.0,161000,0.025651569824410702,1,0
2537.0,162000,0.025651569824410702,1,0
2537.0,163000,0.025651569824410702,1,0
2537.0,164000,0.025651569824410702,1,0
2537.0,165000,9.366200354480792e-05,1,0
3008.0,3000,0.001717657854189688,1,0
3008.0,4000,0.01091612173204806,1,0
3008.0,5000,0.01091612173204806,1,0
3008.0,6000,0.01091612173204806,1,0
3008.0,7000,0.01091612173204806,1,0
3008.0,8000,0.01091612173204806,1,0
3008.0,9000,0.01091612173204806,1,0
3008.0,10000,0.01091612173204806,1,0
3008.0,11000,0.01091612173204806,1,0
3008.0,12000,0.01091612173204806,1,0
3008.0,13000,0.01091612173204806,1,0
3008.0,14000,0.01091612173204806,1,0
3008.0,15000,0.01091612173204806,1,0
3008.0,16000,0.01091612173204806,1,0
3008.0,17000,0.01091612173204806,1,0
3008.0,18000,0.01091612173204806,1,0
3008.0,19000,0.01091612173204806,1,0
3008.0,20000,0.01091612173204806,1,0
3008.0,21000,0.01091612173204806,1,0
3008.0,22000,0.01091612173204806,1,0
3008.0,23000,0.01091612173204806,1,0
3008.0,24000,0.01091612173204806,1,0
3008.0,25000,0.01091612173204806,1,0
3008.0,26000,0.01091612173204806,1,0
3008.0,27000,0.01091612173204806,1,0
3008.0,28000,0.01091612173204806,1,0
3008.0,29000,0.01091612173204806,1,0
3008.0,30000,0.01091612173204806,1,0
3008.0,31000,0.01091612173204806,1,0
3008.0,32000,0.01091612173204806,1,0
3008.0,33000,0.01091612173204806,1,0
3008.0,34000,0.01091612173204806,1,0
3008.0,35000,0.01091612173204806,1,0
3008.0,36000,0.01091612173204806,1,0
3008.0,37000,0.01091612173204806,1,0
3008.0,38000,0.01091612173204806,1,0
3008.0,39000,0.01091612173204806,1,0
3008.0,40000,0.01091612173204806,1,0
3008.0,41000,0.01091612173204806,1,0
3008.0,42000,0.01091612173204806,1,0
3008.0,43000,0.01091612173204806,1,0
3008.0,44000,0.01091612173204806,1,0
3008.0,45000,0.01091612173204806,1,0
3008.0,46000,0.01091612173204806,1,0
3008.0,47000,0.01091612173204806,1,0
3008.0,48000,0.01091612173204806,1,0
3008.0,49000,0.01091612173204806,1,0
3008.0,50000,0.01091612173204806,1,0
3008.0,51000,0.01091612173204806,1,0
3008.0,52000,0.01091612173204806,1,0
3008.0,53000,0.01091612173204806,1,0
3008.0,54000,0.01091612173204806,1,0
3008.0,55000,0.01091612173204806,1,0
3008.0,56000,0.01091612173204806,1,0
3008.0,57000,0.01091612173204806,1,0
3008.0,58000,0.01091612173204806,1,0
3008.0,59000,0.01091612173204806,1,0
3008.0,60000,0.01091612173204806,1,0
3008.0,61000,0.01091612173204806,1,0
3008.0,62000,0.01091612173204806,1,0
3008.0,63000,0.01091612173204806,1,0
3008.0,64000,0.01091612173204806,1,0
3008.0,65000,0.01091612173204806,1,0
3008.0,66000,0.01091612173204806,1,0
3008.0,67000,0.01091612173204806,1,0
3008.0,68000,0.01091612173204806,1,0
3008.0,69000,0.01091612173204806,1,0
3008.0,70000,0.01091612173204806,1,0
3008.0,71000,0.01091612173204806,1,0
3008.0,72000,0.01091612173204806,1,0
3008.0,73000,0.01091612173204806,1,0
3008.0,74000,0.01091612173204806,1,0
3008.0,75000,0.01091612173204806,1,0
3008.0,76000,0.01091612173204806,1,0
3008.0,77000,0.01091612173204806,1,0
3008.0,78000,0.01091612173204806,1,0
3008.0,79000,0.01091612173204806,1,0
3008.0,80000,0.01091612173204806,1,0
3008.0,81000,0.01091612173204806,1,0
3008.0,82000,0.01091612173204806,1,0
3008.0,83000,0.01091612173204806,1,0
3008.0,84000,0.01091612173204806,1,0
3008.0,85000,0.01091612173204806,1,0
3008.0,86000,0.01091612173204806,1,0
3008.0,87000,0.01091612173204806,1,0
3008.0,88000,0.01091612173204806,1,0
3008.0,89000,0.01091612173204806,1,0
3008.0,90000,0.01091612173204806,1,0
3008.0,91000,0.01091612173204806,1,0
3008.0,92000,0.01091612173204806,1,0
3008.0,93000,0.01091612173204806,1,0
3008.0,94000,0.01091612173204806,1,0
3008.0,95000,0.00491526452943683,1,0
3049.0,16000,0.03457378976057174,1,0
3049.0,17000,0.035640260555890285,1,0
3049.0,18000,0.035640260555890285,1,0
3049.0,19000,0.035640260555890285,1,0
3049.0,20000,0.035640260555890285,1,0
3049.0,21000,0.035640260555890285,1,0
3049.0,22000,0.035640260555890285,1,0
3049.0,23000,0.035640260555890285,1,0
3049.0,24000,0.035640260555890285,1,0
3049.0,25000,0.035640260555890285,1,0
3049.0,26000,0.035640260555890285,1,0
3049.0,27000,0.035640260555890285,1,0
3049.0,28000,0.035640260555890285,1,0
3049.0,29000,0.035640260555890285,1,0
3049.0,30000,0.035640260555890285,1,0
3049.0,31000,0.035640260555890285,1,0
3049.0,32000,0.035640260555890285,1,0
3049.0,33000,0.035640260555890285,1,0
3049.0,34000,0.035640260555890285,1,0
3049.0,35000,0.035640260555890285,1,0
3049.0,36000,0.035640260555890285,1,0
3049.0,37000,0.035640260555890285,1,0
3049.0,38000,0.035640260555890285,1,0
3049.0,39000,0.035640260555890285,1,0
3049.0,40000,0.035640260555890285,1,0
3049.0,41000,0.035640260555890285,1,0
3049.0,42000,0.035640260555890285,1,0
3049.0,43000,0.035640260555890285,1,0
3049.0,44000,0.003139175230390515,1,0
3386.0,17000,0.0048877125026625156,1,0
3386.0,18000,0.03814432904782476,1,0
3386.0,19000,0.03814432904782476,1,0
3386.0,20000,0.03814432904782476,1,0
3386.0,21000,0.03814432904782476,1,0
3386.0,22000,0.03814432904782476,1,0
3386.0,23000,0.03814432904782476,1,0
3386.0,24000,0.03814432904782476,1,0
3386.0,25000,0.03814432904782476,1,0
3386.0,26000,0.03814432904782476,1,0
3386.0,27000,0.03814432904782476,1,0
3386.0,28000,0.03814432904782476,1,0
3386.0,29000,0.03814432904782476,1,0
3386.0,30000,0.03814432904782476,1,0
3386.0,31000,0.03814432904782476,1,0
3386.0,32000,0.03814432904782476,1,0
3386.0,33000,0.03814432904782476,1,0
3386.0,34000,0.03814432904782476,1,0
3386.0,35000,0.03814432904782476,1,0
3386.0,36000,0.03814432904782476,1,0
3386.0,37000,0.03814432904782476,1,0
3386.0,38000,0.03814432904782476,1,0
3386.0,39000,0.03814432904782476,1,0
3386.0,40000,0.03814432904782476,1,0
3386.0,41000,0.03814432904782476,1,0
3386.0,42000,0.03814432904782476,1,0
3386.0,43000,0.03814432904782476,1,0
3386.0,44000,0.0033597322538936134,1,0
3611.0,0,0.04420212332819407,1,0
3611.0,1000,0.08840424665638814,1,0
3611.0,2000,0.08840424665638814,1,0
3611.0,3000,0.08840424665638814,1,0
3611.0,4000,0.08840424665638814,1,0
3611.0,5000,0.08840424665638814,1,0
3611.0,6000,0.08840424665638814,1,0
3611.0,7000,0.08840424665638814,1,0
3611.0,8000,0.08840424665638814,1,0
3611.0,9000,0.08840424665638814,1,0
3611.0,10000,0.08840424665638814,1,0
3611.0,11000,0.07175541010792454,1,0
4225.0,0,0.04420212332819407,1,0
4225.0,1000,0.08840424665638814,1,0
4225.0,2000,0.08840424665638814,1,0
4225.0,3000,0.08840424665638814,1,0
4225.0,4000,0.08840424665638814,1,0
4225.0,5000,0.08840424665638814,1,0
4225.0,6000,0.08840424665638814,1,0
4225.0,7000,0.08840424665638814,1,0
4225.0,8000,0.08840424665638814,1,0
4225.0,9000,0.08840424665638814,1,0
4225.0,10000,0.08840424665638814,1,0
4225.0,11000,0.07175541010792454,1,0
5057.0,17000,0.009117917572895063,1,0
5057.0,18000,0.012793783795681262,1,0
5057.0,19000,0.012793783795681262,1,0
5057.0,20000,0.012793783795681262,1,0
5057.0,21000,0.012793783795681262,1,0
5057.0,22000,0.012793783795681262,1,0
5057.0,23000,0.012793783795681262,1,0
5057.0,24000,0.012793783795681262,1,0
5057.0,25000,0.012793783795681262,1,0
5057.0,26000,0.012793783795681262,1,0
5057.0,27000,0.012793783795681262,1,0
5057.0,28000,0.012793783795681262,1,0
5057.0,29000,0.012793783795681262,1,0
5057.0,30000,0.012793783795681262,1,0
5057.0,31000,0.012793783795681262,1,0
5057.0,32000,0.012793783795681262,1,0
5057.0,33000,0.012793783795681262,1,0
5057.0,34000,0.012793783795681262,1,0
5057.0,35000,0.012793783795681262,1,0
5057.0,36000,0.012793783795681262,1,0
5057.0,37000,0.012793783795681262,1,0
5057.0,38000,0.012793783795681262,1,0
5057.0,39000,0.012793783795681262,1,0
5057.0,40000,0.012793783795681262,1,0
5057.0,41000,0.012793783795681262,1,0
5057.0,42000,0.012793783795681262,1,0
5057.0,43000,0.012793783795681262,1,0
5057.0,44000,0.012793783795681262,1,0
5057.0,45000,0.012793783795681262,1,0
5057.0,46000,0.012793783795681262,1,0
5057.0,47000,0.012793783795681262,1,0
5057.0,48000,0.012793783795681262,1,0
5057.0,49000,0.012793783795681262,1,0
5057.0,50000,0.012793783795681262,1,0
5057.0,51000,0.012793783795681262,1,0
5057.0,52000,0.012793783795681262,1,0
5057.0,53000,0.012793783795681262,1,0
5057.0,54000,0.012793783795681262,1,0
5057.0,55000,0.012793783795681262,1,0
5057.0,56000,0.012793783795681262,1,0
5057.0,57000,0.012793783795681262,1,0
5057.0,58000,0.012793783795681262,1,0
5057.0,59000,0.012793783795681262,1,0
5057.0,60000,0.012793783795681262,1,0
5057.0,61000,0.012793783795681262,1,0
5057.0,62000,0.012793783795681262,1,0
5057.0,63000,0.012793783795681262,1,0
5057.0,64000,0.012793783795681262,1,0
5057.0,65000,0.012793783795681262,1,0
5057.0,66000,0.012793783795681262,1,0
5057.0,67000,0.012793783795681262,1,0
5057.0,68000,0.012793783795681262,1,0
5057.0,69000,0.012793783795681262,1,0
5057.0,70000,0.012793783795681262,1,0
5057.0,71000,0.012793783795681262,1,0
5057.0,72000,0.012793783795681262,1,0
5057.0,73000,0.012793783795681262,1,0
5057.0,74000,0.012793783795681262,1,0
5057.0,75000,0.012793783795681262,1,0
5057.0,76000,0.012793783795681262,1,0
5057.0,77000,0.012793783795681262,1,0
5057.0,78000,0.012793783795681262,1,0
5057.0,79000,0.012793783795681262,1,0
5057.0,80000,0.012793783795681262,1,0
5057.0,81000,0.012793783795681262,1,0
5057.0,82000,0.012793783795681262,1,0
5057.0,83000,0.012793783795681262,1,0
5057.0,84000,0.012793783795681262,1,0
5057.0,85000,0.012793783795681262,1,0
5057.0,86000,0.012793783795681262,1,0
5057.0,87000,0.012793783795681262,1,0
5057.0,88000,0.012793783795681262,1,0
5057.0,89000,0.012793783795681262,1,0
5057.0,90000,0.012793783795681262,1,0
5057.0,91000,0.012793783795681262,1,0
5057.0,92000,0.012793783795681262,1,0
5057.0,93000,0.012793783795681262,1,0
5057.0,94000,0.012793783795681262,1,0
5057.0,95000,0.005760730159647778,1,0
7283.0,41000,0.06272546303968148,1,0
7283.0,42000,0.08019153381360927,1,0
7283.0,43000,0.08019153381360927,1,0
7283.0,44000,0.08019153381360927,1,0
7283.0,45000,0.08019153381360927,1,0
7283.0,46000,0.08019153381360927,1,0
7283.0,47000,0.08019153381360927,1,0
7283.0,48000,0.08019153381360927,1,0
7283.0,49000,0.08019153381360927,1,0
7283.0,50000,0.08019153381360927,1,0
7283.0,51000,0.08019153381360927,1,0
7283.0,52000,0.08019153381360927,1,0
7283.0,53000,0.05516766501061647,1,0
7402.0,11000,0.006451278431751198,1,0
7402.0,12000,0.03425587175833018,1,0
7402.0,13000,0.03425587175833018,1,0
7402.0,14000,0.03425587175833018,1,0
7402.0,15000,0.03425587175833018,1,0
7402.0,16000,0.03425587175833018,1,0
7402.0,17000,0.03425587175833018,1,0
7402.0,18000,0.03425587175833018,1,0
7402.0,19000,0.03425587175833018,1,0
7402.0,20000,0.03425587175833018,1,0
7402.0,21000,0.03425587175833018,1,0
7402.0,22000,0.03425587175833018,1,0
7402.0,23000,0.03425587175833018,1,0
7402.0,24000,0.03425587175833018,1,0
7402.0,25000,0.03425587175833018,1,0
7402.0,26000,0.03425587175833018,1,0
7402.0,27000,0.03425587175833018,1,0
7402.0,28000,0.03425587175833018,1,0
7402.0,29000,0.03425587175833018,1,0
7402.0,30000,0.03425587175833018,1,0
7402.0,31000,0.03425587175833018,1,0
7402.0,32000,0.03425587175833018,1,0
7402.0,33000,0.03425587175833018,1,0
7402.0,34000,0.03425587175833018,1,0
7402.0,35000,0.03425587175833018,1,0
7402.0,36000,0.03425587175833018,1,0
7402.0,37000,0.03425587175833018,1,0
7402.0,38000,0.03425587175833018,1,0
7402.0,39000,0.03425587175833018,1,0
7402.0,40000,0.03425587175833018,1,0
7402.0,41000,0.0001284405766737076,1,0
7614.0,3000,0.0005568469723766914,1,0
7614.0,4000,0.0035388941527321667,1,0
7614.0,5000,0.0035388941527321667,1,0
7614.0,6000,0.0035388941527321667,1,0
7614.0,7000,0.0035388941527321667,1,0
7614.0,8000,0.0035388941527321667,1,0
7614.0,9000,0.0035388941527321667,1,0
7614.0,10000,0.0035388941527321667,1,0
7614.0,11000,0.0035388941527321667,1,0
7614.0,12000,0.0035388941527321667,1,0
7614.0,13000,0.0035388941527321667,1,0
7614.0,14000,0.0035388941527321667,1,0
7614.0,15000,0.0035388941527321667,1,0
7614.0,16000,0.0035388941527321667,1,0
7614.0,17000,0.0035388941527321667,1,0
7614.0,18000,0.0035388941527321667,1,0
7614.0,19000,0.0035388941527321667,1,0
7614.0,20000,0.0035388941527321667,1,0
7614.0,21000,0.0035388941527321667,1,0
7614.0,22000,0.0035388941527321667,1,0
7614.0,23000,0.0035388941527321667,1,0
7614.0,24000,0.0035388941527321667,1,0
7614.0,25000,0.0035388941527321667,1,0
7614.0,26000,0.0035388941527321667,1,0
7614.0,27000,0.0035388941527321667,1,0
7614.0,28000,0.0035388941527321667,1,0
7614.0,29000,0.0035388941527321667,1,0
7614.0,30000,0.0035388941527321667,1,0
7614.0,31000,0.0035388941527321667,1,0
7614.0,32000,0.0035388941527321667,1,0
7614.0,33000,0.0035388941527321667,1,0
7614.0,34000,0.0035388941527321667,1,0
7614.0,35000,0.0035388941527321667,1,0
7614.0,36000,0.0035388941527321667,1,0
7614.0,37000,0.0035388941527321667,1,0
7614.0,38000,0.0035388941527321667,1,0
7614.0,39000,0.0035388941527321667,1,0
7614.0,40000,0.0035388941527321667,1,0
7614.0,41000,0.0035388941527321667,1,0
7614.0,42000,0.0035388941527321667,1,0
7614.0,43000,0.0035388941527321667,1,0
7614.0,44000,0.0035388941527321667,1,0
7614.0,45000,0.0035388941527321667,1,0
7614.0,46000,0.0035388941527321667,1,0
7614.0,47000,0.0035388941527321667,1,0
7614.0,48000,0.0035388941527321667,1,0
7614.0,49000,0.0035388941527321667,1,0
7614.0,50000,0.0035388941527321667,1,0
7614.0,51000,0.0035388941527321667,1,0
7614.0,52000,0.0035388941527321667,1,0
7614.0,53000,0.0035388941527321667,1,0
7614.0,54000,0.0035388941527321667,1,0
7614.0,55000,0.0035388941527321667,1,0
7614.0,56000,0.0035388941527321667,1,0
7614.0,57000,0.0035388941527321667,1,0
7614.0,58000,0.0035388941527321667,1,0
7614.0,59000,0.0035388941527321667,1,0
7614.0,60000,0.0035388941527321667,1,0
7614.0,61000,0.0035388941527321667,1,0
7614.0,62000,0.0035388941527321667,1,0
7614.0,63000,0.0035388941527321667,1,0
7614.0,64000,0.0035388941527321667,1,0
7614.0,65000,0.0035388941527321667,1,0
7614.0,66000,0.0035388941527321667,1,0
7614.0,67000,0.0035388941527321667,1,0
7614.0,68000,0.0035388941527321667,1,0
7614.0,69000,0.0035388941527321667,1,0
7614.0,70000,0.0035388941527321667,1,0
7614.0,71000,0.0035388941527321667,1,0
7614.0,72000,0.0035388941527321667,1,0
7614.0,73000,0.0035388941527321667,1,0
7614.0,74000,0.0035388941527321667,1,0
7614.0,75000,0.0035388941527321667,1,0
7614.0,76000,0.0035388941527321667,1,0
7614.0,77000,0.0035388941527321667,1,0
7614.0,78000,0.0035388941527321667,1,0
7614.0,79000,0.0035388941527321667,1,0
7614.0,80000,0.0035388941527321667,1,0
7614.0,81000,0.0035388941527321667,1,0
7614.0,82000,0.0035388941527321667,1,0
7614.0,83000,0.0035388941527321667,1,0
7614.0,84000,0.0035388941527321667,1,0
7614.0,85000,0.0035388941527321667,1,0
7614.0,86000,0.0035388941527321667,1,0
7614.0,87000,0.0035388941527321667,1,0
7614.0,88000,0.0035388941527321667,1,0
7614.0,89000,0.0035388941527321667,1,0
7614.0,90000,0.0035388941527321667,1,0
7614.0,91000,0.0035388941527321667,1,0
7614.0,92000,0.0035388941527321667,1,0
7614.0,93000,0.0035388941527321667,1,0
7614.0,94000,0.0035388941527321667,1,0
7614.0,95000,0.0035388941527321667,1,0
7614.0,96000,0.0035388941527321667,1,0
7614.0,97000,0.0035388941527321667,1,0
7614.0,98000,0.0035388941527321667,1,0
7614.0,99000,0.0035388941527321667,1,0
7614.0,100000,0.0035388941527321667,1,0
7614.0,101000,0.0035388941527321667,1,0
7614.0,102000,0.0035388941527321667,1,0
7614.0,103000,0.0035388941527321667,1,0
7614.0,104000,0.0035388941527321667,1,0
7614.0,105000,0.0035388941527321667,1,0
7614.0,106000,0.0035388941527321667,1,0
7614.0,107000,0.0035388941527321667,1,0
7614.0,108000,0.0035388941527321667,1,0
7614.0,109000,0.0035388941527321667,1,0
7614.0,110000,0.0035388941527321667,1,0
7614.0,111000,0.0035388941527321667,1,0
7614.0,112000,0.0035388941527321667,1,0
7614.0,113000,0.0035388941527321667,1,0
7614.0,114000,0.0035388941527321667,1,0
7614.0,115000,0.0035388941527321667,1,0
7614.0,116000,0.0035388941527321667,1,0
7614.0,117000,0.0035388941527321667,1,0
7614.0,118000,0.0035388941527321667,1,0
7614.0,119000,0.0035388941527321667,1,0
7614.0,120000,0.0035388941527321667,1,0
7614.0,121000,0.0035388941527321667,1,0
7614.0,122000,0.0035388941527321667,1,0
7614.0,123000,0.0035388941527321667,1,0
7614.0,124000,0.0035388941527321667,1,0
7614.0,125000,0.0035388941527321667,1,0
7614.0,126000,0.0035388941527321667,1,0
7614.0,127000,0.0035388941527321667,1,0
7614.0,128000,0.0035388941527321667,1,0
7614.0,129000,0.0035388941527321667,1,0
7614.0,130000,0.0035388941527321667,1,0
7614.0,131000,0.0035388941527321667,1,0
7614.0,132000,0.0035388941527321667,1,0
7614.0,133000,0.0035388941527321667,1,0
7614.0,134000,0.0035388941527321667,1,0
7614.0,135000,0.0035388941527321667,1,0
7614.0,136000,0.0035388941527321667,1,0
7614.0,137000,0.0035388941527321667,1,0
7614.0,138000,0.0035388941527321667,1,0
7614.0,139000,0.0035388941527321667,1,0
7614.0,140000,0.0035388941527321667,1,0
7614.0,141000,0.0035388941527321667,1,0
7614.0,142000,0.0035388941527321667,1,0
7614.0,143000,0.0035388941527321667,1,0
7614.0,144000,0.0035388941527321667,1,0
7614.0,145000,0.0035388941527321667,1,0
7614.0,146000,0.0035388941527321667,1,0
7614.0,147000,0.0035388941527321667,1,0
7614.0,148000,0.0035388941527321667,1,0
7614.0,149000,0.0035388941527321667,1,0
7614.0,150000,0.0035388941527321667,1,0
7614.0,151000,0.0035388941527321667,1,0
7614.0,152000,0.0035388941527321667,1,0
7614.0,153000,0.0035388941527321667,1,0
7614.0,154000,0.0035388941527321667,1,0
7614.0,155000,0.0035388941527321667,1,0
7614.0,156000,0.0035388941527321667,1,0
7614.0,157000,0.0035388941527321667,1,0
7614.0,158000,0.0035388941527321667,1,0
7614.0,159000,0.0035388941527321667,1,0
7614.0,160000,0.0035388941527321667,1,0
7614.0,161000,0.0035388941527321667,1,0
7614.0,162000,0.0035388941527321667,1,0
7614.0,163000,0.0035388941527321667,1,0
7614.0,164000,0.0035388941527321667,1,0
7614.0,165000,0.0035388941527321667,1,0
7614.0,166000,0.0035388941527321667,1,0
7614.0,167000,0.0035388941527321667,1,0
7614.0,168000,0.0035388941527321667,1,0
7614.0,169000,0.0035388941527321667,1,0
7614.0,170000,0.0035388941527321667,1,0
7614.0,171000,0.0035388941527321667,1,0
7614.0,172000,0.0035388941527321667,1,0
7614.0,173000,0.0035388941527321667,1,0
7614.0,174000,0.0035388941527321667,1,0
7614.0,175000,0.0035388941527321667,1,0
7614.0,176000,0.0035388941527321667,1,0
7614.0,177000,0.0035388941527321667,1,0
7614.0,178000,0.0035388941527321667,1,0
7614.0,179000,0.0035388941527321667,1,0
7614.0,180000,0.0035388941527321667,1,0
7614.0,181000,0.0035388941527321667,1,0
7614.0,182000,0.0035388941527321667,1,0
7614.0,183000,0.0035388941527321667,1,0
7614.0,184000,0.0035388941527321667,1,0
7614.0,185000,0.0035388941527321667,1,0
7614.0,186000,0.0035388941527321667,1,0
7614.0,187000,0.0035388941527321667,1,0
7614.0,188000,0.0035388941527321667,1,0
7614.0,189000,0.0035388941527321667,1,0
7614.0,190000,0.0035388941527321667,1,0
7614.0,191000,0.0035388941527321667,1,0
7614.0,192000,0.0035388941527321667,1,0
7614.0,193000,0.0035388941527321667,1,0
7614.0,194000,0.0035388941527321667,1,0
7614.0,195000,0.0035388941527321667,1,0
7614.0,196000,0.0035388941527321667,1,0
7614.0,197000,0.0035388941527321667,1,0
7614.0,198000,0.0035388941527321667,1,0
7614.0,199000,0.0035388941527321667,1,0
7614.0,200000,0.0035388941527321667,1,0
7614.0,201000,0.0035388941527321667,1,0
7614.0,202000,0.0035388941527321667,1,0
7614.0,203000,0.0035388941527321667,1,0
7614.0,204000,0.0035388941527321667,1,0
7614.0,205000,0.0035388941527321667,1,0
7614.0,206000,0.0035388941527321667,1,0
7614.0,207000,0.0035388941527321667,1,0
7614.0,208000,0.0035388941527321667,1,0
7614.0,209000,0.0035388941527321667,1,0
7614.0,210000,0.0035388941527321667,1,0
7614.0,211000,0.0035388941527321667,1,0
7614.0,212000,0.0035388941527321667,1,0
7614.0,213000,0.0035388941527321667,1,0
7614.0,214000,0.0035388941527321667,1,0
7614.0,215000,0.0035388941527321667,1,0
7614.0,216000,0.0035388941527321667,1,0
7614.0,217000,0.0035388941527321667,1,0
7614.0,218000,0.0035388941527321667,1,0
7614.0,219000,0.0035388941527321667,1,0
7614.0,220000,0.0035388941527321667,1,0
7614.0,221000,0.0035388941527321667,1,0
7614.0,222000,0.0035388941527321667,1,0
7614.0,223000,0.0035388941527321667,1,0
7614.0,224000,0.0035388941527321667,1,0
7614.0,225000,0.0035388941527321667,1,0
7614.0,226000,0.0035388941527321667,1,0
7614.0,227000,0.0035388941527321667,1,0
7614.0,228000,0.0035388941527321667,1,0
7614.0,229000,0.0035388941527321667,1,0
7614.0,230000,0.0035388941527321667,1,0
7614.0,231000,0.0035388941527321667,1,0
7614.0,232000,0.0035388941527321667,1,0
7614.0,233000,0.0035388941527321667,1,0
7614.0,234000,0.0035388941527321667,1,0
7614.0,235000,0.0035388941527321667,1,0
7614.0,236000,0.0035388941527321667,1,0
7614.0,237000,0.0035388941527321667,1,0
7614.0,238000,0.0035388941527321667,1,0
7614.0,239000,0.0035388941527321667,1,0
7614.0,240000,0.0035388941527321667,1,0
7614.0,241000,0.0035388941527321667,1,0
7614.0,242000,0.0035388941527321667,1,0
7614.0,243000,0.0035388941527321667,1,0
7614.0,244000,0.0035388941527321667,1,0
7614.0,245000,0.0035388941527321667,1,0
7614.0,246000,0.0035388941527321667,1,0
7614.0,247000,0.0035388941527321667,1,0
7614.0,248000,0.0035388941527321667,1,0
7614.0,249000,0.0035388941527321667,1,0
7614.0,250000,0.0035388941527321667,1,0
7614.0,251000,0.0035388941527321667,1,0
7614.0,252000,0.0035388941527321667,1,0
7614.0,253000,0.0035388941527321667,1,0
7614.0,254000,0.0035388941527321667,1,0
7614.0,255000,0.0035388941527321667,1,0
7614.0,256000,0.0035388941527321667,1,0
7614.0,257000,0.0035388941527321667,1,0
7614.0,258000,0.0035388941527321667,1,0
7614.0,259000,0.0035388941527321667,1,0
7614.0,260000,0.0035388941527321667,1,0
7614.0,261000,0.0035388941527321667,1,0
7614.0,262000,0.0035388941527321667,1,0
7614.0,263000,0.0035388941527321667,1,0
7614.0,264000,0.0035388941527321667,1,0
7614.0,265000,0.0035388941527321667,1,0
7614.0,266000,0.0035388941527321667,1,0
7614.0,267000,0.0035388941527321667,1,0
7614.0,268000,0.0035388941527321667,1,0
7614.0,269000,0.0035388941527321667,1,0
7614.0,270000,0.0035388941527321667,1,0
7614.0,271000,0.0035388941527321667,1,0
7614.0,272000,0.0035388941527321667,1,0
7614.0,273000,0.0035388941527321667,1,0
7614.0,274000,0.0035388941527321667,1,0
7614.0,275000,0.0035388941527321667,1,0
7614.0,276000,0.0035388941527321667,1,0
7614.0,277000,0.0035388941527321667,1,0
7614.0,278000,0.0035388941527321667,1,0
7614.0,279000,0.0035388941527321667,1,0
7614.0,280000,0.0035388941527321667,1,0
7614.0,281000,0.0035388941527321667,1,0
7614.0,282000,0.0035388941527321667,1,0
7614.0,283000,0.0035388941527321667,1,0
7614.0,284000,0.0035388941527321667,1,0
7614.0,285000,0.0035388941527321667,1,0
7614.0,286000,0.0014750019571522673,1,0
8098.0,0,0.03955204406099277,1,0
8098.0,1000,0.07910408812198554,1,0
8098.0,2000,0.07910408812198554,1,0
8098.0,3000,0.07910408812198554,1,0
8098.0,4000,0.07910408812198554,1,0
8098.0,5000,0.07910408812198554,1,0
8098.0,6000,0.07910408812198554,1,0
8098.0,7000,0.07910408812198554,1,0
8098.0,8000,0.07910408812198554,1,0
8098.0,9000,0.07910408812198554,1,0
8098.0,10000,0.07910408812198554,1,0
8098.0,11000,0.07910408812198554,1,0
8098.0,12000,0.07910408812198554,1,0
8098.0,13000,0.011198898475180782,1,0
8273.0,3000,0.015425364348996353,1,0
8273.0,4000,0.020712617351473922,1,0
8273.0,5000,0.020712617351473922,1,0
8273.0,6000,0.020712617351473922,1,0
8273.0,7000,0.020712617351473922,1,0
8273.0,8000,0.020712617351473922,1,0
8273.0,9000,0.020712617351473922,1,0
8273.0,10000,0.020712617351473922,1,0
8273.0,11000,0.020712617351473922,1,0
8273.0,12000,0.020712617351473922,1,0
8273.0,13000,0.020712617351473922,1,0
8273.0,14000,0.020712617351473922,1,0
8273.0,15000,0.020712617351473922,1,0
8273.0,16000,0.020712617351473922,1,0
8273.0,17000,0.020712617351473922,1,0
8273.0,18000,0.020712617351473922,1,0
8273.0,19000,0.020712617351473922,1,0
8273.0,20000,0.020712617351473922,1,0
8273.0,21000,0.020712617351473922,1,0
8273.0,22000,0.020712617351473922,1,0
8273.0,23000,0.020712617351473922,1,0
8273.0,24000,0.020712617351473922,1,0
8273.0,25000,0.020712617351473922,1,0
8273.0,26000,0.020712617351473922,1,0
8273.0,27000,0.020712617351473922,1,0
8273.0,28000,0.020712617351473922,1,0
8273.0,29000,0.020712617351473922,1,0
8273.0,30000,0.020712617351473922,1,0
8273.0,31000,0.020712617351473922,1,0
8273.0,32000,0.020712617351473922,1,0
8273.0,33000,0.020712617351473922,1,0
8273.0,34000,0.020712617351473922,1,0
8273.0,35000,0.020712617351473922,1,0
8273.0,36000,0.020712617351473922,1,0
8273.0,37000,0.020712617351473922,1,0
8273.0,38000,0.020712617351473922,1,0
8273.0,39000,0.020712617351473922,1,0
8273.0,40000,0.020712617351473922,1,0
8273.0,41000,0.020712617351473922,1,0
8273.0,42000,0.020712617351473922,1,0
8273.0,43000,0.020712617351473922,1,0
8273.0,44000,0.020712617351473922,1,0
8273.0,45000,0.020712617351473922,1,0
8273.0,46000,0.020712617351473922,1,0
8273.0,47000,0.020712617351473922,1,0
8273.0,48000,0.020712617351473922,1,0
8273.0,49000,0.020712617351473922,1,0
8273.0,50000,0.020712617351473922,1,0
8273.0,51000,0.011081620131729399,1,0
9188.0,29000,0.007458610399736104,1,0
9188.0,30000,0.041900689684184665,1,0
9188.0,31000,0.041900689684184665,1,0
9188.0,32000,0.041900689684184665,1,0
9188.0,33000,0.041900689684184665,1,0
9188.0,34000,0.041900689684184665,1,0
9188.0,35000,0.041900689684184665,1,0
9188.0,36000,0.041900689684184665,1,0
9188.0,37000,0.041900689684184665,1,0
9188.0,38000,0.041900689684184665,1,0
9188.0,39000,0.041900689684184665,1,0
9188.0,40000,0.041900689684184665,1,0
9188.0,41000,0.041900689684184665,1,0
9188.0,42000,0.041900689684184665,1,0
9188.0,43000,0.041900689684184665,1,0
9188.0,44000,0.041900689684184665,1,0
9188.0,45000,0.041900689684184665,1,0
9188.0,46000,0.041900689684184665,1,0
9188.0,47000,0.041900689684184665,1,0
9188.0,48000,0.041900689684184665,1,0
9188.0,49000,0.041900689684184665,1,0
9188.0,50000,0.041900689684184665,1,0
9188.0,51000,0.041900689684184665,1,0
9188.0,52000,0.041900689684184665,1,0
9188.0,53000,0.02882552686401664,1,0
9447.0,2000,0.008714400057636061,1,0
9447.0,3000,0.014639573760116193,1,0
9447.0,4000,0.014639573760116193,1,0
9447.0,5000,0.014639573760116193,1,0
9447.0,6000,0.014639573760116193,1,0
9447.0,7000,0.014639573760116193,1,0
9447.0,8000,0.014639573760116193,1,0
9447.0,9000,0.014639573760116193,1,0
9447.0,10000,0.014639573760116193,1,0
9447.0,11000,0.014639573760116193,1,0
9447.0,12000,0.014639573760116193,1,0
9447.0,13000,0.014639573760116193,1,0
9447.0,14000,0.014639573760116193,1,0
9447.0,15000,0.014639573760116193,1,0
9447.0,16000,0.014639573760116193,1,0
9447.0,17000,0.014639573760116193,1,0
9447.0,18000,0.014639573760116193,1,0
9447.0,19000,0.014639573760116193,1,0
9447.0,20000,0.014639573760116193,1,0
9447.0,21000,0.014639573760116193,1,0
9447.0,22000,0.014639573760116193,1,0
9447.0,23000,0.014639573760116193,1,0
9447.0,24000,0.014639573760116193,1,0
9447.0,25000,0.014639573760116193,1,0
9447.0,26000,0.014639573760116193,1,0
9447.0,27000,0.014639573760116193,1,0
9447.0,28000,0.014639573760116193,1,0
9447.0,29000,0.014639573760116193,1,0
9447.0,30000,0.014639573760116193,1,0
9447.0,31000,0.014639573760116193,1,0
9447.0,32000,0.014639573760116193,1,0
9447.0,33000,0.014639573760116193,1,0
9447.0,34000,0.014639573760116193,1,0
9447.0,35000,0.014639573760116193,1,0
9447.0,36000,0.014639573760116193,1,0
9447.0,37000,0.014639573760116193,1,0
9447.0,38000,0.014639573760116193,1,0
9447.0,39000,0.014639573760116193,1,0
9447.0,40000,0.014639573760116193,1,0
9447.0,41000,0.014639573760116193,1,0
9447.0,42000,0.014639573760116193,1,0
9447.0,43000,0.014639573760116193,1,0
9447.0,44000,0.014639573760116193,1,0
9447.0,45000,0.014639573760116193,1,0
9447.0,46000,0.014639573760116193,1,0
9447.0,47000,0.014639573760116193,1,0
9447.0,48000,0.014639573760116193,1,0
9447.0,49000,0.014639573760116193,1,0
9447.0,50000,0.014639573760116193,1,0
9447.0,51000,0.014639573760116193,1,0
9447.0,52000,0.014639573760116193,1,0
9447.0,53000,0.014639573760116193,1,0
9447.0,54000,0.014639573760116193,1,0
9447.0,55000,0.014639573760116193,1,0
9447.0,56000,0.014639573760116193,1,0
9447.0,57000,0.014639573760116193,1,0
9447.0,58000,0.014639573760116193,1,0
9447.0,59000,0.014639573760116193,1,0
9447.0,60000,0.014639573760116193,1,0
9447.0,61000,0.014639573760116193,1,0
9447.0,62000,0.014639573760116193,1,0
9447.0,63000,0.014639573760116193,1,0
9447.0,64000,0.014639573760116193,1,0
9447.0,65000,0.014639573760116193,1,0
9447.0,66000,0.014639573760116193,1,0
9447.0,67000,0.014639573760116193,1,0
9447.0,68000,0.014639573760116193,1,0
9447.0,69000,0.014639573760116193,1,0
9447.0,70000,0.010434158014578997,1,0
10142.0,0,0.03585545268220196,1,0
10142.0,1000,0.07171090536440392,1,0
10142.0,2000,0.07171090536440392,1,0
10142.0,3000,0.07171090536440392,1,0
10142.0,4000,0.07171090536440392,1,0
10142.0,5000,0.07171090536440392,1,0
10142.0,6000,0.07171090536440392,1,0
10142.0,7000,0.07171090536440392,1,0
10142.0,8000,0.07171090536440392,1,0
10142.0,9000,0.07171090536440392,1,0
10142.0,10000,0.07171090536440392,1,0
10142.0,11000,0.07171090536440392,1,0
10142.0,12000,0.07171090536440392,1,0
10142.0,13000,0.07171090536440392,1,0
10142.0,14000,0.031902777580547256,1,0
10331.0,5000,0.07429050348946702,1,0
10331.0,6000,0.09774241761852273,1,0
10331.0,7000,0.09774241761852273,1,0
10331.0,8000,0.09774241761852273,1,0
10331.0,9000,0.09774241761852273,1,0
10331.0,10000,0.09774241761852273,1,0
10331.0,11000,0.09774241761852273,1,0
10331.0,12000,0.09774241761852273,1,0
10331.0,13000,0.09774241761852273,1,0
10331.0,14000,0.09774241761852273,1,0
10331.0,15000,0.04602773794382836,1,0
10890.0,89000,0.002567577818978138,1,0
10890.0,90000,0.005698486721422916,1,0
10890.0,91000,0.005698486721422916,1,0
10890.0,92000,0.005698486721422916,1,0
10890.0,93000,0.005698486721422916,1,0
10890.0,94000,0.005698486721422916,1,0
10890.0,95000,0.005698486721422916,1,0
10890.0,96000,0.005698486721422916,1,0
10890.0,97000,0.005698486721422916,1,0
10890.0,98000,0.005698486721422916,1,0
10890.0,99000,0.005698486721422916,1,0
10890.0,100000,0.005698486721422916,1,0
10890.0,101000,0.005698486721422916,1,0
10890.0,102000,0.005698486721422916,1,0
10890.0,103000,0.005698486721422916,1,0
10890.0,104000,0.005698486721422916,1,0
10890.0,105000,0.005698486721422916,1,0
10890.0,106000,0.005698486721422916,1,0
10890.0,107000,0.005698486721422916,1,0
10890.0,108000,0.005698486721422916,1,0
10890.0,109000,0.005698486721422916,1,0
10890.0,110000,0.005698486721422916,1,0
10890.0,111000,0.005698486721422916,1,0
10890.0,112000,0.005698486721422916,1,0
10890.0,113000,0.005698486721422916,1,0
10890.0,114000,0.005698486721422916,1,0
10890.0,115000,0.005698486721422916,1,0
10890.0,116000,0.005698486721422916,1,0
10890.0,117000,0.005698486721422916,1,0
10890.0,118000,0.005698486721422916,1,0
10890.0,119000,0.005698486721422916,1,0
10890.0,120000,0.005698486721422916,1,0
10890.0,121000,0.005698486721422916,1,0
10890.0,122000,0.005698486721422916,1,0
10890.0,123000,0.005698486721422916,1,0
10890.0,124000,0.005698486721422916,1,0
10890.0,125000,0.005698486721422916,1,0
10890.0,126000,0.005698486721422916,1,0
10890.0,127000,0.005698486721422916,1,0
10890.0,128000,0.005698486721422916,1,0
10890.0,129000,0.005698486721422916,1,0
10890.0,130000,0.005698486721422916,1,0
10890.0,131000,0.005698486721422916,1,0
10890.0,132000,0.005698486721422916,1,0
10890.0,133000,0.005698486721422916,1,0
10890.0,134000,0.005698486721422916,1,0
10890.0,135000,0.005698486721422916,1,0
10890.0,136000,0.005698486721422916,1,0
10890.0,137000,0.005698486721422916,1,0
10890.0,138000,0.005698486721422916,1,0
10890.0,139000,0.005698486721422916,1,0
10890.0,140000,0.005698486721422916,1,0
10890.0,141000,0.005698486721422916,1,0
10890.0,142000,0.005698486721422916,1,0
10890.0,143000,0.005698486721422916,1,0
10890.0,144000,0.005698486721422916,1,0
10890.0,145000,0.005698486721422916,1,0
10890.0,146000,0.005698486721422916,1,0
10890.0,147000,0.005698486721422916,1,0
10890.0,148000,0.005698486721422916,1,0
10890.0,149000,0.005698486721422916,1,0
10890.0,150000,0.005698486721422916,1,0
10890.0,151000,0.005698486721422916,1,0
10890.0,152000,0.005698486721422916,1,0
10890.0,153000,0.005698486721422916,1,0
10890.0,154000,0.005698486721422916,1,0
10890.0,155000,0.005698486721422916,1,0
10890.0,156000,0.005698486721422916,1,0
10890.0,157000,0.005698486721422916,1,0
10890.0,158000,0.005698486721422916,1,0
10890.0,159000,0.005698486721422916,1,0
10890.0,160000,0.005698486721422916,1,0
10890.0,161000,0.005698486721422916,1,0
10890.0,162000,0.005698486721422916,1,0
10890.0,163000,0.005698486721422916,1,0
10890.0,164000,0.005698486721422916,1,0
10890.0,165000,0.005698486721422916,1,0
10890.0,166000,0.005698486721422916,1,0
10890.0,167000,0.005698486721422916,1,0
10890.0,168000,0.005698486721422916,1,0
10890.0,169000,0.005698486721422916,1,0
10890.0,170000,0.005698486721422916,1,0
10890.0,171000,0.005698486721422916,1,0
10890.0,172000,0.005698486721422916,1,0
10890.0,173000,0.005698486721422916,1,0
10890.0,174000,0.005698486721422916,1,0
10890.0,175000,0.005698486721422916,1,0
10890.0,176000,0.005698486721422916,1,0
10890.0,177000,0.005698486721422916,1,0
10890.0,178000,0.005698486721422916,1,0
10890.0,179000,0.005698486721422916,1,0
10890.0,180000,0.005698486721422916,1,0
10890.0,181000,0.005698486721422916,1,0
10890.0,182000,0.005698486721422916,1,0
10890.0,183000,0.005698486721422916,1,0
10890.0,184000,0.005698486721422916,1,0
10890.0,185000,0.005698486721422916,1,0
10890.0,186000,0.005698486721422916,1,0
10890.0,187000,0.005698486721422916,1,0
10890.0,188000,0.005698486721422916,1,0
10890.0,189000,0.005698486721422916,1,0
10890.0,190000,0.005698486721422916,1,0
10890.0,191000,0.005698486721422916,1,0
10890.0,192000,0.005698486721422916,1,0
10890.0,193000,0.005698486721422916,1,0
10890.0,194000,0.005698486721422916,1,0
10890.0,195000,0.005698486721422916,1,0
10890.0,196000,0.005698486721422916,1,0
10890.0,197000,0.005698486721422916,1,0
10890.0,198000,0.005698486721422916,1,0
10890.0,199000,0.005698486721422916,1,0
10890.0,200000,0.005698486721422916,1,0
10890.0,201000,0.005698486721422916,1,0
10890.0,202000,0.005698486721422916,1,0
10890.0,203000,0.005698486721422916,1,0
10890.0,204000,0.005698486721422916,1,0
10890.0,205000,0.005698486721422916,1,0
10890.0,206000,0.005698486721422916,1,0
10890.0,207000,0.005698486721422916,1,0
10890.0,208000,0.005698486721422916,1,0
10890.0,209000,0.005698486721422916,1,0
10890.0,210000,0.005698486721422916,1,0
10890.0,211000,0.005698486721422916,1,0
10890.0,212000,0.005698486721422916,1,0
10890.0,213000,0.005698486721422916,1,0
10890.0,214000,0.005698486721422916,1,0
10890.0,215000,0.005698486721422916,1,0
10890.0,216000,0.005698486721422916,1,0
10890.0,217000,0.005698486721422916,1,0
10890.0,218000,0.005698486721422916,1,0
10890.0,219000,0.005698486721422916,1,0
10890.0,220000,0.005698486721422916,1,0
10890.0,221000,0.005698486721422916,1,0
10890.0,222000,0.005698486721422916,1,0
10890.0,223000,0.005698486721422916,1,0
10890.0,224000,0.005698486721422916,1,0
10890.0,225000,0.005698486721422916,1,0
10890.0,226000,0.005698486721422916,1,0
10890.0,227000,0.005698486721422916,1,0
10890.0,228000,0.005698486721422916,1,0
10890.0,229000,0.005698486721422916,1,0
10890.0,230000,0.005698486721422916,1,0
10890.0,231000,0.005698486721422916,1,0
10890.0,232000,0.005698486721422916,1,0
10890.0,233000,0.005698486721422916,1,0
10890.0,234000,0.005698486721422916,1,0
10890.0,235000,0.005698486721422916,1,0
10890.0,236000,0.005698486721422916,1,0
10890.0,237000,0.005698486721422916,1,0
10890.0,238000,0.005698486721422916,1,0
10890.0,239000,0.005698486721422916,1,0
10890.0,240000,0.005698486721422916,1,0
10890.0,241000,0.005698486721422916,1,0
10890.0,242000,0.005698486721422916,1,0
10890.0,243000,0.005698486721422916,1,0
10890.0,244000,0.005698486721422916,1,0
10890.0,245000,0.005698486721422916,1,0
10890.0,246000,0.005698486721422916,1,0
10890.0,247000,0.005698486721422916,1,0
10890.0,248000,0.005698486721422916,1,0
10890.0,249000,0.005698486721422916,1,0
10890.0,250000,0.005698486721422916,1,0
10890.0,251000,0.005698486721422916,1,0
10890.0,252000,0.005698486721422916,1,0
10890.0,253000,0.005698486721422916,1,0
10890.0,254000,0.005698486721422916,1,0
10890.0,255000,0.005698486721422916,1,0
10890.0,256000,0.005698486721422916,1,0
10890.0,257000,0.005698486721422916,1,0
10890.0,258000,0.005698486721422916,1,0
10890.0,259000,0.005698486721422916,1,0
10890.0,260000,0.005698486721422916,1,0
10890.0,261000,0.005698486721422916,1,0
10890.0,262000,0.005698486721422916,1,0
10890.0,263000,0.005698486721422916,1,0
10890.0,264000,0.005698486721422916,1,0
10890.0,265000,0.00019724593201154894,1,0
11002.0,0,0.0691247584053527,1,0
11002.0,1000,0.1382495168107054,1,0
11002.0,2000,0.1382495168107054,1,0
11002.0,3000,0.1382495168107054,1,0
11002.0,4000,0.1382495168107054,1,0
11002.0,5000,0.1382495168107054,1,0
11002.0,6000,0.1382495168107054,1,0
11002.0,7000,0.10137814073041497,1,0
11225.0,17000,0.0035290807751086027,1,0
11225.0,18000,0.027541394517121377,1,0
11225.0,19000,0.027541394517121377,1,0
11225.0,20000,0.027541394517121377,1,0
11225.0,21000,0.027541394517121377,1,0
11225.0,22000,0.027541394517121377,1,0
11225.0,23000,0.027541394517121377,1,0
11225.0,24000,0.027541394517121377,1,0
11225.0,25000,0.027541394517121377,1,0
11225.0,26000,0.027541394517121377,1,0
11225.0,27000,0.027541394517121377,1,0
11225.0,28000,0.027541394517121377,1,0
11225.0,29000,0.027541394517121377,1,0
11225.0,30000,0.027541394517121377,1,0
11225.0,31000,0.027541394517121377,1,0
11225.0,32000,0.027541394517121377,1,0
11225.0,33000,0.027541394517121377,1,0
11225.0,34000,0.027541394517121377,1,0
11225.0,35000,0.027541394517121377,1,0
11225.0,36000,0.027541394517121377,1,0
11225.0,37000,0.027541394517121377,1,0
11225.0,38000,0.027541394517121377,1,0
11225.0,39000,0.027541394517121377,1,0
11225.0,40000,0.027541394517121377,1,0
11225.0,41000,0.027541394517121377,1,0
11225.0,42000,0.027541394517121377,1,0
11225.0,43000,0.027541394517121377,1,0
11225.0,44000,0.027541394517121377,1,0
11225.0,45000,0.027541394517121377,1,0
11225.0,46000,0.027541394517121377,1,0
11225.0,47000,0.027541394517121377,1,0
11225.0,48000,0.027541394517121377,1,0
11225.0,49000,0.027541394517121377,1,0
11225.0,50000,0.027541394517121377,1,0
11225.0,51000,0.027541394517121377,1,0
11225.0,52000,0.027541394517121377,1,0
11225.0,53000,0.027541394517121377,1,0
11225.0,54000,0.004980716608521805,1,0
11345.0,17000,0.0035290807751086027,1,0
11345.0,18000,0.027541394517121377,1,0
11345.0,19000,0.027541394517121377,1,0
11345.0,20000,0.027541394517121377,1,0
11345.0,21000,0.027541394517121377,1,0
11345.0,22000,0.027541394517121377,1,0
11345.0,23000,0.027541394517121377,1,0
11345.0,24000,0.027541394517121377,1,0
11345.0,25000,0.027541394517121377,1,0
11345.0,26000,0.027541394517121377,1,0
11345.0,27000,0.027541394517121377,1,0
11345.0,28000,0.027541394517121377,1,0
11345.0,29000,0.027541394517121377,1,0
11345.0,30000,0.027541394517121377,1,0
11345.0,31000,0.027541394517121377,1,0
11345.0,32000,0.027541394517121377,1,0
11345.0,33000,0.027541394517121377,1,0
11345.0,34000,0.027541394517121377,1,0
11345.0,35000,0.027541394517121377,1,0
11345.0,36000,0.027541394517121377,1,0
11345.0,37000,0.027541394517121377,1,0
11345.0,38000,0.027541394517121377,1,0
11345.0,39000,0.027541394517121377,1,0
11345.0,40000,0.027541394517121377,1,0
11345.0,41000,0.027541394517121377,1,0
11345.0,42000,0.027541394517121377,1,0
11345.0,43000,0.027541394517121377,1,0
11345.0,44000,0.027541394517121377,1,0
11345.0,45000,0.027541394517121377,1,0
11345.0,46000,0.027541394517121377,1,0
11345.0,47000,0.027541394517121377,1,0
11345.0,48000,0.027541394517121377,1,0
11345.0,49000,0.027541394517121377,1,0
11345.0,50000,0.027541394517121377,1,0
11345.0,51000,0.027541394517121377,1,0
11345.0,52000,0.027541394517121377,1,0
11345.0,53000,0.027541394517121377,1,0
11345.0,54000,0.004980716608521805,1,0
11381.0,7000,0.08745212603082901,1,0
11381.0,8000,0.14159267740134365,1,0
11381.0,9000,0.14159267740134365,1,0
11381.0,10000,0.14159267740134365,1,0
11381.0,11000,0.14159267740134365,1,0
11381.0,12000,0.14159267740134365,1,0
11381.0,13000,0.14159267740134365,1,0
11381.0,14000,0.06299180956110907,1,0
11448.0,54000,0.005949290656131662,1,0
11448.0,55000,0.007262714432667369,1,0
11448.0,56000,0.007262714432667369,1,0
11448.0,57000,0.007262714432667369,1,0
11448.0,58000,0.007262714432667369,1,0
11448.0,59000,0.007262714432667369,1,0
11448.0,60000,0.007262714432667369,1,0
11448.0,61000,0.007262714432667369,1,0
11448.0,62000,0.007262714432667369,1,0
11448.0,63000,0.007262714432667369,1,0
11448.0,64000,0.007262714432667369,1,0
11448.0,65000,0.007262714432667369,1,0
11448.0,66000,0.007262714432667369,1,0
11448.0,67000,0.007262714432667369,1,0
11448.0,68000,0.007262714432667369,1,0
11448.0,69000,0.007262714432667369,1,0
11448.0,70000,0.007262714432667369,1,0
11448.0,71000,0.007262714432667369,1,0
11448.0,72000,0.007262714432667369,1,0
11448.0,73000,0.007262714432667369,1,0
11448.0,74000,0.007262714432667369,1,0
11448.0,75000,0.007262714432667369,1,0
11448.0,76000,0.007262714432667369,1,0
11448.0,77000,0.007262714432667369,1,0
11448.0,78000,0.007262714432667369,1,0
11448.0,79000,0.007262714432667369,1,0
11448.0,80000,0.007262714432667369,1,0
11448.0,81000,0.007262714432667369,1,0
11448.0,82000,0.007262714432667369,1,0
11448.0,83000,0.007262714432667369,1,0
11448.0,84000,0.007262714432667369,1,0
11448.0,85000,0.007262714432667369,1,0
11448.0,86000,0.007262714432667369,1,0
11448.0,87000,0.007262714432667369,1,0
11448.0,88000,0.007262714432667369,1,0
11448.0,89000,0.007262714432667369,1,0
11448.0,90000,0.007262714432667369,1,0
11448.0,91000,0.007262714432667369,1,0
11448.0,92000,0.007262714432667369,1,0
11448.0,93000,0.007262714432667369,1,0
11448.0,94000,0.007262714432667369,1,0
11448.0,95000,0.007262714432667369,1,0
11448.0,96000,0.007262714432667369,1,0
11448.0,97000,0.007262714432667369,1,0
11448.0,98000,0.007262714432667369,1,0
11448.0,99000,0.007262714432667369,1,0
11448.0,100000,0.007262714432667369,1,0
11448.0,101000,0.007262714432667369,1,0
11448.0,102000,0.007262714432667369,1,0
11448.0,103000,0.007262714432667369,1,0
11448.0,104000,0.007262714432667369,1,0
11448.0,105000,0.007262714432667369,1,0
11448.0,106000,0.007262714432667369,1,0
11448.0,107000,0.007262714432667369,1,0
11448.0,108000,0.007262714432667369,1,0
11448.0,109000,0.007262714432667369,1,0
11448.0,110000,0.007262714432667369,1,0
11448.0,111000,0.007262714432667369,1,0
11448.0,112000,0.007262714432667369,1,0
11448.0,113000,0.007262714432667369,1,0
11448.0,114000,0.007262714432667369,1,0
11448.0,115000,0.007262714432667369,1,0
11448.0,116000,0.007262714432667369,1,0
11448.0,117000,0.007262714432667369,1,0
11448.0,118000,0.007262714432667369,1,0
11448.0,119000,0.007262714432667369,1,0
11448.0,120000,0.007262714432667369,1,0
11448.0,121000,0.007262714432667369,1,0
11448.0,122000,0.007262714432667369,1,0
11448.0,123000,0.007262714432667369,1,0
11448.0,124000,0.007262714432667369,1,0
11448.0,125000,0.007262714432667369,1,0
11448.0,126000,0.007262714432667369,1,0
11448.0,127000,0.007262714432667369,1,0
11448.0,128000,0.007262714432667369,1,0
11448.0,129000,0.007262714432667369,1,0
11448.0,130000,0.007262714432667369,1,0
11448.0,131000,0.007262714432667369,1,0
11448.0,132000,0.007262714432667369,1,0
11448.0,133000,0.007262714432667369,1,0
11448.0,134000,0.007262714432667369,1,0
11448.0,135000,0.007262714432667369,1,0
11448.0,136000,0.007262714432667369,1,0
11448.0,137000,0.007262714432667369,1,0
11448.0,138000,0.007262714432667369,1,0
11448.0,139000,0.007262714432667369,1,0
11448.0,140000,0.007262714432667369,1,0
11448.0,141000,0.007262714432667369,1,0
11448.0,142000,0.007262714432667369,1,0
11448.0,143000,0.007262714432667369,1,0
11448.0,144000,0.007262714432667369,1,0
11448.0,145000,0.007262714432667369,1,0
11448.0,146000,0.007262714432667369,1,0
11448.0,147000,0.007262714432667369,1,0
11448.0,148000,0.007262714432667369,1,0
11448.0,149000,0.007262714432667369,1,0
11448.0,150000,0.007262714432667369,1,0
11448.0,151000,0.007262714432667369,1,0
11448.0,152000,0.007262714432667369,1,0
11448.0,153000,0.007262714432667369,1,0
11448.0,154000,0.007262714432667369,1,0
11448.0,155000,0.007262714432667369,1,0
11448.0,156000,0.007262714432667369,1,0
11448.0,157000,0.007262714432667369,1,0
11448.0,158000,0.007262714432667369,1,0
11448.0,159000,0.007262714432667369,1,0
11448.0,160000,0.007262714432667369,1,0
11448.0,161000,0.007262714432667369,1,0
11448.0,162000,0.007262714432667369,1,0
11448.0,163000,0.007262714432667369,1,0
11448.0,164000,0.007262714432667369,1,0
11448.0,165000,0.007262714432667369,1,0
11448.0,166000,0.007262714432667369,1,0
11448.0,167000,0.007262714432667369,1,0
11448.0,168000,0.007262714432667369,1,0
11448.0,169000,0.007262714432667369,1,0
11448.0,170000,0.007262714432667369,1,0
11448.0,171000,0.007262714432667369,1,0
11448.0,172000,0.007262714432667369,1,0
11448.0,173000,0.007262714432667369,1,0
11448.0,174000,0.007262714432667369,1,0
11448.0,175000,0.007262714432667369,1,0
11448.0,176000,0.007262714432667369,1,0
11448.0,177000,0.007262714432667369,1,0
11448.0,178000,0.007262714432667369,1,0
11448.0,179000,0.007262714432667369,1,0
11448.0,180000,0.007262714432667369,1,0
11448.0,181000,0.007262714432667369,1,0
11448.0,182000,0.007262714432667369,1,0
11448.0,183000,0.007262714432667369,1,0
11448.0,184000,0.007262714432667369,1,0
11448.0,185000,0.007262714432667369,1,0
11448.0,186000,0.007262714432667369,1,0
11448.0,187000,0.007262714432667369,1,0
11448.0,188000,0.007262714432667369,1,0
11448.0,189000,0.007262714432667369,1,0
11448.0,190000,0.007262714432667369,1,0
11448.0,191000,0.006321546501106137,1,0
11476.0,1000,0.07163042040061551,1,0
11476.0,2000,0.10114904420622282,1,0
11476.0,3000,0.10114904420622282,1,0
11476.0,4000,0.10114904420622282,1,0
11476.0,5000,0.10114904420622282,1,0
11476.0,6000,0.10114904420622282,1,0
11476.0,7000,0.10114904420622282,1,0
11476.0,8000,0.10114904420622282,1,0
11476.0,9000,0.10114904420622282,1,0
11476.0,10000,0.10114904420622282,1,0
11476.0,11000,0.01802818174337916,1,0
12251.0,7000,0.08745212603082901,1,0
12251.0,8000,0.14159267740134365,1,0
12251.0,9000,0.14159267740134365,1,0
12251.0,10000,0.14159267740134365,1,0
12251.0,11000,0.14159267740134365,1,0
12251.0,12000,0.14159267740134365,1,0
12251.0,13000,0.14159267740134365,1,0
12251.0,14000,0.06299180956110907,1,0
12302.0,54000,0.0035361442494036823,1,0
12302.0,55000,0.004316818148676024,1,0
12302.0,56000,0.004316818148676024,1,0
12302.0,57000,0.004316818148676024,1,0
12302.0,58000,0.004316818148676024,1,0
12302.0,59000,0.004316818148676024,1,0
12302.0,60000,0.004316818148676024,1,0
12302.0,61000,0.004316818148676024,1,0
12302.0,62000,0.004316818148676024,1,0
12302.0,63000,0.004316818148676024,1,0
12302.0,64000,0.004316818148676024,1,0
12302.0,65000,0.004316818148676024,1,0
12302.0,66000,0.004316818148676024,1,0
12302.0,67000,0.004316818148676024,1,0
12302.0,68000,0.004316818148676024,1,0
12302.0,69000,0.004316818148676024,1,0
12302.0,70000,0.004316818148676024,1,0
12302.0,71000,0.004316818148676024,1,0
12302.0,72000,0.004316818148676024,1,0
12302.0,73000,0.004316818148676024,1,0
12302.0,74000,0.004316818148676024,1,0
12302.0,75000,0.004316818148676024,1,0
12302.0,76000,0.004316818148676024,1,0
12302.0,77000,0.004316818148676024,1,0
12302.0,78000,0.004316818148676024,1,0
12302.0,79000,0.004316818148676024,1,0
12302.0,80000,0.004316818148676024,1,0
12302.0,81000,0.004316818148676024,1,0
12302.0,82000,0.004316818148676024,1,0
12302.0,83000,0.004316818148676024,1,0
12302.0,84000,0.004316818148676024,1,0
12302.0,85000,0.004316818148676024,1,0
12302.0,86000,0.004316818148676024,1,0
12302.0,87000,0.004316818148676024,1,0
12302.0,88000,0.004316818148676024,1,0
12302.0,89000,0.004316818148676024,1,0
12302.0,90000,0.004316818148676024,1,0
12302.0,91000,0.004316818148676024,1,0
12302.0,92000,0.004316818148676024,1,0
12302.0,93000,0.004316818148676024,1,0
12302.0,94000,0.004316818148676024,1,0
12302.0,95000,0.004316818148676024,1,0
12302.0,96000,0.004316818148676024,1,0
12302.0,97000,0.004316818148676024,1,0
12302.0,98000,0.004316818148676024,1,0
12302.0,99000,0.004316818148676024,1,0
12302.0,100000,0.004316818148676024,1,0
12302.0,101000,0.004316818148676024,1,0
12302.0,102000,0.004316818148676024,1,0
12302.0,103000,0.004316818148676024,1,0
12302.0,104000,0.004316818148676024,1,0
12302.0,105000,0.004316818148676024,1,0
12302.0,106000,0.004316818148676024,1,0
12302.0,107000,0.004316818148676024,1,0
12302.0,108000,0.004316818148676024,1,0
12302.0,109000,0.004316818148676024,1,0
12302.0,110000,0.004316818148676024,1,0
12302.0,111000,0.004316818148676024,1,0
12302.0,112000,0.004316818148676024,1,0
12302.0,113000,0.004316818148676024,1,0
12302.0,114000,0.004316818148676024,1,0
12302.0,115000,0.004316818148676024,1,0
12302.0,116000,0.004316818148676024,1,0
12302.0,117000,0.004316818148676024,1,0
12302.0,118000,0.004316818148676024,1,0
12302.0,119000,0.004316818148676024,1,0
12302.0,120000,0.004316818148676024,1,0
12302.0,121000,0.004316818148676024,1,0
12302.0,122000,0.004316818148676024,1,0
12302.0,123000,0.004316818148676024,1,0
12302.0,124000,0.004316818148676024,1,0
12302.0,125000,0.004316818148676024,1,0
12302.0,126000,0.004316818148676024,1,0
12302.0,127000,0.004316818148676024,1,0
12302.0,128000,0.004316818148676024,1,0
12302.0,129000,0.004316818148676024,1,0
12302.0,130000,0.004316818148676024,1,0
12302.0,131000,0.004316818148676024,1,0
12302.0,132000,0.004316818148676024,1,0
12302.0,133000,0.004316818148676024,1,0
12302.0,134000,0.004316818148676024,1,0
12302.0,135000,0.004316818148676024,1,0
12302.0,136000,0.004316818148676024,1,0
12302.0,137000,0.004316818148676024,1,0
12302.0,138000,0.004316818148676024,1,0
12302.0,139000,0.004316818148676024,1,0
12302.0,140000,0.004316818148676024,1,0
12302.0,141000,0.004316818148676024,1,0
12302.0,142000,0.004316818148676024,1,0
12302.0,143000,0.004316818148676024,1,0
12302.0,144000,0.004316818148676024,1,0
12302.0,145000,0.004316818148676024,1,0
12302.0,146000,0.004316818148676024,1,0
12302.0,147000,0.004316818148676024,1,0
12302.0,148000,0.004316818148676024,1,0
12302.0,149000,0.004316818148676024,1,0
12302.0,150000,0.004316818148676024,1,0
12302.0,151000,0.004316818148676024,1,0
12302.0,152000,0.004316818148676024,1,0
12302.0,153000,0.004316818148676024,1,0
12302.0,154000,0.004316818148676024,1,0
12302.0,155000,0.004316818148676024,1,0
12302.0,156000,0.004316818148676024,1,0
12302.0,157000,0.004316818148676024,1,0
12302.0,158000,0.004316818148676024,1,0
12302.0,159000,0.004316818148676024,1,0
12302.0,160000,0.004316818148676024,1,0
12302.0,161000,0.004316818148676024,1,0
12302.0,162000,0.004316818148676024,1,0
12302.0,163000,0.004316818148676024,1,0
12302.0,164000,0.004316818148676024,1,0
12302.0,165000,0.004316818148676024,1,0
12302.0,166000,0.004316818148676024,1,0
12302.0,167000,0.004316818148676024,1,0
12302.0,168000,0.004316818148676024,1,0
12302.0,169000,0.004316818148676024,1,0
12302.0,170000,0.004316818148676024,1,0
12302.0,171000,0.004316818148676024,1,0
12302.0,172000,0.004316818148676024,1,0
12302.0,173000,0.004316818148676024,1,0
12302.0,174000,0.004316818148676024,1,0
12302.0,175000,0.004316818148676024,1,0
12302.0,176000,0.004316818148676024,1,0
12302.0,177000,0.004316818148676024,1,0
12302.0,178000,0.004316818148676024,1,0
12302.0,179000,0.004316818148676024,1,0
12302.0,180000,0.004316818148676024,1,0
12302.0,181000,0.004316818148676024,1,0
12302.0,182000,0.004316818148676024,1,0
12302.0,183000,0.004316818148676024,1,0
12302.0,184000,0.004316818148676024,1,0
12302.0,185000,0.004316818148676024,1,0
12302.0,186000,0.004316818148676024,1,0
12302.0,187000,0.004316818148676024,1,0
12302.0,188000,0.004316818148676024,1,0
12302.0,189000,0.004316818148676024,1,0
12302.0,190000,0.004316818148676024,1,0
12302.0,191000,0.004316818148676024,1,0
12302.0,192000,0.004316818148676024,1,0
12302.0,193000,0.004316818148676024,1,0
12302.0,194000,0.004316818148676024,1,0
12302.0,195000,0.004316818148676024,1,0
12302.0,196000,0.004316818148676024,1,0
12302.0,197000,0.004316818148676024,1,0
12302.0,198000,0.004316818148676024,1,0
12302.0,199000,0.004316818148676024,1,0
12302.0,200000,0.004316818148676024,1,0
12302.0,201000,0.004316818148676024,1,0
12302.0,202000,0.004316818148676024,1,0
12302.0,203000,0.004316818148676024,1,0
12302.0,204000,0.004316818148676024,1,0
12302.0,205000,0.004316818148676024,1,0
12302.0,206000,0.004316818148676024,1,0
12302.0,207000,0.004316818148676024,1,0
12302.0,208000,0.004316818148676024,1,0
12302.0,209000,0.004316818148676024,1,0
12302.0,210000,0.004316818148676024,1,0
12302.0,211000,0.004316818148676024,1,0
12302.0,212000,0.004316818148676024,1,0
12302.0,213000,0.004316818148676024,1,0
12302.0,214000,0.004316818148676024,1,0
12302.0,215000,0.004316818148676024,1,0
12302.0,216000,0.004316818148676024,1,0
12302.0,217000,0.004316818148676024,1,0
12302.0,218000,0.004316818148676024,1,0
12302.0,219000,0.004316818148676024,1,0
12302.0,220000,0.004316818148676024,1,0
12302.0,221000,0.004316818148676024,1,0
12302.0,222000,0.004316818148676024,1,0
12302.0,223000,0.004316818148676024,1,0
12302.0,224000,0.004316818148676024,1,0
12302.0,225000,0.004316818148676024,1,0
12302.0,226000,0.004316818148676024,1,0
12302.0,227000,0.004316818148676024,1,0
12302.0,228000,0.004316818148676024,1,0
12302.0,229000,0.004316818148676024,1,0
12302.0,230000,0.004316818148676024,1,0
12302.0,231000,0.004316818148676024,1,0
12302.0,232000,0.004316818148676024,1,0
12302.0,233000,0.004316818148676024,1,0
12302.0,234000,0.004316818148676024,1,0
12302.0,235000,0.004316818148676024,1,0
12302.0,236000,0.004316818148676024,1,0
12302.0,237000,0.004316818148676024,1,0
12302.0,238000,0.004316818148676024,1,0
12302.0,239000,0.004316818148676024,1,0
12302.0,240000,0.004316818148676024,1,0
12302.0,241000,0.004316818148676024,1,0
12302.0,242000,0.004316818148676024,1,0
12302.0,243000,0.004316818148676024,1,0
12302.0,244000,0.004316818148676024,1,0
12302.0,245000,0.004316818148676024,1,0
12302.0,246000,0.004316818148676024,1,0
12302.0,247000,0.004316818148676024,1,0
12302.0,248000,0.004316818148676024,1,0
12302.0,249000,0.004316818148676024,1,0
12302.0,250000,0.004316818148676024,1,0
12302.0,251000,0.004316818148676024,1,0
12302.0,252000,0.004316818148676024,1,0
12302.0,253000,0.004316818148676024,1,0
12302.0,254000,0.004316818148676024,1,0
12302.0,255000,0.004316818148676024,1,0
12302.0,256000,0.004316818148676024,1,0
12302.0,257000,0.004316818148676024,1,0
12302.0,258000,0.004316818148676024,1,0
12302.0,259000,0.004316818148676024,1,0
12302.0,260000,0.004316818148676024,1,0
12302.0,261000,0.004316818148676024,1,0
12302.0,262000,0.004316818148676024,1,0
12302.0,263000,0.004316818148676024,1,0
12302.0,264000,0.004316818148676024,1,0
12302.0,265000,0.004316818148676024,1,0
12302.0,266000,0.004316818148676024,1,0
12302.0,267000,0.004316818148676024,1,0
12302.0,268000,0.004316818148676024,1,0
12302.0,269000,0.004316818148676024,1,0
12302.0,270000,0.004316818148676024,1,0
12302.0,271000,0.004316818148676024,1,0
12302.0,272000,0.004316818148676024,1,0
12302.0,273000,0.004316818148676024,1,0
12302.0,274000,0.004316818148676024,1,0
12302.0,275000,0.004316818148676024,1,0
12302.0,276000,0.004316818148676024,1,0
12302.0,277000,0.004316818148676024,1,0
12302.0,278000,0.004316818148676024,1,0
12302.0,279000,0.004316818148676024,1,0
12302.0,280000,0.004316818148676024,1,0
12302.0,281000,0.004316818148676024,1,0
12302.0,282000,0.004316818148676024,1,0
12302.0,283000,0.004316818148676024,1,0
12302.0,284000,0.004316818148676024,1,0
12302.0,285000,0.003595681555110769,1,0
13460.0,20000,0.0007590910661932626,1,0
13460.0,21000,0.007154292694362606,1,0
13460.0,22000,0.007154292694362606,1,0
13460.0,23000,0.007154292694362606,1,0
13460.0,24000,0.007154292694362606,1,0
13460.0,25000,0.007154292694362606,1,0
13460.0,26000,0.007154292694362606,1,0
13460.0,27000,0.007154292694362606,1,0
13460.0,28000,0.007154292694362606,1,0
13460.0,29000,0.007154292694362606,1,0
13460.0,30000,0.007154292694362606,1,0
13460.0,31000,0.007154292694362606,1,0
13460.0,32000,0.007154292694362606,1,0
13460.0,33000,0.007154292694362606,1,0
13460.0,34000,0.007154292694362606,1,0
13460.0,35000,0.007154292694362606,1,0
13460.0,36000,0.007154292694362606,1,0
13460.0,37000,0.007154292694362606,1,0
13460.0,38000,0.007154292694362606,1,0
13460.0,39000,0.007154292694362606,1,0
13460.0,40000,0.007154292694362606,1,0
13460.0,41000,0.007154292694362606,1,0
13460.0,42000,0.007154292694362606,1,0
13460.0,43000,0.007154292694362606,1,0
13460.0,44000,0.007154292694362606,1,0
13460.0,45000,0.007154292694362606,1,0
13460.0,46000,0.007154292694362606,1,0
13460.0,47000,0.007154292694362606,1,0
13460.0,48000,0.007154292694362606,1,0
13460.0,49000,0.007154292694362606,1,0
13460.0,50000,0.007154292694362606,1,0
13460.0,51000,0.007154292694362606,1,0
13460.0,52000,0.007154292694362606,1,0
13460.0,53000,0.007154292694362606,1,0
13460.0,54000,0.007154292694362606,1,0
13460.0,55000,0.007154292694362606,1,0
13460.0,56000,0.007154292694362606,1,0
13460.0,57000,0.007154292694362606,1,0
13460.0,58000,0.007154292694362606,1,0
13460.0,59000,0.007154292694362606,1,0
13460.0,60000,0.007154292694362606,1,0
13460.0,61000,0.007154292694362606,1,0
13460.0,62000,0.007154292694362606,1,0
13460.0,63000,0.007154292694362606,1,0
13460.0,64000,0.007154292694362606,1,0
13460.0,65000,0.007154292694362606,1,0
13460.0,66000,0.007154292694362606,1,0
13460.0,67000,0.007154292694362606,1,0
13460.0,68000,0.007154292694362606,1,0
13460.0,69000,0.007154292694362606,1,0
13460.0,70000,0.007154292694362606,1,0
13460.0,71000,0.007154292694362606,1,0
13460.0,72000,0.007154292694362606,1,0
13460.0,73000,0.007154292694362606,1,0
13460.0,74000,0.007154292694362606,1,0
13460.0,75000,0.007154292694362606,1,0
13460.0,76000,0.007154292694362606,1,0
13460.0,77000,0.007154292694362606,1,0
13460.0,78000,0.007154292694362606,1,0
13460.0,79000,0.007154292694362606,1,0
13460.0,80000,0.007154292694362606,1,0
13460.0,81000,0.007154292694362606,1,0
13460.0,82000,0.007154292694362606,1,0
13460.0,83000,0.007154292694362606,1,0
13460.0,84000,0.007154292694362606,1,0
13460.0,85000,0.007154292694362606,1,0
13460.0,86000,0.007154292694362606,1,0
13460.0,87000,0.007154292694362606,1,0
13460.0,88000,0.007154292694362606,1,0
13460.0,89000,0.007154292694362606,1,0
13460.0,90000,0.007154292694362606,1,0
13460.0,91000,0.007154292694362606,1,0
13460.0,92000,0.007154292694362606,1,0
13460.0,93000,0.007154292694362606,1,0
13460.0,94000,0.007154292694362606,1,0
13460.0,95000,0.007154292694362606,1,0
13460.0,96000,0.007154292694362606,1,0
13460.0,97000,0.007154292694362606,1,0
13460.0,98000,0.007154292694362606,1,0
13460.0,99000,0.007154292694362606,1,0
13460.0,100000,0.007154292694362606,1,0
13460.0,101000,0.007154292694362606,1,0
13460.0,102000,0.007154292694362606,1,0
13460.0,103000,0.007154292694362606,1,0
13460.0,104000,0.007154292694362606,1,0
13460.0,105000,0.007154292694362606,1,0
13460.0,106000,0.007154292694362606,1,0
13460.0,107000,0.007154292694362606,1,0
13460.0,108000,0.007154292694362606,1,0
13460.0,109000,0.007154292694362606,1,0
13460.0,110000,0.007154292694362606,1,0
13460.0,111000,0.007154292694362606,1,0
13460.0,112000,0.007154292694362606,1,0
13460.0,113000,0.007154292694362606,1,0
13460.0,114000,0.007154292694362606,1,0
13460.0,115000,0.007154292694362606,1,0
13460.0,116000,0.007154292694362606,1,0
13460.0,117000,0.007154292694362606,1,0
13460.0,118000,0.007154292694362606,1,0
13460.0,119000,0.007154292694362606,1,0
13460.0,120000,0.007154292694362606,1,0
13460.0,121000,0.007154292694362606,1,0
13460.0,122000,0.007154292694362606,1,0
13460.0,123000,0.007154292694362606,1,0
13460.0,124000,0.007154292694362606,1,0
13460.0,125000,0.007154292694362606,1,0
13460.0,126000,0.007154292694362606,1,0
13460.0,127000,0.007154292694362606,1,0
13460.0,128000,0.007154292694362606,1,0
13460.0,129000,0.007154292694362606,1,0
13460.0,130000,0.007154292694362606,1,0
13460.0,131000,0.007154292694362606,1,0
13460.0,132000,0.007154292694362606,1,0
13460.0,133000,0.007154292694362606,1,0
13460.0,134000,0.007154292694362606,1,0
13460.0,135000,0.007154292694362606,1,0
13460.0,136000,0.007154292694362606,1,0
13460.0,137000,0.007154292694362606,1,0
13460.0,138000,0.007154292694362606,1,0
13460.0,139000,0.007154292694362606,1,0
13460.0,140000,0.007154292694362606,1,0
13460.0,141000,0.007154292694362606,1,0
13460.0,142000,0.007154292694362606,1,0
13460.0,143000,0.007154292694362606,1,0
13460.0,144000,0.007154292694362606,1,0
13460.0,145000,0.007154292694362606,1,0
13460.0,146000,0.007154292694362606,1,0
13460.0,147000,0.007154292694362606,1,0
13460.0,148000,0.007154292694362606,1,0
13460.0,149000,0.007154292694362606,1,0
13460.0,150000,0.007154292694362606,1,0
13460.0,151000,0.007154292694362606,1,0
13460.0,152000,0.007154292694362606,1,0
13460.0,153000,0.007154292694362606,1,0
13460.0,154000,0.007154292694362606,1,0
13460.0,155000,0.007154292694362606,1,0
13460.0,156000,0.007154292694362606,1,0
13460.0,157000,0.007154292694362606,1,0
13460.0,158000,0.007154292694362606,1,0
13460.0,159000,0.007154292694362606,1,0
13460.0,160000,0.004794224417404516,1,0
13886.0,20000,0.0002959289434544499,1,0
13886.0,21000,0.002789075477892124,1,0
13886.0,22000,0.002789075477892124,1,0
13886.0,23000,0.002789075477892124,1,0
13886.0,24000,0.002789075477892124,1,0
13886.0,25000,0.002789075477892124,1,0
13886.0,26000,0.002789075477892124,1,0
13886.0,27000,0.002789075477892124,1,0
13886.0,28000,0.002789075477892124,1,0
13886.0,29000,0.002789075477892124,1,0
13886.0,30000,0.002789075477892124,1,0
13886.0,31000,0.002789075477892124,1,0
13886.0,32000,0.002789075477892124,1,0
13886.0,33000,0.002789075477892124,1,0
13886.0,34000,0.002789075477892124,1,0
13886.0,35000,0.002789075477892124,1,0
13886.0,36000,0.002789075477892124,1,0
13886.0,37000,0.002789075477892124,1,0
13886.0,38000,0.002789075477892124,1,0
13886.0,39000,0.002789075477892124,1,0
13886.0,40000,0.002789075477892124,1,0
13886.0,41000,0.002789075477892124,1,0
13886.0,42000,0.002789075477892124,1,0
13886.0,43000,0.002789075477892124,1,0
13886.0,44000,0.002789075477892124,1,0
13886.0,45000,0.002789075477892124,1,0
13886.0,46000,0.002789075477892124,1,0
13886.0,47000,0.002789075477892124,1,0
13886.0,48000,0.002789075477892124,1,0
13886.0,49000,0.002789075477892124,1,0
13886.0,50000,0.002789075477892124,1,0
13886.0,51000,0.002789075477892124,1,0
13886.0,52000,0.002789075477892124,1,0
13886.0,53000,0.002789075477892124,1,0
13886.0,54000,0.002789075477892124,1,0
13886.0,55000,0.002789075477892124,1,0
13886.0,56000,0.002789075477892124,1,0
13886.0,57000,0.002789075477892124,1,0
13886.0,58000,0.002789075477892124,1,0
13886.0,59000,0.002789075477892124,1,0
13886.0,60000,0.002789075477892124,1,0
13886.0,61000,0.002789075477892124,1,0
13886.0,62000,0.002789075477892124,1,0
13886.0,63000,0.002789075477892124,1,0
13886.0,64000,0.002789075477892124,1,0
13886.0,65000,0.002789075477892124,1,0
13886.0,66000,0.002789075477892124,1,0
13886.0,67000,0.002789075477892124,1,0
13886.0,68000,0.002789075477892124,1,0
13886.0,69000,0.002789075477892124,1,0
13886.0,70000,0.002789075477892124,1,0
13886.0,71000,0.002789075477892124,1,0
13886.0,72000,0.002789075477892124,1,0
13886.0,73000,0.002789075477892124,1,0
13886.0,74000,0.002789075477892124,1,0
13886.0,75000,0.002789075477892124,1,0
13886.0,76000,0.002789075477892124,1,0
13886.0,77000,0.002789075477892124,1,0
13886.0,78000,0.002789075477892124,1,0
13886.0,79000,0.002789075477892124,1,0
13886.0,80000,0.002789075477892124,1,0
13886.0,81000,0.002789075477892124,1,0
13886.0,82000,0.002789075477892124,1,0
13886.0,83000,0.002789075477892124,1,0
13886.0,84000,0.002789075477892124,1,0
13886.0,85000,0.002789075477892124,1,0
13886.0,86000,0.002789075477892124,1,0
13886.0,87000,0.002789075477892124,1,0
13886.0,88000,0.002789075477892124,1,0
13886.0,89000,0.002789075477892124,1,0
13886.0,90000,0.002789075477892124,1,0
13886.0,91000,0.002789075477892124,1,0
13886.0,92000,0.002789075477892124,1,0
13886.0,93000,0.002789075477892124,1,0
13886.0,94000,0.002789075477892124,1,0
13886.0,95000,0.002789075477892124,1,0
13886.0,96000,0.002789075477892124,1,0
13886.0,97000,0.002789075477892124,1,0
13886.0,98000,0.002789075477892124,1,0
13886.0,99000,0.002789075477892124,1,0
13886.0,100000,0.002789075477892124,1,0
13886.0,101000,0.002789075477892124,1,0
13886.0,102000,0.002789075477892124,1,0
13886.0,103000,0.002789075477892124,1,0
13886.0,104000,0.002789075477892124,1,0
13886.0,105000,0.002789075477892124,1,0
13886.0,106000,0.002789075477892124,1,0
13886.0,107000,0.002789075477892124,1,0
13886.0,108000,0.002789075477892124,1,0
13886.0,109000,0.002789075477892124,1,0
13886.0,110000,0.002789075477892124,1,0
13886.0,111000,0.002789075477892124,1,0
13886.0,112000,0.002789075477892124,1,0
13886.0,113000,0.002789075477892124,1,0
13886.0,114000,0.002789075477892124,1,0
13886.0,115000,0.002789075477892124,1,0
13886.0,116000,0.002789075477892124,1,0
13886.0,117000,0.002789075477892124,1,0
13886.0,118000,0.002789075477892124,1,0
13886.0,119000,0.002789075477892124,1,0
13886.0,120000,0.002789075477892124,1,0
13886.0,121000,0.002789075477892124,1,0
13886.0,122000,0.002789075477892124,1,0
13886.0,123000,0.002789075477892124,1,0
13886.0,124000,0.002789075477892124,1,0
13886.0,125000,0.002789075477892124,1,0
13886.0,126000,0.002789075477892124,1,0
13886.0,127000,0.002789075477892124,1,0
13886.0,128000,0.002789075477892124,1,0
13886.0,129000,0.002789075477892124,1,0
13886.0,130000,0.002789075477892124,1,0
13886.0,131000,0.002789075477892124,1,0
13886.0,132000,0.002789075477892124,1,0
13886.0,133000,0.002789075477892124,1,0
13886.0,134000,0.002789075477892124,1,0
13886.0,135000,0.002789075477892124,1,0
13886.0,136000,0.002789075477892124,1,0
13886.0,137000,0.002789075477892124,1,0
13886.0,138000,0.002789075477892124,1,0
13886.0,139000,0.002789075477892124,1,0
13886.0,140000,0.002789075477892124,1,0
13886.0,141000,0.002789075477892124,1,0
13886.0,142000,0.002789075477892124,1,0
13886.0,143000,0.002789075477892124,1,0
13886.0,144000,0.002789075477892124,1,0
13886.0,145000,0.002789075477892124,1,0
13886.0,146000,0.002789075477892124,1,0
13886.0,147000,0.002789075477892124,1,0
13886.0,148000,0.002789075477892124,1,0
13886.0,149000,0.002789075477892124,1,0
13886.0,150000,0.002789075477892124,1,0
13886.0,151000,0.002789075477892124,1,0
13886.0,152000,0.002789075477892124,1,0
13886.0,153000,0.002789075477892124,1,0
13886.0,154000,0.002789075477892124,1,0
13886.0,155000,0.002789075477892124,1,0
13886.0,156000,0.002789075477892124,1,0
13886.0,157000,0.002789075477892124,1,0
13886.0,158000,0.002789075477892124,1,0
13886.0,159000,0.002789075477892124,1,0
13886.0,160000,0.002789075477892124,1,0
13886.0,161000,0.002789075477892124,1,0
13886.0,162000,0.002789075477892124,1,0
13886.0,163000,0.002789075477892124,1,0
13886.0,164000,0.002789075477892124,1,0
13886.0,165000,0.002789075477892124,1,0
13886.0,166000,0.002789075477892124,1,0
13886.0,167000,0.002789075477892124,1,0
13886.0,168000,0.002789075477892124,1,0
13886.0,169000,0.002789075477892124,1,0
13886.0,170000,0.002789075477892124,1,0
13886.0,171000,0.002789075477892124,1,0
13886.0,172000,0.002789075477892124,1,0
13886.0,173000,0.002789075477892124,1,0
13886.0,174000,0.002789075477892124,1,0
13886.0,175000,0.002789075477892124,1,0
13886.0,176000,0.002789075477892124,1,0
13886.0,177000,0.002789075477892124,1,0
13886.0,178000,0.002789075477892124,1,0
13886.0,179000,0.002789075477892124,1,0
13886.0,180000,0.002789075477892124,1,0
13886.0,181000,0.002789075477892124,1,0
13886.0,182000,0.002789075477892124,1,0
13886.0,183000,0.002789075477892124,1,0
13886.0,184000,0.002789075477892124,1,0
13886.0,185000,0.002789075477892124,1,0
13886.0,186000,0.002789075477892124,1,0
13886.0,187000,0.002789075477892124,1,0
13886.0,188000,0.002789075477892124,1,0
13886.0,189000,0.002789075477892124,1,0
13886.0,190000,0.002789075477892124,1,0
13886.0,191000,0.002789075477892124,1,0
13886.0,192000,0.002789075477892124,1,0
13886.0,193000,0.002789075477892124,1,0
13886.0,194000,0.002789075477892124,1,0
13886.0,195000,0.002789075477892124,1,0
13886.0,196000,0.002789075477892124,1,0
13886.0,197000,0.002789075477892124,1,0
13886.0,198000,0.002789075477892124,1,0
13886.0,199000,0.002789075477892124,1,0
13886.0,200000,0.002789075477892124,1,0
13886.0,201000,0.002789075477892124,1,0
13886.0,202000,0.002789075477892124,1,0
13886.0,203000,0.002789075477892124,1,0
13886.0,204000,0.002789075477892124,1,0
13886.0,205000,0.002789075477892124,1,0
13886.0,206000,0.002789075477892124,1,0
13886.0,207000,0.002789075477892124,1,0
13886.0,208000,0.002789075477892124,1,0
13886.0,209000,0.002789075477892124,1,0
13886.0,210000,0.002789075477892124,1,0
13886.0,211000,0.002789075477892124,1,0
13886.0,212000,0.002789075477892124,1,0
13886.0,213000,0.002789075477892124,1,0
13886.0,214000,0.002789075477892124,1,0
13886.0,215000,0.002789075477892124,1,0
13886.0,216000,0.002789075477892124,1,0
13886.0,217000,0.002789075477892124,1,0
13886.0,218000,0.002789075477892124,1,0
13886.0,219000,0.002789075477892124,1,0
13886.0,220000,0.002789075477892124,1,0
13886.0,221000,0.002789075477892124,1,0
13886.0,222000,0.002789075477892124,1,0
13886.0,223000,0.002789075477892124,1,0
13886.0,224000,0.002789075477892124,1,0
13886.0,225000,0.002789075477892124,1,0
13886.0,226000,0.002789075477892124,1,0
13886.0,227000,0.002789075477892124,1,0
13886.0,228000,0.002789075477892124,1,0
13886.0,229000,0.002789075477892124,1,0
13886.0,230000,0.002789075477892124,1,0
13886.0,231000,0.002789075477892124,1,0
13886.0,232000,0.002789075477892124,1,0
13886.0,233000,0.002789075477892124,1,0
13886.0,234000,0.002789075477892124,1,0
13886.0,235000,0.002789075477892124,1,0
13886.0,236000,0.002789075477892124,1,0
13886.0,237000,0.002789075477892124,1,0
13886.0,238000,0.002789075477892124,1,0
13886.0,239000,0.002789075477892124,1,0
13886.0,240000,0.002789075477892124,1,0
13886.0,241000,0.002789075477892124,1,0
13886.0,242000,0.002789075477892124,1,0
13886.0,243000,0.002789075477892124,1,0
13886.0,244000,0.002789075477892124,1,0
13886.0,245000,0.002789075477892124,1,0
13886.0,246000,0.002789075477892124,1,0
13886.0,247000,0.002789075477892124,1,0
13886.0,248000,0.002789075477892124,1,0
13886.0,249000,0.002789075477892124,1,0
13886.0,250000,0.002789075477892124,1,0
13886.0,251000,0.002789075477892124,1,0
13886.0,252000,0.002789075477892124,1,0
13886.0,253000,0.002789075477892124,1,0
13886.0,254000,0.002789075477892124,1,0
13886.0,255000,0.002789075477892124,1,0
13886.0,256000,0.002789075477892124,1,0
13886.0,257000,0.002789075477892124,1,0
13886.0,258000,0.002789075477892124,1,0
13886.0,259000,0.002789075477892124,1,0
13886.0,260000,0.002789075477892124,1,0
13886.0,261000,0.002789075477892124,1,0
13886.0,262000,0.002789075477892124,1,0
13886.0,263000,0.002789075477892124,1,0
13886.0,264000,0.002789075477892124,1,0
13886.0,265000,0.002789075477892124,1,0
13886.0,266000,0.002789075477892124,1,0
13886.0,267000,0.002789075477892124,1,0
13886.0,268000,0.002789075477892124,1,0
13886.0,269000,0.002789075477892124,1,0
13886.0,270000,0.002789075477892124,1,0
13886.0,271000,0.002789075477892124,1,0
13886.0,272000,0.002789075477892124,1,0
13886.0,273000,0.002789075477892124,1,0
13886.0,274000,0.002789075477892124,1,0
13886.0,275000,0.002789075477892124,1,0
13886.0,276000,0.002789075477892124,1,0
13886.0,277000,0.002789075477892124,1,0
13886.0,278000,0.002789075477892124,1,0
13886.0,279000,0.002789075477892124,1,0
13886.0,280000,0.002789075477892124,1,0
13886.0,281000,0.002789075477892124,1,0
13886.0,282000,0.002789075477892124,1,0
13886.0,283000,0.002789075477892124,1,0
13886.0,284000,0.002789075477892124,1,0
13886.0,285000,0.002789075477892124,1,0
13886.0,286000,0.002789075477892124,1,0
13886.0,287000,0.002789075477892124,1,0
13886.0,288000,0.002789075477892124,1,0
13886.0,289000,0.002789075477892124,1,0
13886.0,290000,0.002789075477892124,1,0
13886.0,291000,0.002789075477892124,1,0
13886.0,292000,0.002789075477892124,1,0
13886.0,293000,0.002789075477892124,1,0
13886.0,294000,0.002789075477892124,1,0
13886.0,295000,0.002789075477892124,1,0
13886.0,296000,0.002789075477892124,1,0
13886.0,297000,0.002789075477892124,1,0
13886.0,298000,0.002789075477892124,1,0
13886.0,299000,0.002789075477892124,1,0
13886.0,300000,0.002789075477892124,1,0
13886.0,301000,0.002789075477892124,1,0
13886.0,302000,0.002789075477892124,1,0
13886.0,303000,0.002789075477892124,1,0
13886.0,304000,0.002789075477892124,1,0
13886.0,305000,0.002789075477892124,1,0
13886.0,306000,0.002789075477892124,1,0
13886.0,307000,0.002789075477892124,1,0
13886.0,308000,0.002789075477892124,1,0
13886.0,309000,0.002789075477892124,1,0
13886.0,310000,0.002789075477892124,1,0
13886.0,311000,0.002789075477892124,1,0
13886.0,312000,0.002789075477892124,1,0
13886.0,313000,0.002789075477892124,1,0
13886.0,314000,0.002789075477892124,1,0
13886.0,315000,0.002789075477892124,1,0
13886.0,316000,0.002789075477892124,1,0
13886.0,317000,0.002789075477892124,1,0
13886.0,318000,0.002789075477892124,1,0
13886.0,319000,0.002789075477892124,1,0
13886.0,320000,0.002789075477892124,1,0
13886.0,321000,0.002789075477892124,1,0
13886.0,322000,0.002789075477892124,1,0
13886.0,323000,0.002789075477892124,1,0
13886.0,324000,0.002789075477892124,1,0
13886.0,325000,0.002789075477892124,1,0
13886.0,326000,0.002789075477892124,1,0
13886.0,327000,0.002789075477892124,1,0
13886.0,328000,0.002789075477892124,1,0
13886.0,329000,0.002789075477892124,1,0
13886.0,330000,0.002789075477892124,1,0
13886.0,331000,0.002789075477892124,1,0
13886.0,332000,0.002789075477892124,1,0
13886.0,333000,0.002789075477892124,1,0
13886.0,334000,0.002789075477892124,1,0
13886.0,335000,0.002789075477892124,1,0
13886.0,336000,0.002789075477892124,1,0
13886.0,337000,0.002789075477892124,1,0
13886.0,338000,0.002789075477892124,1,0
13886.0,339000,0.002789075477892124,1,0
13886.0,340000,0.002789075477892124,1,0
13886.0,341000,0.002789075477892124,1,0
13886.0,342000,0.002789075477892124,1,0
13886.0,343000,0.002789075477892124,1,0
13886.0,344000,0.002789075477892124,1,0
13886.0,345000,0.002789075477892124,1,0
13886.0,346000,0.002789075477892124,1,0
13886.0,347000,0.002789075477892124,1,0
13886.0,348000,0.002789075477892124,1,0
13886.0,349000,0.002789075477892124,1,0
13886.0,350000,0.002789075477892124,1,0
13886.0,351000,0.002789075477892124,1,0
13886.0,352000,0.002789075477892124,1,0
13886.0,353000,0.002789075477892124,1,0
13886.0,354000,0.002789075477892124,1,0
13886.0,355000,0.002789075477892124,1,0
13886.0,356000,0.002789075477892124,1,0
13886.0,357000,0.002789075477892124,1,0
13886.0,358000,0.002789075477892124,1,0
13886.0,359000,0.002789075477892124,1,0
13886.0,360000,0.002789075477892124,1,0
13886.0,361000,0.002789075477892124,1,0
13886.0,362000,0.002789075477892124,1,0
13886.0,363000,0.002789075477892124,1,0
13886.0,364000,0.002789075477892124,1,0
13886.0,365000,0.002789075477892124,1,0
13886.0,366000,0.002789075477892124,1,0
13886.0,367000,0.002789075477892124,1,0
13886.0,368000,0.002789075477892124,1,0
13886.0,369000,0.002789075477892124,1,0
13886.0,370000,0.002789075477892124,1,0
13886.0,371000,0.002789075477892124,1,0
13886.0,372000,0.002789075477892124,1,0
13886.0,373000,0.002789075477892124,1,0
13886.0,374000,0.002789075477892124,1,0
13886.0,375000,0.002789075477892124,1,0
13886.0,376000,0.002789075477892124,1,0
13886.0,377000,0.002789075477892124,1,0
13886.0,378000,0.002789075477892124,1,0
13886.0,379000,0.0012150499711651131,1,0
15130.0,0,0.012344536168284181,1,0
15130.0,1000,0.024689072336568363,1,0
15130.0,2000,0.024689072336568363,1,0
15130.0,3000,0.024689072336568363,1,0
15130.0,4000,0.024689072336568363,1,0
15130.0,5000,0.024689072336568363,1,0
15130.0,6000,0.024689072336568363,1,0
15130.0,7000,0.024689072336568363,1,0
15130.0,8000,0.024689072336568363,1,0
15130.0,9000,0.024689072336568363,1,0
15130.0,10000,0.024689072336568363,1,0
15130.0,11000,0.024689072336568363,1,0
15130.0,12000,0.024689072336568363,1,0
15130.0,13000,0.024689072336568363,1,0
15130.0,14000,0.024689072336568363,1,0
15130.0,15000,0.024689072336568363,1,0
15130.0,16000,0.024689072336568363,1,0
15130.0,17000,0.024689072336568363,1,0
15130.0,18000,0.024689072336568363,1,0
15130.0,19000,0.024689072336568363,1,0
15130.0,20000,0.024689072336568363,1,0
15130.0,21000,0.024689072336568363,1,0
15130.0,22000,0.024689072336568363,1,0
15130.0,23000,0.024689072336568363,1,0
15130.0,24000,0.024689072336568363,1,0
15130.0,25000,0.024689072336568363,1,0
15130.0,26000,0.024689072336568363,1,0
15130.0,27000,0.024689072336568363,1,0
15130.0,28000,0.024689072336568363,1,0
15130.0,29000,0.024689072336568363,1,0
15130.0,30000,0.024689072336568363,1,0
15130.0,31000,0.024689072336568363,1,0
15130.0,32000,0.024689072336568363,1,0
15130.0,33000,0.024689072336568363,1,0
15130.0,34000,0.024689072336568363,1,0
15130.0,35000,0.024689072336568363,1,0
15130.0,36000,0.024689072336568363,1,0
15130.0,37000,0.024689072336568363,1,0
15130.0,38000,0.024689072336568363,1,0
15130.0,39000,0.024689072336568363,1,0
15130.0,40000,0.024689072336568363,1,0
15130.0,41000,9.257036898138768e-05,1,0
15490.0,21000,0.005636540845263447,1,0
15490.0,22000,0.05232459320337257,1,0
15490.0,23000,0.05232459320337257,1,0
15490.0,24000,0.05232459320337257,1,0
15490.0,25000,0.05232459320337257,1,0
15490.0,26000,0.05232459320337257,1,0
15490.0,27000,0.05232459320337257,1,0
15490.0,28000,0.05232459320337257,1,0
15490.0,29000,0.05232459320337257,1,0
15490.0,30000,0.05232459320337257,1,0
15490.0,31000,0.05232459320337257,1,0
15490.0,32000,0.05232459320337257,1,0
15490.0,33000,0.05232459320337257,1,0
15490.0,34000,0.05232459320337257,1,0
15490.0,35000,0.05232459320337257,1,0
15490.0,36000,0.05232459320337257,1,0
15490.0,37000,0.05232459320337257,1,0
15490.0,38000,0.05232459320337257,1,0
15490.0,39000,0.05232459320337257,1,0
15490.0,40000,0.05232459320337257,1,0
15490.0,41000,0.00019618829065776294,1,0
16019.0,41000,0.025154416413778427,1,0
16019.0,42000,0.025249086526301073,1,0
16019.0,43000,0.025249086526301073,1,0
16019.0,44000,0.025249086526301073,1,0
16019.0,45000,0.025249086526301073,1,0
16019.0,46000,0.025249086526301073,1,0
16019.0,47000,0.025249086526301073,1,0
16019.0,48000,0.025249086526301073,1,0
16019.0,49000,0.025249086526301073,1,0
16019.0,50000,0.025249086526301073,1,0
16019.0,51000,0.025249086526301073,1,0
16019.0,52000,0.025249086526301073,1,0
16019.0,53000,0.025249086526301073,1,0
16019.0,54000,0.025249086526301073,1,0
16019.0,55000,0.025249086526301073,1,0
16019.0,56000,0.025249086526301073,1,0
16019.0,57000,0.025249086526301073,1,0
16019.0,58000,0.025249086526301073,1,0
16019.0,59000,0.025249086526301073,1,0
16019.0,60000,0.025249086526301073,1,0
16019.0,61000,0.025249086526301073,1,0
16019.0,62000,0.025249086526301073,1,0
16019.0,63000,0.025249086526301073,1,0
16019.0,64000,0.025249086526301073,1,0
16019.0,65000,0.025249086526301073,1,0
16019.0,66000,0.025249086526301073,1,0
16019.0,67000,0.025249086526301073,1,0
16019.0,68000,0.025249086526301073,1,0
16019.0,69000,0.025249086526301073,1,0
16019.0,70000,0.025249086526301073,1,0
16019.0,71000,0.025249086526301073,1,0
16019.0,72000,0.025249086526301073,1,0
16019.0,73000,0.025249086526301073,1,0
16019.0,74000,0.025249086526301073,1,0
16019.0,75000,0.025249086526301073,1,0
16019.0,76000,0.025249086526301073,1,0
16019.0,77000,0.025249086526301073,1,0
16019.0,78000,0.025249086526301073,1,0
16019.0,79000,0.025249086526301073,1,0
16019.0,80000,0.015380295586780801,1,0
16076.0,0,0.011659254656343989,1,0
16076.0,1000,0.023318509312687977,1,0
16076.0,2000,0.023318509312687977,1,0
16076.0,3000,0.023318509312687977,1,0
16076.0,4000,0.023318509312687977,1,0
16076.0,5000,0.023318509312687977,1,0
16076.0,6000,0.023318509312687977,1,0
16076.0,7000,0.023318509312687977,1,0
16076.0,8000,0.023318509312687977,1,0
16076.0,9000,0.023318509312687977,1,0
16076.0,10000,0.023318509312687977,1,0
16076.0,11000,0.023318509312687977,1,0
16076.0,12000,0.023318509312687977,1,0
16076.0,13000,0.023318509312687977,1,0
16076.0,14000,0.023318509312687977,1,0
16076.0,15000,0.023318509312687977,1,0
16076.0,16000,0.023318509312687977,1,0
16076.0,17000,0.023318509312687977,1,0
16076.0,18000,0.023318509312687977,1,0
16076.0,19000,0.023318509312687977,1,0
16076.0,20000,0.023318509312687977,1,0
16076.0,21000,0.023318509312687977,1,0
16076.0,22000,0.023318509312687977,1,0
16076.0,23000,0.023318509312687977,1,0
16076.0,24000,0.023318509312687977,1,0
16076.0,25000,0.023318509312687977,1,0
16076.0,26000,0.023318509312687977,1,0
16076.0,27000,0.023318509312687977,1,0
16076.0,28000,0.023318509312687977,1,0
16076.0,29000,0.023318509312687977,1,0
16076.0,30000,0.023318509312687977,1,0
16076.0,31000,0.023318509312687977,1,0
16076.0,32000,0.023318509312687977,1,0
16076.0,33000,0.023318509312687977,1,0
16076.0,34000,0.023318509312687977,1,0
16076.0,35000,0.023318509312687977,1,0
16076.0,36000,0.023318509312687977,1,0
16076.0,37000,0.023318509312687977,1,0
16076.0,38000,0.023318509312687977,1,0
16076.0,39000,0.023318509312687977,1,0
16076.0,40000,0.023318509312687977,1,0
16076.0,41000,0.023318509312687977,1,0
16076.0,42000,0.023318509312687977,1,0
16076.0,43000,0.008963354210761013,1,0
16710.0,0,0.003615106921779128,1,0
16710.0,1000,0.007230213843558256,1,0
16710.0,2000,0.007230213843558256,1,0
16710.0,3000,0.007230213843558256,1,0
16710.0,4000,0.007230213843558256,1,0
16710.0,5000,0.007230213843558256,1,0
16710.0,6000,0.007230213843558256,1,0
16710.0,7000,0.007230213843558256,1,0
16710.0,8000,0.007230213843558256,1,0
16710.0,9000,0.007230213843558256,1,0
16710.0,10000,0.007230213843558256,1,0
16710.0,11000,0.007230213843558256,1,0
16710.0,12000,0.007230213843558256,1,0
16710.0,13000,0.007230213843558256,1,0
16710.0,14000,0.007230213843558256,1,0
16710.0,15000,0.007230213843558256,1,0
16710.0,16000,0.007230213843558256,1,0
16710.0,17000,0.007230213843558256,1,0
16710.0,18000,0.007230213843558256,1,0
16710.0,19000,0.007230213843558256,1,0
16710.0,20000,0.007230213843558256,1,0
16710.0,21000,0.007230213843558256,1,0
16710.0,22000,0.007230213843558256,1,0
16710.0,23000,0.007230213843558256,1,0
16710.0,24000,0.007230213843558256,1,0
16710.0,25000,0.007230213843558256,1,0
16710.0,26000,0.007230213843558256,1,0
16710.0,27000,0.007230213843558256,1,0
16710.0,28000,0.007230213843558256,1,0
16710.0,29000,0.007230213843558256,1,0
16710.0,30000,0.007230213843558256,1,0
16710.0,31000,0.007230213843558256,1,0
16710.0,32000,0.007230213843558256,1,0
16710.0,33000,0.007230213843558256,1,0
16710.0,34000,0.007230213843558256,1,0
16710.0,35000,0.007230213843558256,1,0
16710.0,36000,0.007230213843558256,1,0
16710.0,37000,0.007230213843558256,1,0
16710.0,38000,0.007230213843558256,1,0
16710.0,39000,0.007230213843558256,1,0
16710.0,40000,0.007230213843558256,1,0
16710.0,41000,0.007230213843558256,1,0
16710.0,42000,0.007230213843558256,1,0
16710.0,43000,0.007230213843558256,1,0
16710.0,44000,0.007230213843558256,1,0
16710.0,45000,0.007230213843558256,1,0
16710.0,46000,0.007230213843558256,1,0
16710.0,47000,0.007230213843558256,1,0
16710.0,48000,0.007230213843558256,1,0
16710.0,49000,0.007230213843558256,1,0
16710.0,50000,0.007230213843558256,1,0
16710.0,51000,0.007230213843558256,1,0
16710.0,52000,0.007230213843558256,1,0
16710.0,53000,0.007230213843558256,1,0
16710.0,54000,0.007230213843558256,1,0
16710.0,55000,0.007230213843558256,1,0
16710.0,56000,0.007230213843558256,1,0
16710.0,57000,0.007230213843558256,1,0
16710.0,58000,0.007230213843558256,1,0
16710.0,59000,0.007230213843558256,1,0
16710.0,60000,0.007230213843558256,1,0
16710.0,61000,0.007230213843558256,1,0
16710.0,62000,0.007230213843558256,1,0
16710.0,63000,0.007230213843558256,1,0
16710.0,64000,0.007230213843558256,1,0
16710.0,65000,0.007230213843558256,1,0
16710.0,66000,0.007230213843558256,1,0
16710.0,67000,0.007230213843558256,1,0
16710.0,68000,0.007230213843558256,1,0
16710.0,69000,0.007230213843558256,1,0
16710.0,70000,0.007230213843558256,1,0
16710.0,71000,0.007230213843558256,1,0
16710.0,72000,0.007230213843558256,1,0
16710.0,73000,0.007230213843558256,1,0
16710.0,74000,0.007230213843558256,1,0
16710.0,75000,0.007230213843558256,1,0
16710.0,76000,0.007230213843558256,1,0
16710.0,77000,0.007230213843558256,1,0
16710.0,78000,0.007230213843558256,1,0
16710.0,79000,0.007230213843558256,1,0
16710.0,80000,0.007230213843558256,1,0
16710.0,81000,0.007230213843558256,1,0
16710.0,82000,0.007230213843558256,1,0
16710.0,83000,0.007230213843558256,1,0
16710.0,84000,0.007230213843558256,1,0
16710.0,85000,0.007230213843558256,1,0
16710.0,86000,0.007230213843558256,1,0
16710.0,87000,0.007230213843558256,1,0
16710.0,88000,0.007230213843558256,1,0
16710.0,89000,0.007230213843558256,1,0
16710.0,90000,0.007230213843558256,1,0
16710.0,91000,0.007230213843558256,1,0
16710.0,92000,0.007230213843558256,1,0
16710.0,93000,0.007230213843558256,1,0
16710.0,94000,0.007230213843558256,1,0
16710.0,95000,0.007230213843558256,1,0
16710.0,96000,0.007230213843558256,1,0
16710.0,97000,0.007230213843558256,1,0
16710.0,98000,0.007230213843558256,1,0
16710.0,99000,0.007230213843558256,1,0
16710.0,100000,0.007230213843558256,1,0
16710.0,101000,0.007230213843558256,1,0
16710.0,102000,0.007230213843558256,1,0
16710.0,103000,0.007230213843558256,1,0
16710.0,104000,0.007230213843558256,1,0
16710.0,105000,0.007230213843558256,1,0
16710.0,106000,0.007230213843558256,1,0
16710.0,107000,0.007230213843558256,1,0
16710.0,108000,0.007230213843558256,1,0
16710.0,109000,0.007230213843558256,1,0
16710.0,110000,0.007230213843558256,1,0
16710.0,111000,0.007230213843558256,1,0
16710.0,112000,0.007230213843558256,1,0
16710.0,113000,0.007230213843558256,1,0
16710.0,114000,0.007230213843558256,1,0
16710.0,115000,0.007230213843558256,1,0
16710.0,116000,0.007230213843558256,1,0
16710.0,117000,0.007230213843558256,1,0
16710.0,118000,0.007230213843558256,1,0
16710.0,119000,0.007230213843558256,1,0
16710.0,120000,0.007230213843558256,1,0
16710.0,121000,0.007230213843558256,1,0
16710.0,122000,0.007230213843558256,1,0
16710.0,123000,0.007230213843558256,1,0
16710.0,124000,0.007230213843558256,1,0
16710.0,125000,0.007230213843558256,1,0
16710.0,126000,0.007230213843558256,1,0
16710.0,127000,0.007230213843558256,1,0
16710.0,128000,0.007230213843558256,1,0
16710.0,129000,0.007230213843558256,1,0
16710.0,130000,0.007230213843558256,1,0
16710.0,131000,0.007230213843558256,1,0
16710.0,132000,0.007230213843558256,1,0
16710.0,133000,0.007230213843558256,1,0
16710.0,134000,0.007230213843558256,1,0
16710.0,135000,0.007230213843558256,1,0
16710.0,136000,0.007230213843558256,1,0
16710.0,137000,0.007230213843558256,1,0
16710.0,138000,0.005845596510739813,1,0
16712.0,21000,0.005636540845263447,1,0
16712.0,22000,0.05232459320337257,1,0
16712.0,23000,0.05232459320337257,1,0
16712.0,24000,0.05232459320337257,1,0
16712.0,25000,0.05232459320337257,1,0
16712.0,26000,0.05232459320337257,1,0
16712.0,27000,0.05232459320337257,1,0
16712.0,28000,0.05232459320337257,1,0
16712.0,29000,0.05232459320337257,1,0
16712.0,30000,0.05232459320337257,1,0
16712.0,31000,0.05232459320337257,1,0
16712.0,32000,0.05232459320337257,1,0
16712.0,33000,0.05232459320337257,1,0
16712.0,34000,0.05232459320337257,1,0
16712.0,35000,0.05232459320337257,1,0
16712.0,36000,0.05232459320337257,1,0
16712.0,37000,0.05232459320337257,1,0
16712.0,38000,0.05232459320337257,1,0
16712.0,39000,0.05232459320337257,1,0
16712.0,40000,0.05232459320337257,1,0
16712.0,41000,0.00019618829065776294,1,0
17108.0,0,0.004093362217937781,1,0
17108.0,1000,0.008186724435875562,1,0
17108.0,2000,0.008186724435875562,1,0
17108.0,3000,0.008186724435875562,1,0
17108.0,4000,0.008186724435875562,1,0
17108.0,5000,0.008186724435875562,1,0
17108.0,6000,0.008186724435875562,1,0
17108.0,7000,0.008186724435875562,1,0
17108.0,8000,0.008186724435875562,1,0
17108.0,9000,0.008186724435875562,1,0
17108.0,10000,0.008186724435875562,1,0
17108.0,11000,0.008186724435875562,1,0
17108.0,12000,0.008186724435875562,1,0
17108.0,13000,0.008186724435875562,1,0
17108.0,14000,0.008186724435875562,1,0
17108.0,15000,0.008186724435875562,1,0
17108.0,16000,0.008186724435875562,1,0
17108.0,17000,0.008186724435875562,1,0
17108.0,18000,0.008186724435875562,1,0
17108.0,19000,0.008186724435875562,1,0
17108.0,20000,0.008186724435875562,1,0
17108.0,21000,0.008186724435875562,1,0
17108.0,22000,0.008186724435875562,1,0
17108.0,23000,0.008186724435875562,1,0
17108.0,24000,0.008186724435875562,1,0
17108.0,25000,0.008186724435875562,1,0
17108.0,26000,0.008186724435875562,1,0
17108.0,27000,0.008186724435875562,1,0
17108.0,28000,0.008186724435875562,1,0
17108.0,29000,0.008186724435875562,1,0
17108.0,30000,0.008186724435875562,1,0
17108.0,31000,0.008186724435875562,1,0
17108.0,32000,0.008186724435875562,1,0
17108.0,33000,0.008186724435875562,1,0
17108.0,34000,0.008186724435875562,1,0
17108.0,35000,0.008186724435875562,1,0
17108.0,36000,0.008186724435875562,1,0
17108.0,37000,0.008186724435875562,1,0
17108.0,38000,0.008186724435875562,1,0
17108.0,39000,0.008186724435875562,1,0
17108.0,40000,0.008186724435875562,1,0
17108.0,41000,0.008186724435875562,1,0
17108.0,42000,0.008186724435875562,1,0
17108.0,43000,0.008186724435875562,1,0
17108.0,44000,0.008186724435875562,1,0
17108.0,45000,0.008186724435875562,1,0
17108.0,46000,0.008186724435875562,1,0
17108.0,47000,0.008186724435875562,1,0
17108.0,48000,0.008186724435875562,1,0
17108.0,49000,0.008186724435875562,1,0
17108.0,50000,0.008186724435875562,1,0
17108.0,51000,0.008186724435875562,1,0
17108.0,52000,0.008186724435875562,1,0
17108.0,53000,0.008186724435875562,1,0
17108.0,54000,0.008186724435875562,1,0
17108.0,55000,0.008186724435875562,1,0
17108.0,56000,0.008186724435875562,1,0
17108.0,57000,0.008186724435875562,1,0
17108.0,58000,0.008186724435875562,1,0
17108.0,59000,0.008186724435875562,1,0
17108.0,60000,0.008186724435875562,1,0
17108.0,61000,0.008186724435875562,1,0
17108.0,62000,0.008186724435875562,1,0
17108.0,63000,0.008186724435875562,1,0
17108.0,64000,0.008186724435875562,1,0
17108.0,65000,0.008186724435875562,1,0
17108.0,66000,0.008186724435875562,1,0
17108.0,67000,0.008186724435875562,1,0
17108.0,68000,0.008186724435875562,1,0
17108.0,69000,0.008186724435875562,1,0
17108.0,70000,0.008186724435875562,1,0
17108.0,71000,0.008186724435875562,1,0
17108.0,72000,0.008186724435875562,1,0
17108.0,73000,0.008186724435875562,1,0
17108.0,74000,0.008186724435875562,1,0
17108.0,75000,0.008186724435875562,1,0
17108.0,76000,0.008186724435875562,1,0
17108.0,77000,0.008186724435875562,1,0
17108.0,78000,0.008186724435875562,1,0
17108.0,79000,0.008186724435875562,1,0
17108.0,80000,0.008186724435875562,1,0
17108.0,81000,0.008186724435875562,1,0
17108.0,82000,0.008186724435875562,1,0
17108.0,83000,0.008186724435875562,1,0
17108.0,84000,0.008186724435875562,1,0
17108.0,85000,0.008186724435875562,1,0
17108.0,86000,0.008186724435875562,1,0
17108.0,87000,0.008186724435875562,1,0
17108.0,88000,0.008186724435875562,1,0
17108.0,89000,0.008186724435875562,1,0
17108.0,90000,0.008186724435875562,1,0
17108.0,91000,0.008186724435875562,1,0
17108.0,92000,0.008186724435875562,1,0
17108.0,93000,0.008186724435875562,1,0
17108.0,94000,0.008186724435875562,1,0
17108.0,95000,0.008186724435875562,1,0
17108.0,96000,0.008186724435875562,1,0
17108.0,97000,0.008186724435875562,1,0
17108.0,98000,0.008186724435875562,1,0
17108.0,99000,0.008186724435875562,1,0
17108.0,100000,0.008186724435875562,1,0
17108.0,101000,0.008186724435875562,1,0
17108.0,102000,0.008186724435875562,1,0
17108.0,103000,0.008186724435875562,1,0
17108.0,104000,0.008186724435875562,1,0
17108.0,105000,0.008186724435875562,1,0
17108.0,106000,0.008186724435875562,1,0
17108.0,107000,0.008186724435875562,1,0
17108.0,108000,0.008186724435875562,1,0
17108.0,109000,0.008186724435875562,1,0
17108.0,110000,0.008186724435875562,1,0
17108.0,111000,0.008186724435875562,1,0
17108.0,112000,0.008186724435875562,1,0
17108.0,113000,0.008186724435875562,1,0
17108.0,114000,0.008186724435875562,1,0
17108.0,115000,0.008186724435875562,1,0
17108.0,116000,0.008186724435875562,1,0
17108.0,117000,0.008186724435875562,1,0
17108.0,118000,0.008186724435875562,1,0
17108.0,119000,0.008186724435875562,1,0
17108.0,120000,0.008186724435875562,1,0
17108.0,121000,0.008186724435875562,1,0
17108.0,122000,0.005312981041119285,1,0
17672.0,2000,0.0026150325247489797,1,0
17672.0,3000,0.07884900727329876,1,0
17672.0,4000,0.07884900727329876,1,0
17672.0,5000,0.07884900727329876,1,0
17672.0,6000,0.07884900727329876,1,0
17672.0,7000,0.07884900727329876,1,0
17672.0,8000,0.07884900727329876,1,0
17672.0,9000,0.07884900727329876,1,0
17672.0,10000,0.07884900727329876,1,0
17672.0,11000,0.07884900727329876,1,0
17672.0,12000,0.07884900727329876,1,0
17672.0,13000,0.07884900727329876,1,0
17672.0,14000,0.07884900727329876,1,0
17672.0,15000,0.051196880195666,1,0
18453.0,0,0.011568530804018158,1,0
18453.0,1000,0.023137061608036316,1,0
18453.0,2000,0.023137061608036316,1,0
18453.0,3000,0.023137061608036316,1,0
18453.0,4000,0.023137061608036316,1,0
18453.0,5000,0.023137061608036316,1,0
18453.0,6000,0.023137061608036316,1,0
18453.0,7000,0.023137061608036316,1,0
18453.0,8000,0.023137061608036316,1,0
18453.0,9000,0.023137061608036316,1,0
18453.0,10000,0.023137061608036316,1,0
18453.0,11000,0.023137061608036316,1,0
18453.0,12000,0.023137061608036316,1,0
18453.0,13000,0.023137061608036316,1,0
18453.0,14000,0.023137061608036316,1,0
18453.0,15000,0.023137061608036316,1,0
18453.0,16000,0.023137061608036316,1,0
18453.0,17000,0.023137061608036316,1,0
18453.0,18000,0.023137061608036316,1,0
18453.0,19000,0.023137061608036316,1,0
18453.0,20000,0.023137061608036316,1,0
18453.0,21000,0.023137061608036316,1,0
18453.0,22000,0.023137061608036316,1,0
18453.0,23000,0.023137061608036316,1,0
18453.0,24000,0.023137061608036316,1,0
18453.0,25000,0.023137061608036316,1,0
18453.0,26000,0.023137061608036316,1,0
18453.0,27000,0.023137061608036316,1,0
18453.0,28000,0.023137061608036316,1,0
18453.0,29000,0.023137061608036316,1,0
18453.0,30000,0.023137061608036316,1,0
18453.0,31000,0.023137061608036316,1,0
18453.0,32000,0.023137061608036316,1,0
18453.0,33000,0.023137061608036316,1,0
18453.0,34000,0.023137061608036316,1,0
18453.0,35000,0.023137061608036316,1,0
18453.0,36000,0.023137061608036316,1,0
18453.0,37000,0.023137061608036316,1,0
18453.0,38000,0.023137061608036316,1,0
18453.0,39000,0.023137061608036316,1,0
18453.0,40000,0.023137061608036316,1,0
18453.0,41000,0.023137061608036316,1,0
18453.0,42000,0.023137061608036316,1,0
18453.0,43000,0.016674881658456646,1,0
20402.0,43000,0.006502377987994313,1,0
20402.0,44000,0.010562460704260118,1,0
20402.0,45000,0.010562460704260118,1,0
20402.0,46000,0.010562460704260118,1,0
20402.0,47000,0.010562460704260118,1,0
20402.0,48000,0.010562460704260118,1,0
20402.0,49000,0.010562460704260118,1,0
20402.0,50000,0.010562460704260118,1,0
20402.0,51000,0.010562460704260118,1,0
20402.0,52000,0.010562460704260118,1,0
20402.0,53000,0.010562460704260118,1,0
20402.0,54000,0.010562460704260118,1,0
20402.0,55000,0.010562460704260118,1,0
20402.0,56000,0.010562460704260118,1,0
20402.0,57000,0.010562460704260118,1,0
20402.0,58000,0.010562460704260118,1,0
20402.0,59000,0.010562460704260118,1,0
20402.0,60000,0.010562460704260118,1,0
20402.0,61000,0.010562460704260118,1,0
20402.0,62000,0.010562460704260118,1,0
20402.0,63000,0.010562460704260118,1,0
20402.0,64000,0.010562460704260118,1,0
20402.0,65000,0.010562460704260118,1,0
20402.0,66000,0.010562460704260118,1,0
20402.0,67000,0.010562460704260118,1,0
20402.0,68000,0.010562460704260118,1,0
20402.0,69000,0.010562460704260118,1,0
20402.0,70000,0.010562460704260118,1,0
20402.0,71000,0.010562460704260118,1,0
20402.0,72000,0.010562460704260118,1,0
20402.0,73000,0.010562460704260118,1,0
20402.0,74000,0.010562460704260118,1,0
20402.0,75000,0.010562460704260118,1,0
20402.0,76000,0.010562460704260118,1,0
20402.0,77000,0.010562460704260118,1,0
20402.0,78000,0.010562460704260118,1,0
20402.0,79000,0.010562460704260118,1,0
20402.0,80000,0.010562460704260118,1,0
20402.0,81000,0.010562460704260118,1,0
20402.0,82000,0.010562460704260118,1,0
20402.0,83000,0.010562460704260118,1,0
20402.0,84000,0.010562460704260118,1,0
20402.0,85000,0.010562460704260118,1,0
20402.0,86000,0.010562460704260118,1,0
20402.0,87000,0.010562460704260118,1,0
20402.0,88000,0.010562460704260118,1,0
20402.0,89000,0.010562460704260118,1,0
20402.0,90000,0.010562460704260118,1,0
20402.0,91000,0.010562460704260118,1,0
20402.0,92000,0.010562460704260118,1,0
20402.0,93000,0.010562460704260118,1,0
20402.0,94000,0.010562460704260118,1,0
20402.0,95000,0.010562460704260118,1,0
20402.0,96000,0.010562460704260118,1,0
20402.0,97000,0.010562460704260118,1,0
20402.0,98000,0.010562460704260118,1,0
20402.0,99000,0.010562460704260118,1,0
20402.0,100000,0.010562460704260118,1,0
20402.0,101000,0.010562460704260118,1,0
20402.0,102000,0.010562460704260118,1,0
20402.0,103000,0.010562460704260118,1,0
20402.0,104000,0.010562460704260118,1,0
20402.0,105000,0.010562460704260118,1,0
20402.0,106000,0.010562460704260118,1,0
20402.0,107000,0.010562460704260118,1,0
20402.0,108000,0.010562460704260118,1,0
20402.0,109000,0.010562460704260118,1,0
20402.0,110000,0.010562460704260118,1,0
20402.0,111000,0.010562460704260118,1,0
20402.0,112000,0.010562460704260118,1,0
20402.0,113000,0.010562460704260118,1,0
20402.0,114000,0.010562460704260118,1,0
20402.0,115000,0.010562460704260118,1,0
20402.0,116000,0.010562460704260118,1,0
20402.0,117000,0.010562460704260118,1,0
20402.0,118000,0.010562460704260118,1,0
20402.0,119000,0.010562460704260118,1,0
20402.0,120000,0.010562460704260118,1,0
20402.0,121000,0.010562460704260118,1,0
20402.0,122000,0.010562460704260118,1,0
20402.0,123000,0.010562460704260118,1,0
20402.0,124000,0.010562460704260118,1,0
20402.0,125000,0.010562460704260118,1,0
20402.0,126000,0.010562460704260118,1,0
20402.0,127000,0.010562460704260118,1,0
20402.0,128000,0.010562460704260118,1,0
20402.0,129000,0.010562460704260118,1,0
20402.0,130000,0.010562460704260118,1,0
20402.0,131000,0.010562460704260118,1,0
20402.0,132000,0.010562460704260118,1,0
20402.0,133000,0.010562460704260118,1,0
20402.0,134000,0.010562460704260118,1,0
20402.0,135000,0.010562460704260118,1,0
20402.0,136000,0.010562460704260118,1,0
20402.0,137000,0.010562460704260118,1,0
20402.0,138000,0.0006263158115546118,1,0
20479.0,43000,0.0018289790074161117,1,0
20479.0,44000,0.0065484403567474415,1,0
20479.0,45000,0.0065484403567474415,1,0
20479.0,46000,0.0065484403567474415,1,0
20479.0,47000,0.0065484403567474415,1,0
20479.0,48000,0.0065484403567474415,1,0
20479.0,49000,0.0065484403567474415,1,0
20479.0,50000,0.0065484403567474415,1,0
20479.0,51000,0.0065484403567474415,1,0
20479.0,52000,0.0065484403567474415,1,0
20479.0,53000,0.0065484403567474415,1,0
20479.0,54000,0.0065484403567474415,1,0
20479.0,55000,0.0065484403567474415,1,0
20479.0,56000,0.0065484403567474415,1,0
20479.0,57000,0.0065484403567474415,1,0
20479.0,58000,0.0065484403567474415,1,0
20479.0,59000,0.0065484403567474415,1,0
20479.0,60000,0.0065484403567474415,1,0
20479.0,61000,0.0065484403567474415,1,0
20479.0,62000,0.0065484403567474415,1,0
20479.0,63000,0.0065484403567474415,1,0
20479.0,64000,0.0065484403567474415,1,0
20479.0,65000,0.0065484403567474415,1,0
20479.0,66000,0.0065484403567474415,1,0
20479.0,67000,0.0065484403567474415,1,0
20479.0,68000,0.0065484403567474415,1,0
20479.0,69000,0.0065484403567474415,1,0
20479.0,70000,0.0065484403567474415,1,0
20479.0,71000,0.0065484403567474415,1,0
20479.0,72000,0.0065484403567474415,1,0
20479.0,73000,0.0065484403567474415,1,0
20479.0,74000,0.0065484403567474415,1,0
20479.0,75000,0.0065484403567474415,1,0
20479.0,76000,0.0065484403567474415,1,0
20479.0,77000,0.0065484403567474415,1,0
20479.0,78000,0.0065484403567474415,1,0
20479.0,79000,0.0065484403567474415,1,0
20479.0,80000,0.0065484403567474415,1,0
20479.0,81000,0.0065484403567474415,1,0
20479.0,82000,0.0065484403567474415,1,0
20479.0,83000,0.0065484403567474415,1,0
20479.0,84000,0.0065484403567474415,1,0
20479.0,85000,0.0065484403567474415,1,0
20479.0,86000,0.0065484403567474415,1,0
20479.0,87000,0.0065484403567474415,1,0
20479.0,88000,0.0065484403567474415,1,0
20479.0,89000,0.0065484403567474415,1,0
20479.0,90000,0.0065484403567474415,1,0
20479.0,91000,0.0065484403567474415,1,0
20479.0,92000,0.0065484403567474415,1,0
20479.0,93000,0.0065484403567474415,1,0
20479.0,94000,0.0065484403567474415,1,0
20479.0,95000,0.0065484403567474415,1,0
20479.0,96000,0.0065484403567474415,1,0
20479.0,97000,0.0065484403567474415,1,0
20479.0,98000,0.0065484403567474415,1,0
20479.0,99000,0.0065484403567474415,1,0
20479.0,100000,0.0065484403567474415,1,0
20479.0,101000,0.0065484403567474415,1,0
20479.0,102000,0.0065484403567474415,1,0
20479.0,103000,0.0065484403567474415,1,0
20479.0,104000,0.0065484403567474415,1,0
20479.0,105000,0.0065484403567474415,1,0
20479.0,106000,0.0065484403567474415,1,0
20479.0,107000,0.0065484403567474415,1,0
20479.0,108000,0.0065484403567474415,1,0
20479.0,109000,0.0065484403567474415,1,0
20479.0,110000,0.0065484403567474415,1,0
20479.0,111000,0.0065484403567474415,1,0
20479.0,112000,0.0065484403567474415,1,0
20479.0,113000,0.0065484403567474415,1,0
20479.0,114000,0.0065484403567474415,1,0
20479.0,115000,0.0065484403567474415,1,0
20479.0,116000,0.0065484403567474415,1,0
20479.0,117000,0.0065484403567474415,1,0
20479.0,118000,0.0065484403567474415,1,0
20479.0,119000,0.0065484403567474415,1,0
20479.0,120000,0.0065484403567474415,1,0
20479.0,121000,0.0065484403567474415,1,0
20479.0,122000,0.0065484403567474415,1,0
20479.0,123000,0.0065484403567474415,1,0
20479.0,124000,0.0065484403567474415,1,0
20479.0,125000,0.0065484403567474415,1,0
20479.0,126000,0.0065484403567474415,1,0
20479.0,127000,0.0065484403567474415,1,0
20479.0,128000,0.0065484403567474415,1,0
20479.0,129000,0.0065484403567474415,1,0
20479.0,130000,0.0065484403567474415,1,0
20479.0,131000,0.0065484403567474415,1,0
20479.0,132000,0.0065484403567474415,1,0
20479.0,133000,0.0065484403567474415,1,0
20479.0,134000,0.0065484403567474415,1,0
20479.0,135000,0.0065484403567474415,1,0
20479.0,136000,0.0065484403567474415,1,0
20479.0,137000,0.0065484403567474415,1,0
20479.0,138000,0.0065484403567474415,1,0
20479.0,139000,0.0065484403567474415,1,0
20479.0,140000,0.0065484403567474415,1,0
20479.0,141000,0.0065484403567474415,1,0
20479.0,142000,0.0065484403567474415,1,0
20479.0,143000,0.0065484403567474415,1,0
20479.0,144000,0.0065484403567474415,1,0
20479.0,145000,0.0065484403567474415,1,0
20479.0,146000,0.0065484403567474415,1,0
20479.0,147000,0.0065484403567474415,1,0
20479.0,148000,0.0065484403567474415,1,0
20479.0,149000,0.0065484403567474415,1,0
20479.0,150000,0.0065484403567474415,1,0
20479.0,151000,0.0065484403567474415,1,0
20479.0,152000,0.0065484403567474415,1,0
20479.0,153000,0.0065484403567474415,1,0
20479.0,154000,0.0065484403567474415,1,0
20479.0,155000,0.0065484403567474415,1,0
20479.0,156000,0.0065484403567474415,1,0
20479.0,157000,0.0065484403567474415,1,0
20479.0,158000,0.0065484403567474415,1,0
20479.0,159000,0.0065484403567474415,1,0
20479.0,160000,0.0065484403567474415,1,0
20479.0,161000,0.0065484403567474415,1,0
20479.0,162000,0.0065484403567474415,1,0
20479.0,163000,0.0065484403567474415,1,0
20479.0,164000,0.0065484403567474415,1,0
20479.0,165000,0.0065484403567474415,1,0
20479.0,166000,0.0065484403567474415,1,0
20479.0,167000,0.0065484403567474415,1,0
20479.0,168000,0.0065484403567474415,1,0
20479.0,169000,0.0065484403567474415,1,0
20479.0,170000,0.0065484403567474415,1,0
20479.0,171000,0.0065484403567474415,1,0
20479.0,172000,0.0065484403567474415,1,0
20479.0,173000,0.0065484403567474415,1,0
20479.0,174000,0.0065484403567474415,1,0
20479.0,175000,0.0065484403567474415,1,0
20479.0,176000,0.0065484403567474415,1,0
20479.0,177000,0.0065484403567474415,1,0
20479.0,178000,0.0065484403567474415,1,0
20479.0,179000,0.0065484403567474415,1,0
20479.0,180000,0.0065484403567474415,1,0
20479.0,181000,0.0065484403567474415,1,0
20479.0,182000,0.0065484403567474415,1,0
20479.0,183000,0.0065484403567474415,1,0
20479.0,184000,0.0065484403567474415,1,0
20479.0,185000,0.0065484403567474415,1,0
20479.0,186000,0.0065484403567474415,1,0
20479.0,187000,0.0065484403567474415,1,0
20479.0,188000,0.0065484403567474415,1,0
20479.0,189000,0.0065484403567474415,1,0
20479.0,190000,0.0065484403567474415,1,0
20479.0,191000,0.0065484403567474415,1,0
20479.0,192000,0.0065484403567474415,1,0
20479.0,193000,0.0065484403567474415,1,0
20479.0,194000,0.0065484403567474415,1,0
20479.0,195000,0.0065484403567474415,1,0
20479.0,196000,0.0028080867669728195,1,0
21331.0,5000,0.052485804586698714,1,0
21331.0,6000,0.06361761383478505,1,0
21331.0,7000,0.06361761383478505,1,0
21331.0,8000,0.06361761383478505,1,0
21331.0,9000,0.06361761383478505,1,0
21331.0,10000,0.06361761383478505,1,0
21331.0,11000,0.06361761383478505,1,0
21331.0,12000,0.06361761383478505,1,0
21331.0,13000,0.06361761383478505,1,0
21331.0,14000,0.06361761383478505,1,0
21331.0,15000,0.06361761383478505,1,0
21331.0,16000,0.06361761383478505,1,0
21331.0,17000,0.06361761383478505,1,0
21331.0,18000,0.06361761383478505,1,0
21331.0,19000,0.06361761383478505,1,0
21331.0,20000,0.05686760172631055,1,0
21805.0,20000,0.00534661059232898,1,0
21805.0,21000,0.050390814493609506,1,0
21805.0,22000,0.050390814493609506,1,0
21805.0,23000,0.050390814493609506,1,0
21805.0,24000,0.050390814493609506,1,0
21805.0,25000,0.050390814493609506,1,0
21805.0,26000,0.050390814493609506,1,0
21805.0,27000,0.050390814493609506,1,0
21805.0,28000,0.050390814493609506,1,0
21805.0,29000,0.050390814493609506,1,0
21805.0,30000,0.050390814493609506,1,0
21805.0,31000,0.050390814493609506,1,0
21805.0,32000,0.050390814493609506,1,0
21805.0,33000,0.050390814493609506,1,0
21805.0,34000,0.050390814493609506,1,0
21805.0,35000,0.050390814493609506,1,0
21805.0,36000,0.050390814493609506,1,0
21805.0,37000,0.050390814493609506,1,0
21805.0,38000,0.050390814493609506,1,0
21805.0,39000,0.050390814493609506,1,0
21805.0,40000,0.037227914029090384,1,0
23487.0,1000,0.10459809494252748,1,0
23487.0,2000,0.12551786495675327,1,0
23487.0,3000,0.12551786495675327,1,0
23487.0,4000,0.12551786495675327,1,0
23487.0,5000,0.12551786495675327,1,0
23487.0,6000,0.12551786495675327,1,0
23487.0,7000,0.12551786495675327,1,0
23487.0,8000,0.12551786495675327,1,0
23487.0,9000,0.016776850360199602,1,0
24063.0,0,0.09295976711637158,1,0
24063.0,1000,0.18591953423274316,1,0
24063.0,2000,0.18591953423274316,1,0
24063.0,3000,0.18591953423274316,1,0
24063.0,4000,0.18591953423274316,1,0
24063.0,5000,0.16336209595265588,1,0
24407.0,0,0.20387653076863876,1,0
24407.0,1000,0.40775306153727753,1,0
24407.0,2000,0.38837040769408376,1,0
24563.0,28000,0.0034977266468149706,1,0
24563.0,29000,0.003932998156116992,1,0
24563.0,30000,0.003932998156116992,1,0
24563.0,31000,0.003932998156116992,1,0
24563.0,32000,0.003932998156116992,1,0
24563.0,33000,0.003932998156116992,1,0
24563.0,34000,0.003932998156116992,1,0
24563.0,35000,0.003932998156116992,1,0
24563.0,36000,0.003932998156116992,1,0
24563.0,37000,0.003932998156116992,1,0
24563.0,38000,0.003932998156116992,1,0
24563.0,39000,0.003932998156116992,1,0
24563.0,40000,0.003932998156116992,1,0
24563.0,41000,0.003932998156116992,1,0
24563.0,42000,0.003932998156116992,1,0
24563.0,43000,0.003932998156116992,1,0
24563.0,44000,0.003932998156116992,1,0
24563.0,45000,0.003932998156116992,1,0
24563.0,46000,0.003932998156116992,1,0
24563.0,47000,0.003932998156116992,1,0
24563.0,48000,0.003932998156116992,1,0
24563.0,49000,0.003932998156116992,1,0
24563.0,50000,0.003932998156116992,1,0
24563.0,51000,0.003932998156116992,1,0
24563.0,52000,0.003932998156116992,1,0
24563.0,53000,0.003932998156116992,1,0
24563.0,54000,0.003932998156116992,1,0
24563.0,55000,0.003932998156116992,1,0
24563.0,56000,0.003932998156116992,1,0
24563.0,57000,0.003932998156116992,1,0
24563.0,58000,0.003932998156116992,1,0
24563.0,59000,0.003932998156116992,1,0
24563.0,60000,0.003932998156116992,1,0
24563.0,61000,0.003932998156116992,1,0
24563.0,62000,0.003932998156116992,1,0
24563.0,63000,0.003932998156116992,1,0
24563.0,64000,0.003932998156116992,1,0
24563.0,65000,0.003932998156116992,1,0
24563.0,66000,0.003932998156116992,1,0
24563.0,67000,0.003932998156116992,1,0
24563.0,68000,0.003932998156116992,1,0
24563.0,69000,0.003932998156116992,1,0
24563.0,70000,0.003932998156116992,1,0
24563.0,71000,0.003932998156116992,1,0
24563.0,72000,0.003932998156116992,1,0
24563.0,73000,0.003932998156116992,1,0
24563.0,74000,0.003932998156116992,1,0
24563.0,75000,0.003932998156116992,1,0
24563.0,76000,0.003932998156116992,1,0
24563.0,77000,0.003932998156116992,1,0
24563.0,78000,0.003932998156116992,1,0
24563.0,79000,0.003932998156116992,1,0
24563.0,80000,0.003932998156116992,1,0
24563.0,81000,0.003932998156116992,1,0
24563.0,82000,0.003932998156116992,1,0
24563.0,83000,0.003932998156116992,1,0
24563.0,84000,0.003932998156116992,1,0
24563.0,85000,0.003932998156116992,1,0
24563.0,86000,0.003932998156116992,1,0
24563.0,87000,0.003932998156116992,1,0
24563.0,88000,0.003932998156116992,1,0
24563.0,89000,0.003932998156116992,1,0
24563.0,90000,0.003932998156116992,1,0
24563.0,91000,0.003932998156116992,1,0
24563.0,92000,0.003932998156116992,1,0
24563.0,93000,0.003932998156116992,1,0
24563.0,94000,0.003932998156116992,1,0
24563.0,95000,0.003932998156116992,1,0
24563.0,96000,0.003932998156116992,1,0
24563.0,97000,0.003932998156116992,1,0
24563.0,98000,0.003932998156116992,1,0
24563.0,99000,0.003932998156116992,1,0
24563.0,100000,0.003932998156116992,1,0
24563.0,101000,0.003932998156116992,1,0
24563.0,102000,0.003932998156116992,1,0
24563.0,103000,0.003932998156116992,1,0
24563.0,104000,0.003932998156116992,1,0
24563.0,105000,0.003932998156116992,1,0
24563.0,106000,0.003932998156116992,1,0
24563.0,107000,0.003932998156116992,1,0
24563.0,108000,0.003932998156116992,1,0
24563.0,109000,0.003932998156116992,1,0
24563.0,110000,0.003932998156116992,1,0
24563.0,111000,0.003932998156116992,1,0
24563.0,112000,0.003932998156116992,1,0
24563.0,113000,0.003932998156116992,1,0
24563.0,114000,0.003932998156116992,1,0
24563.0,115000,0.003932998156116992,1,0
24563.0,116000,0.003932998156116992,1,0
24563.0,117000,0.003932998156116992,1,0
24563.0,118000,0.003932998156116992,1,0
24563.0,119000,0.003932998156116992,1,0
24563.0,120000,0.003932998156116992,1,0
24563.0,121000,0.003932998156116992,1,0
24563.0,122000,0.003932998156116992,1,0
24563.0,123000,0.003932998156116992,1,0
24563.0,124000,0.003932998156116992,1,0
24563.0,125000,0.003932998156116992,1,0
24563.0,126000,0.003932998156116992,1,0
24563.0,127000,0.003932998156116992,1,0
24563.0,128000,0.003932998156116992,1,0
24563.0,129000,0.003932998156116992,1,0
24563.0,130000,0.003932998156116992,1,0
24563.0,131000,0.003932998156116992,1,0
24563.0,132000,0.003932998156116992,1,0
24563.0,133000,0.003932998156116992,1,0
24563.0,134000,0.003932998156116992,1,0
24563.0,135000,0.003932998156116992,1,0
24563.0,136000,0.003932998156116992,1,0
24563.0,137000,0.003932998156116992,1,0
24563.0,138000,0.003932998156116992,1,0
24563.0,139000,0.003932998156116992,1,0
24563.0,140000,0.003932998156116992,1,0
24563.0,141000,0.003932998156116992,1,0
24563.0,142000,0.003932998156116992,1,0
24563.0,143000,0.003932998156116992,1,0
24563.0,144000,0.003932998156116992,1,0
24563.0,145000,0.003932998156116992,1,0
24563.0,146000,0.003932998156116992,1,0
24563.0,147000,0.003932998156116992,1,0
24563.0,148000,0.003932998156116992,1,0
24563.0,149000,0.003932998156116992,1,0
24563.0,150000,0.003932998156116992,1,0
24563.0,151000,0.003932998156116992,1,0
24563.0,152000,0.003932998156116992,1,0
24563.0,153000,0.003932998156116992,1,0
24563.0,154000,0.003932998156116992,1,0
24563.0,155000,0.003932998156116992,1,0
24563.0,156000,0.003932998156116992,1,0
24563.0,157000,0.003932998156116992,1,0
24563.0,158000,0.003932998156116992,1,0
24563.0,159000,0.003932998156116992,1,0
24563.0,160000,0.003932998156116992,1,0
24563.0,161000,0.003932998156116992,1,0
24563.0,162000,0.003932998156116992,1,0
24563.0,163000,0.003932998156116992,1,0
24563.0,164000,0.003932998156116992,1,0
24563.0,165000,0.003932998156116992,1,0
24563.0,166000,0.003932998156116992,1,0
24563.0,167000,0.003932998156116992,1,0
24563.0,168000,0.003932998156116992,1,0
24563.0,169000,0.003932998156116992,1,0
24563.0,170000,0.003932998156116992,1,0
24563.0,171000,0.003932998156116992,1,0
24563.0,172000,0.003932998156116992,1,0
24563.0,173000,0.003932998156116992,1,0
24563.0,174000,0.003932998156116992,1,0
24563.0,175000,0.003932998156116992,1,0
24563.0,176000,0.003932998156116992,1,0
24563.0,177000,0.003932998156116992,1,0
24563.0,178000,0.003932998156116992,1,0
24563.0,179000,0.003932998156116992,1,0
24563.0,180000,0.003932998156116992,1,0
24563.0,181000,0.003932998156116992,1,0
24563.0,182000,0.003932998156116992,1,0
24563.0,183000,0.003932998156116992,1,0
24563.0,184000,0.003932998156116992,1,0
24563.0,185000,0.003932998156116992,1,0
24563.0,186000,0.003932998156116992,1,0
24563.0,187000,0.003932998156116992,1,0
24563.0,188000,0.003932998156116992,1,0
24563.0,189000,0.003932998156116992,1,0
24563.0,190000,0.003932998156116992,1,0
24563.0,191000,0.003932998156116992,1,0
24563.0,192000,0.003932998156116992,1,0
24563.0,193000,0.003932998156116992,1,0
24563.0,194000,0.003932998156116992,1,0
24563.0,195000,0.003932998156116992,1,0
24563.0,196000,0.003932998156116992,1,0
24563.0,197000,0.003932998156116992,1,0
24563.0,198000,0.003932998156116992,1,0
24563.0,199000,0.003932998156116992,1,0
24563.0,200000,0.003932998156116992,1,0
24563.0,201000,0.003932998156116992,1,0
24563.0,202000,0.003932998156116992,1,0
24563.0,203000,0.003932998156116992,1,0
24563.0,204000,0.003932998156116992,1,0
24563.0,205000,0.003932998156116992,1,0
24563.0,206000,0.003932998156116992,1,0
24563.0,207000,0.003932998156116992,1,0
24563.0,208000,0.003932998156116992,1,0
24563.0,209000,0.003932998156116992,1,0
24563.0,210000,0.003932998156116992,1,0
24563.0,211000,0.003932998156116992,1,0
24563.0,212000,0.003932998156116992,1,0
24563.0,213000,0.003932998156116992,1,0
24563.0,214000,0.003932998156116992,1,0
24563.0,215000,0.003932998156116992,1,0
24563.0,216000,0.003932998156116992,1,0
24563.0,217000,0.003932998156116992,1,0
24563.0,218000,0.003932998156116992,1,0
24563.0,219000,0.003932998156116992,1,0
24563.0,220000,0.003932998156116992,1,0
24563.0,221000,0.003932998156116992,1,0
24563.0,222000,0.003932998156116992,1,0
24563.0,223000,0.003932998156116992,1,0
24563.0,224000,0.003932998156116992,1,0
24563.0,225000,0.003932998156116992,1,0
24563.0,226000,0.003932998156116992,1,0
24563.0,227000,0.003932998156116992,1,0
24563.0,228000,0.003932998156116992,1,0
24563.0,229000,0.003932998156116992,1,0
24563.0,230000,0.003932998156116992,1,0
24563.0,231000,0.003932998156116992,1,0
24563.0,232000,0.003932998156116992,1,0
24563.0,233000,0.003932998156116992,1,0
24563.0,234000,0.003932998156116992,1,0
24563.0,235000,0.003932998156116992,1,0
24563.0,236000,0.003932998156116992,1,0
24563.0,237000,0.003932998156116992,1,0
24563.0,238000,0.003932998156116992,1,0
24563.0,239000,0.003932998156116992,1,0
24563.0,240000,0.003932998156116992,1,0
24563.0,241000,0.003932998156116992,1,0
24563.0,242000,0.003932998156116992,1,0
24563.0,243000,0.003932998156116992,1,0
24563.0,244000,0.003932998156116992,1,0
24563.0,245000,0.003932998156116992,1,0
24563.0,246000,0.003932998156116992,1,0
24563.0,247000,0.003932998156116992,1,0
24563.0,248000,0.003932998156116992,1,0
24563.0,249000,0.003932998156116992,1,0
24563.0,250000,0.003932998156116992,1,0
24563.0,251000,0.003932998156116992,1,0
24563.0,252000,0.003932998156116992,1,0
24563.0,253000,0.003932998156116992,1,0
24563.0,254000,0.003932998156116992,1,0
24563.0,255000,0.003932998156116992,1,0
24563.0,256000,0.003932998156116992,1,0
24563.0,257000,0.003932998156116992,1,0
24563.0,258000,0.003932998156116992,1,0
24563.0,259000,0.003932998156116992,1,0
24563.0,260000,0.003932998156116992,1,0
24563.0,261000,0.003932998156116992,1,0
24563.0,262000,0.003932998156116992,1,0
24563.0,263000,0.003932998156116992,1,0
24563.0,264000,0.003932998156116992,1,0
24563.0,265000,0.003932998156116992,1,0
24563.0,266000,0.003932998156116992,1,0
24563.0,267000,0.003932998156116992,1,0
24563.0,268000,0.003932998156116992,1,0
24563.0,269000,0.003932998156116992,1,0
24563.0,270000,0.003932998156116992,1,0
24563.0,271000,0.003932998156116992,1,0
24563.0,272000,0.003932998156116992,1,0
24563.0,273000,0.003932998156116992,1,0
24563.0,274000,0.003932998156116992,1,0
24563.0,275000,0.003932998156116992,1,0
24563.0,276000,0.003932998156116992,1,0
24563.0,277000,0.003932998156116992,1,0
24563.0,278000,0.003932998156116992,1,0
24563.0,279000,0.003932998156116992,1,0
24563.0,280000,0.003932998156116992,1,0
24563.0,281000,0.003932998156116992,1,0
24563.0,282000,0.0014537398555862036,1,0
24736.0,77000,0.003244955756927607,1,0
24736.0,78000,0.0037207339591847828,1,0
24736.0,79000,0.0037207339591847828,1,0
24736.0,80000,0.0037207339591847828,1,0
24736.0,81000,0.0037207339591847828,1,0
24736.0,82000,0.0037207339591847828,1,0
24736.0,83000,0.0037207339591847828,1,0
24736.0,84000,0.0037207339591847828,1,0
24736.0,85000,0.0037207339591847828,1,0
24736.0,86000,0.0037207339591847828,1,0
24736.0,87000,0.0037207339591847828,1,0
24736.0,88000,0.0037207339591847828,1,0
24736.0,89000,0.0037207339591847828,1,0
24736.0,90000,0.0037207339591847828,1,0
24736.0,91000,0.0037207339591847828,1,0
24736.0,92000,0.0037207339591847828,1,0
24736.0,93000,0.0037207339591847828,1,0
24736.0,94000,0.0037207339591847828,1,0
24736.0,95000,0.0037207339591847828,1,0
24736.0,96000,0.0037207339591847828,1,0
24736.0,97000,0.0037207339591847828,1,0
24736.0,98000,0.0037207339591847828,1,0
24736.0,99000,0.0037207339591847828,1,0
24736.0,100000,0.0037207339591847828,1,0
24736.0,101000,0.0037207339591847828,1,0
24736.0,102000,0.0037207339591847828,1,0
24736.0,103000,0.0037207339591847828,1,0
24736.0,104000,0.0037207339591847828,1,0
24736.0,105000,0.0037207339591847828,1,0
24736.0,106000,0.0037207339591847828,1,0
24736.0,107000,0.0037207339591847828,1,0
24736.0,108000,0.0037207339591847828,1,0
24736.0,109000,0.0037207339591847828,1,0
24736.0,110000,0.0037207339591847828,1,0
24736.0,111000,0.0037207339591847828,1,0
24736.0,112000,0.0037207339591847828,1,0
24736.0,113000,0.0037207339591847828,1,0
24736.0,114000,0.0037207339591847828,1,0
24736.0,115000,0.0037207339591847828,1,0
24736.0,116000,0.0037207339591847828,1,0
24736.0,117000,0.0037207339591847828,1,0
24736.0,118000,0.0037207339591847828,1,0
24736.0,119000,0.0037207339591847828,1,0
24736.0,120000,0.0037207339591847828,1,0
24736.0,121000,0.0037207339591847828,1,0
24736.0,122000,0.0037207339591847828,1,0
24736.0,123000,0.0037207339591847828,1,0
24736.0,124000,0.0037207339591847828,1,0
24736.0,125000,0.0037207339591847828,1,0
24736.0,126000,0.0037207339591847828,1,0
24736.0,127000,0.0037207339591847828,1,0
24736.0,128000,0.0037207339591847828,1,0
24736.0,129000,0.0037207339591847828,1,0
24736.0,130000,0.0037207339591847828,1,0
24736.0,131000,0.0037207339591847828,1,0
24736.0,132000,0.0037207339591847828,1,0
24736.0,133000,0.0037207339591847828,1,0
24736.0,134000,0.0037207339591847828,1,0
24736.0,135000,0.0037207339591847828,1,0
24736.0,136000,0.0037207339591847828,1,0
24736.0,137000,0.0037207339591847828,1,0
24736.0,138000,0.0037207339591847828,1,0
24736.0,139000,0.0037207339591847828,1,0
24736.0,140000,0.0037207339591847828,1,0
24736.0,141000,0.0037207339591847828,1,0
24736.0,142000,0.0037207339591847828,1,0
24736.0,143000,0.0037207339591847828,1,0
24736.0,144000,0.0037207339591847828,1,0
24736.0,145000,0.0037207339591847828,1,0
24736.0,146000,0.0037207339591847828,1,0
24736.0,147000,0.0037207339591847828,1,0
24736.0,148000,0.0037207339591847828,1,0
24736.0,149000,0.0037207339591847828,1,0
24736.0,150000,0.0037207339591847828,1,0
24736.0,151000,0.0037207339591847828,1,0
24736.0,152000,0.0037207339591847828,1,0
24736.0,153000,0.0037207339591847828,1,0
24736.0,154000,0.0037207339591847828,1,0
24736.0,155000,0.0037207339591847828,1,0
24736.0,156000,0.0037207339591847828,1,0
24736.0,157000,0.0037207339591847828,1,0
24736.0,158000,0.0037207339591847828,1,0
24736.0,159000,0.0037207339591847828,1,0
24736.0,160000,0.0037207339591847828,1,0
24736.0,161000,0.0037207339591847828,1,0
24736.0,162000,0.0037207339591847828,1,0
24736.0,163000,0.0037207339591847828,1,0
24736.0,164000,0.0037207339591847828,1,0
24736.0,165000,0.0037207339591847828,1,0
24736.0,166000,0.0037207339591847828,1,0
24736.0,167000,0.0037207339591847828,1,0
24736.0,168000,0.0037207339591847828,1,0
24736.0,169000,0.0037207339591847828,1,0
24736.0,170000,0.0037207339591847828,1,0
24736.0,171000,0.0037207339591847828,1,0
24736.0,172000,0.0037207339591847828,1,0
24736.0,173000,0.0037207339591847828,1,0
24736.0,174000,0.0037207339591847828,1,0
24736.0,175000,0.0037207339591847828,1,0
24736.0,176000,0.0037207339591847828,1,0
24736.0,177000,0.0037207339591847828,1,0
24736.0,178000,0.0037207339591847828,1,0
24736.0,179000,0.0037207339591847828,1,0
24736.0,180000,0.0037207339591847828,1,0
24736.0,181000,0.0037207339591847828,1,0
24736.0,182000,0.0037207339591847828,1,0
24736.0,183000,0.0037207339591847828,1,0
24736.0,184000,0.0037207339591847828,1,0
24736.0,185000,0.0037207339591847828,1,0
24736.0,186000,0.0037207339591847828,1,0
24736.0,187000,0.0037207339591847828,1,0
24736.0,188000,0.0037207339591847828,1,0
24736.0,189000,0.0037207339591847828,1,0
24736.0,190000,0.0037207339591847828,1,0
24736.0,191000,0.0037207339591847828,1,0
24736.0,192000,0.0037207339591847828,1,0
24736.0,193000,0.0037207339591847828,1,0
24736.0,194000,0.0037207339591847828,1,0
24736.0,195000,0.0037207339591847828,1,0
24736.0,196000,0.0037207339591847828,1,0
24736.0,197000,0.0037207339591847828,1,0
24736.0,198000,0.0037207339591847828,1,0
24736.0,199000,0.0037207339591847828,1,0
24736.0,200000,0.0037207339591847828,1,0
24736.0,201000,0.0037207339591847828,1,0
24736.0,202000,0.0037207339591847828,1,0
24736.0,203000,0.0037207339591847828,1,0
24736.0,204000,0.0037207339591847828,1,0
24736.0,205000,0.0037207339591847828,1,0
24736.0,206000,0.0037207339591847828,1,0
24736.0,207000,0.0037207339591847828,1,0
24736.0,208000,0.0037207339591847828,1,0
24736.0,209000,0.0037207339591847828,1,0
24736.0,210000,0.0037207339591847828,1,0
24736.0,211000,0.0037207339591847828,1,0
24736.0,212000,0.0037207339591847828,1,0
24736.0,213000,0.0037207339591847828,1,0
24736.0,214000,0.0037207339591847828,1,0
24736.0,215000,0.0037207339591847828,1,0
24736.0,216000,0.0037207339591847828,1,0
24736.0,217000,0.0037207339591847828,1,0
24736.0,218000,0.0037207339591847828,1,0
24736.0,219000,0.0037207339591847828,1,0
24736.0,220000,0.0037207339591847828,1,0
24736.0,221000,0.0037207339591847828,1,0
24736.0,222000,0.0037207339591847828,1,0
24736.0,223000,0.0037207339591847828,1,0
24736.0,224000,0.0037207339591847828,1,0
24736.0,225000,0.0037207339591847828,1,0
24736.0,226000,0.0037207339591847828,1,0
24736.0,227000,0.0037207339591847828,1,0
24736.0,228000,0.0037207339591847828,1,0
24736.0,229000,0.0037207339591847828,1,0
24736.0,230000,0.0037207339591847828,1,0
24736.0,231000,0.0037207339591847828,1,0
24736.0,232000,0.0037207339591847828,1,0
24736.0,233000,0.0037207339591847828,1,0
24736.0,234000,0.0037207339591847828,1,0
24736.0,235000,0.0037207339591847828,1,0
24736.0,236000,0.0037207339591847828,1,0
24736.0,237000,0.0037207339591847828,1,0
24736.0,238000,0.0037207339591847828,1,0
24736.0,239000,0.0037207339591847828,1,0
24736.0,240000,0.0037207339591847828,1,0
24736.0,241000,0.0037207339591847828,1,0
24736.0,242000,0.0037207339591847828,1,0
24736.0,243000,0.0037207339591847828,1,0
24736.0,244000,0.0037207339591847828,1,0
24736.0,245000,0.0037207339591847828,1,0
24736.0,246000,0.0037207339591847828,1,0
24736.0,247000,0.0037207339591847828,1,0
24736.0,248000,0.0037207339591847828,1,0
24736.0,249000,0.0037207339591847828,1,0
24736.0,250000,0.0037207339591847828,1,0
24736.0,251000,0.0037207339591847828,1,0
24736.0,252000,0.0037207339591847828,1,0
24736.0,253000,0.0037207339591847828,1,0
24736.0,254000,0.0037207339591847828,1,0
24736.0,255000,0.0037207339591847828,1,0
24736.0,256000,0.0037207339591847828,1,0
24736.0,257000,0.0037207339591847828,1,0
24736.0,258000,0.0037207339591847828,1,0
24736.0,259000,0.0037207339591847828,1,0
24736.0,260000,0.0037207339591847828,1,0
24736.0,261000,0.0037207339591847828,1,0
24736.0,262000,0.0037207339591847828,1,0
24736.0,263000,0.0037207339591847828,1,0
24736.0,264000,0.0037207339591847828,1,0
24736.0,265000,0.0037207339591847828,1,0
24736.0,266000,0.0037207339591847828,1,0
24736.0,267000,0.0037207339591847828,1,0
24736.0,268000,0.0037207339591847828,1,0
24736.0,269000,0.0037207339591847828,1,0
24736.0,270000,0.0037207339591847828,1,0
24736.0,271000,0.0037207339591847828,1,0
24736.0,272000,0.0037207339591847828,1,0
24736.0,273000,0.0037207339591847828,1,0
24736.0,274000,0.0037207339591847828,1,0
24736.0,275000,0.0037207339591847828,1,0
24736.0,276000,0.0037207339591847828,1,0
24736.0,277000,0.0037207339591847828,1,0
24736.0,278000,0.0037207339591847828,1,0
24736.0,279000,0.0037207339591847828,1,0
24736.0,280000,0.0037207339591847828,1,0
24736.0,281000,0.0037207339591847828,1,0
24736.0,282000,0.0037207339591847828,1,0
24736.0,283000,0.0037207339591847828,1,0
24736.0,284000,0.0037207339591847828,1,0
24736.0,285000,0.0037207339591847828,1,0
24736.0,286000,0.0037207339591847828,1,0
24736.0,287000,0.0037207339591847828,1,0
24736.0,288000,0.0037207339591847828,1,0
24736.0,289000,0.0037207339591847828,1,0
24736.0,290000,0.0037207339591847828,1,0
24736.0,291000,0.0037207339591847828,1,0
24736.0,292000,0.0037207339591847828,1,0
24736.0,293000,0.0037207339591847828,1,0
24736.0,294000,0.0037207339591847828,1,0
24736.0,295000,0.0037207339591847828,1,0
24736.0,296000,0.0037207339591847828,1,0
24736.0,297000,0.0037207339591847828,1,0
24736.0,298000,0.0037207339591847828,1,0
24736.0,299000,0.0037207339591847828,1,0
24736.0,300000,0.0037207339591847828,1,0
24736.0,301000,0.0037207339591847828,1,0
24736.0,302000,0.0037207339591847828,1,0
24736.0,303000,0.0037207339591847828,1,0
24736.0,304000,0.0037207339591847828,1,0
24736.0,305000,0.0037207339591847828,1,0
24736.0,306000,0.0037207339591847828,1,0
24736.0,307000,0.0037207339591847828,1,0
24736.0,308000,0.0037207339591847828,1,0
24736.0,309000,0.0037207339591847828,1,0
24736.0,310000,0.0037207339591847828,1,0
24736.0,311000,0.0037207339591847828,1,0
24736.0,312000,0.0037207339591847828,1,0
24736.0,313000,0.0037207339591847828,1,0
24736.0,314000,0.0037207339591847828,1,0
24736.0,315000,0.0037207339591847828,1,0
24736.0,316000,0.0037207339591847828,1,0
24736.0,317000,0.0037207339591847828,1,0
24736.0,318000,0.0037207339591847828,1,0
24736.0,319000,0.0037207339591847828,1,0
24736.0,320000,0.0037207339591847828,1,0
24736.0,321000,0.0037207339591847828,1,0
24736.0,322000,0.0037207339591847828,1,0
24736.0,323000,0.0037207339591847828,1,0
24736.0,324000,0.0037207339591847828,1,0
24736.0,325000,0.0037207339591847828,1,0
24736.0,326000,0.0037207339591847828,1,0
24736.0,327000,0.0037207339591847828,1,0
24736.0,328000,0.0037207339591847828,1,0
24736.0,329000,0.0037207339591847828,1,0
24736.0,330000,0.0037207339591847828,1,0
24736.0,331000,0.0037207339591847828,1,0
24736.0,332000,0.0037207339591847828,1,0
24736.0,333000,0.0037207339591847828,1,0
24736.0,334000,0.0037207339591847828,1,0
24736.0,335000,0.0037207339591847828,1,0
24736.0,336000,0.0037207339591847828,1,0
24736.0,337000,0.0037207339591847828,1,0
24736.0,338000,0.0037207339591847828,1,0
24736.0,339000,0.0037207339591847828,1,0
24736.0,340000,0.0037207339591847828,1,0
24736.0,341000,0.0037207339591847828,1,0
24736.0,342000,0.0037207339591847828,1,0
24736.0,343000,0.0037207339591847828,1,0
24736.0,344000,0.0037207339591847828,1,0
24736.0,345000,0.0033190771407354235,1,0
24993.0,31000,0.0014646885215519464,1,0
24993.0,32000,0.0031811424167822212,1,0
24993.0,33000,0.0031811424167822212,1,0
24993.0,34000,0.0031811424167822212,1,0
24993.0,35000,0.0031811424167822212,1,0
24993.0,36000,0.0031811424167822212,1,0
24993.0,37000,0.0031811424167822212,1,0
24993.0,38000,0.0031811424167822212,1,0
24993.0,39000,0.0031811424167822212,1,0
24993.0,40000,0.0031811424167822212,1,0
24993.0,41000,0.0031811424167822212,1,0
24993.0,42000,0.0031811424167822212,1,0
24993.0,43000,0.0031811424167822212,1,0
24993.0,44000,0.0031811424167822212,1,0
24993.0,45000,0.0031811424167822212,1,0
24993.0,46000,0.0031811424167822212,1,0
24993.0,47000,0.0031811424167822212,1,0
24993.0,48000,0.0031811424167822212,1,0
24993.0,49000,0.0031811424167822212,1,0
24993.0,50000,0.0031811424167822212,1,0
24993.0,51000,0.0031811424167822212,1,0
24993.0,52000,0.0031811424167822212,1,0
24993.0,53000,0.0031811424167822212,1,0
24993.0,54000,0.0031811424167822212,1,0
24993.0,55000,0.0031811424167822212,1,0
24993.0,56000,0.0031811424167822212,1,0
24993.0,57000,0.0031811424167822212,1,0
24993.0,58000,0.0031811424167822212,1,0
24993.0,59000,0.0031811424167822212,1,0
24993.0,60000,0.0031811424167822212,1,0
24993.0,61000,0.0031811424167822212,1,0
24993.0,62000,0.0031811424167822212,1,0
24993.0,63000,0.0031811424167822212,1,0
24993.0,64000,0.0031811424167822212,1,0
24993.0,65000,0.0031811424167822212,1,0
24993.0,66000,0.0031811424167822212,1,0
24993.0,67000,0.0031811424167822212,1,0
24993.0,68000,0.0031811424167822212,1,0
24993.0,69000,0.0031811424167822212,1,0
24993.0,70000,0.0031811424167822212,1,0
24993.0,71000,0.0031811424167822212,1,0
24993.0,72000,0.0031811424167822212,1,0
24993.0,73000,0.0031811424167822212,1,0
24993.0,74000,0.0031811424167822212,1,0
24993.0,75000,0.0031811424167822212,1,0
24993.0,76000,0.0031811424167822212,1,0
24993.0,77000,0.0031811424167822212,1,0
24993.0,78000,0.0031811424167822212,1,0
24993.0,79000,0.0031811424167822212,1,0
24993.0,80000,0.0031811424167822212,1,0
24993.0,81000,0.0031811424167822212,1,0
24993.0,82000,0.0031811424167822212,1,0
24993.0,83000,0.0031811424167822212,1,0
24993.0,84000,0.0031811424167822212,1,0
24993.0,85000,0.0031811424167822212,1,0
24993.0,86000,0.0031811424167822212,1,0
24993.0,87000,0.0031811424167822212,1,0
24993.0,88000,0.0031811424167822212,1,0
24993.0,89000,0.0031811424167822212,1,0
24993.0,90000,0.0031811424167822212,1,0
24993.0,91000,0.0031811424167822212,1,0
24993.0,92000,0.0031811424167822212,1,0
24993.0,93000,0.0031811424167822212,1,0
24993.0,94000,0.0031811424167822212,1,0
24993.0,95000,0.0031811424167822212,1,0
24993.0,96000,0.0031811424167822212,1,0
24993.0,97000,0.0031811424167822212,1,0
24993.0,98000,0.0031811424167822212,1,0
24993.0,99000,0.0031811424167822212,1,0
24993.0,100000,0.0031811424167822212,1,0
24993.0,101000,0.0031811424167822212,1,0
24993.0,102000,0.0031811424167822212,1,0
24993.0,103000,0.0031811424167822212,1,0
24993.0,104000,0.0031811424167822212,1,0
24993.0,105000,0.0031811424167822212,1,0
24993.0,106000,0.0031811424167822212,1,0
24993.0,107000,0.0031811424167822212,1,0
24993.0,108000,0.0031811424167822212,1,0
24993.0,109000,0.0031811424167822212,1,0
24993.0,110000,0.0031811424167822212,1,0
24993.0,111000,0.0031811424167822212,1,0
24993.0,112000,0.0031811424167822212,1,0
24993.0,113000,0.0031811424167822212,1,0
24993.0,114000,0.0031811424167822212,1,0
24993.0,115000,0.0031811424167822212,1,0
24993.0,116000,0.0031811424167822212,1,0
24993.0,117000,0.0031811424167822212,1,0
24993.0,118000,0.0031811424167822212,1,0
24993.0,119000,0.0031811424167822212,1,0
24993.0,120000,0.0031811424167822212,1,0
24993.0,121000,0.0031811424167822212,1,0
24993.0,122000,0.0031811424167822212,1,0
24993.0,123000,0.0031811424167822212,1,0
24993.0,124000,0.0031811424167822212,1,0
24993.0,125000,0.0031811424167822212,1,0
24993.0,126000,0.0031811424167822212,1,0
24993.0,127000,0.0031811424167822212,1,0
24993.0,128000,0.0031811424167822212,1,0
24993.0,129000,0.0031811424167822212,1,0
24993.0,130000,0.0031811424167822212,1,0
24993.0,131000,0.0031811424167822212,1,0
24993.0,132000,0.0031811424167822212,1,0
24993.0,133000,0.0031811424167822212,1,0
24993.0,134000,0.0031811424167822212,1,0
24993.0,135000,0.0031811424167822212,1,0
24993.0,136000,0.0031811424167822212,1,0
24993.0,137000,0.0031811424167822212,1,0
24993.0,138000,0.0031811424167822212,1,0
24993.0,139000,0.0031811424167822212,1,0
24993.0,140000,0.0031811424167822212,1,0
24993.0,141000,0.0031811424167822212,1,0
24993.0,142000,0.0031811424167822212,1,0
24993.0,143000,0.0031811424167822212,1,0
24993.0,144000,0.0031811424167822212,1,0
24993.0,145000,0.0031811424167822212,1,0
24993.0,146000,0.0031811424167822212,1,0
24993.0,147000,0.0031811424167822212,1,0
24993.0,148000,0.0031811424167822212,1,0
24993.0,149000,0.0031811424167822212,1,0
24993.0,150000,0.0031811424167822212,1,0
24993.0,151000,0.0031811424167822212,1,0
24993.0,152000,0.0031811424167822212,1,0
24993.0,153000,0.0031811424167822212,1,0
24993.0,154000,0.0031811424167822212,1,0
24993.0,155000,0.0031811424167822212,1,0
24993.0,156000,0.0031811424167822212,1,0
24993.0,157000,0.0031811424167822212,1,0
24993.0,158000,0.0031811424167822212,1,0
24993.0,159000,0.0031811424167822212,1,0
24993.0,160000,0.0031811424167822212,1,0
24993.0,161000,0.0031811424167822212,1,0
24993.0,162000,0.0031811424167822212,1,0
24993.0,163000,0.0031811424167822212,1,0
24993.0,164000,0.0031811424167822212,1,0
24993.0,165000,0.0031811424167822212,1,0
24993.0,166000,0.0031811424167822212,1,0
24993.0,167000,0.0031811424167822212,1,0
24993.0,168000,0.0031811424167822212,1,0
24993.0,169000,0.0031811424167822212,1,0
24993.0,170000,0.0031811424167822212,1,0
24993.0,171000,0.0031811424167822212,1,0
24993.0,172000,0.0031811424167822212,1,0
24993.0,173000,0.0031811424167822212,1,0
24993.0,174000,0.0031811424167822212,1,0
24993.0,175000,0.0031811424167822212,1,0
24993.0,176000,0.0031811424167822212,1,0
24993.0,177000,0.0031811424167822212,1,0
24993.0,178000,0.0031811424167822212,1,0
24993.0,179000,0.0031811424167822212,1,0
24993.0,180000,0.0031811424167822212,1,0
24993.0,181000,0.0031811424167822212,1,0
24993.0,182000,0.0031811424167822212,1,0
24993.0,183000,0.0031811424167822212,1,0
24993.0,184000,0.0031811424167822212,1,0
24993.0,185000,0.0031811424167822212,1,0
24993.0,186000,0.0031811424167822212,1,0
24993.0,187000,0.0031811424167822212,1,0
24993.0,188000,0.0031811424167822212,1,0
24993.0,189000,0.0031811424167822212,1,0
24993.0,190000,0.0031811424167822212,1,0
24993.0,191000,0.0031811424167822212,1,0
24993.0,192000,0.0031811424167822212,1,0
24993.0,193000,0.0031811424167822212,1,0
24993.0,194000,0.0031811424167822212,1,0
24993.0,195000,0.0031811424167822212,1,0
24993.0,196000,0.0031811424167822212,1,0
24993.0,197000,0.0031811424167822212,1,0
24993.0,198000,0.0031811424167822212,1,0
24993.0,199000,0.0031811424167822212,1,0
24993.0,200000,0.0031811424167822212,1,0
24993.0,201000,0.0031811424167822212,1,0
24993.0,202000,0.0031811424167822212,1,0
24993.0,203000,0.0031811424167822212,1,0
24993.0,204000,0.0031811424167822212,1,0
24993.0,205000,0.0031811424167822212,1,0
24993.0,206000,0.0031811424167822212,1,0
24993.0,207000,0.0031811424167822212,1,0
24993.0,208000,0.0031811424167822212,1,0
24993.0,209000,0.0031811424167822212,1,0
24993.0,210000,0.0031811424167822212,1,0
24993.0,211000,0.0031811424167822212,1,0
24993.0,212000,0.0031811424167822212,1,0
24993.0,213000,0.0031811424167822212,1,0
24993.0,214000,0.0031811424167822212,1,0
24993.0,215000,0.0031811424167822212,1,0
24993.0,216000,0.0031811424167822212,1,0
24993.0,217000,0.0031811424167822212,1,0
24993.0,218000,0.0031811424167822212,1,0
24993.0,219000,0.0031811424167822212,1,0
24993.0,220000,0.0031811424167822212,1,0
24993.0,221000,0.0031811424167822212,1,0
24993.0,222000,0.0031811424167822212,1,0
24993.0,223000,0.0031811424167822212,1,0
24993.0,224000,0.0031811424167822212,1,0
24993.0,225000,0.0031811424167822212,1,0
24993.0,226000,0.0031811424167822212,1,0
24993.0,227000,0.0031811424167822212,1,0
24993.0,228000,0.0031811424167822212,1,0
24993.0,229000,0.0031811424167822212,1,0
24993.0,230000,0.0031811424167822212,1,0
24993.0,231000,0.0031811424167822212,1,0
24993.0,232000,0.0031811424167822212,1,0
24993.0,233000,0.0031811424167822212,1,0
24993.0,234000,0.0031811424167822212,1,0
24993.0,235000,0.0031811424167822212,1,0
24993.0,236000,0.0031811424167822212,1,0
24993.0,237000,0.0031811424167822212,1,0
24993.0,238000,0.0031811424167822212,1,0
24993.0,239000,0.0031811424167822212,1,0
24993.0,240000,0.0031811424167822212,1,0
24993.0,241000,0.0031811424167822212,1,0
24993.0,242000,0.0031811424167822212,1,0
24993.0,243000,0.0031811424167822212,1,0
24993.0,244000,0.0031811424167822212,1,0
24993.0,245000,0.0031811424167822212,1,0
24993.0,246000,0.0031811424167822212,1,0
24993.0,247000,0.0031811424167822212,1,0
24993.0,248000,0.0031811424167822212,1,0
24993.0,249000,0.0031811424167822212,1,0
24993.0,250000,0.0031811424167822212,1,0
24993.0,251000,0.0031811424167822212,1,0
24993.0,252000,0.0031811424167822212,1,0
24993.0,253000,0.0031811424167822212,1,0
24993.0,254000,0.0031811424167822212,1,0
24993.0,255000,0.0031811424167822212,1,0
24993.0,256000,0.0031811424167822212,1,0
24993.0,257000,0.0031811424167822212,1,0
24993.0,258000,0.0031811424167822212,1,0
24993.0,259000,0.0031811424167822212,1,0
24993.0,260000,0.0031811424167822212,1,0
24993.0,261000,0.0031811424167822212,1,0
24993.0,262000,0.0031811424167822212,1,0
24993.0,263000,0.0031811424167822212,1,0
24993.0,264000,0.0031811424167822212,1,0
24993.0,265000,0.0031811424167822212,1,0
24993.0,266000,0.0031811424167822212,1,0
24993.0,267000,0.0031811424167822212,1,0
24993.0,268000,0.0031811424167822212,1,0
24993.0,269000,0.0031811424167822212,1,0
24993.0,270000,0.0031811424167822212,1,0
24993.0,271000,0.0031811424167822212,1,0
24993.0,272000,0.0031811424167822212,1,0
24993.0,273000,0.0031811424167822212,1,0
24993.0,274000,0.0031811424167822212,1,0
24993.0,275000,0.0031811424167822212,1,0
24993.0,276000,0.0031811424167822212,1,0
24993.0,277000,0.0031811424167822212,1,0
24993.0,278000,0.0031811424167822212,1,0
24993.0,279000,0.0031811424167822212,1,0
24993.0,280000,0.0031811424167822212,1,0
24993.0,281000,0.0031811424167822212,1,0
24993.0,282000,0.0031811424167822212,1,0
24993.0,283000,0.0031811424167822212,1,0
24993.0,284000,0.0031811424167822212,1,0
24993.0,285000,0.0031811424167822212,1,0
24993.0,286000,0.0031811424167822212,1,0
24993.0,287000,0.0031811424167822212,1,0
24993.0,288000,0.0031811424167822212,1,0
24993.0,289000,0.0031811424167822212,1,0
24993.0,290000,0.0031811424167822212,1,0
24993.0,291000,0.0031811424167822212,1,0
24993.0,292000,0.0031811424167822212,1,0
24993.0,293000,0.0031811424167822212,1,0
24993.0,294000,0.0031811424167822212,1,0
24993.0,295000,0.0031811424167822212,1,0
24993.0,296000,0.0031811424167822212,1,0
24993.0,297000,0.0031811424167822212,1,0
24993.0,298000,0.0031811424167822212,1,0
24993.0,299000,0.0031811424167822212,1,0
24993.0,300000,0.0031811424167822212,1,0
24993.0,301000,0.0031811424167822212,1,0
24993.0,302000,0.0031811424167822212,1,0
24993.0,303000,0.0031811424167822212,1,0
24993.0,304000,0.0031811424167822212,1,0
24993.0,305000,0.0031811424167822212,1,0
24993.0,306000,0.0031811424167822212,1,0
24993.0,307000,0.0031811424167822212,1,0
24993.0,308000,0.0031811424167822212,1,0
24993.0,309000,0.0031811424167822212,1,0
24993.0,310000,0.0031811424167822212,1,0
24993.0,311000,0.0031811424167822212,1,0
24993.0,312000,0.0031811424167822212,1,0
24993.0,313000,0.0031811424167822212,1,0
24993.0,314000,0.0031811424167822212,1,0
24993.0,315000,0.0031811424167822212,1,0
24993.0,316000,0.0031811424167822212,1,0
24993.0,317000,0.0031811424167822212,1,0
24993.0,318000,0.0031811424167822212,1,0
24993.0,319000,0.0031811424167822212,1,0
24993.0,320000,0.0031811424167822212,1,0
24993.0,321000,0.0031811424167822212,1,0
24993.0,322000,0.0031811424167822212,1,0
24993.0,323000,0.0031811424167822212,1,0
24993.0,324000,0.0031811424167822212,1,0
24993.0,325000,0.0031811424167822212,1,0
24993.0,326000,0.0031811424167822212,1,0
24993.0,327000,0.0031811424167822212,1,0
24993.0,328000,0.0031811424167822212,1,0
24993.0,329000,0.0031811424167822212,1,0
24993.0,330000,0.0031811424167822212,1,0
24993.0,331000,0.0031811424167822212,1,0
24993.0,332000,0.0031811424167822212,1,0
24993.0,333000,0.0031811424167822212,1,0
24993.0,334000,0.0031811424167822212,1,0
24993.0,335000,0.0031811424167822212,1,0
24993.0,336000,0.0031811424167822212,1,0
24993.0,337000,0.0031811424167822212,1,0
24993.0,338000,0.0031811424167822212,1,0
24993.0,339000,0.0031811424167822212,1,0
24993.0,340000,0.0031811424167822212,1,0
24993.0,341000,0.0031811424167822212,1,0
24993.0,342000,0.0031811424167822212,1,0
24993.0,343000,0.0031811424167822212,1,0
24993.0,344000,0.0031811424167822212,1,0
24993.0,345000,0.0028377350256128175,1,0
25277.0,1000,0.4155496447963917,1,0
25277.0,2000,0.4360012447121867,1,0
25277.0,3000,0.14844911049142162,1,0
25475.0,77000,0.003347924496714731,1,0
25475.0,78000,0.0038388000641054734,1,0
25475.0,79000,0.0038388000641054734,1,0
25475.0,80000,0.0038388000641054734,1,0
25475.0,81000,0.0038388000641054734,1,0
25475.0,82000,0.0038388000641054734,1,0
25475.0,83000,0.0038388000641054734,1,0
25475.0,84000,0.0038388000641054734,1,0
25475.0,85000,0.0038388000641054734,1,0
25475.0,86000,0.0038388000641054734,1,0
25475.0,87000,0.0038388000641054734,1,0
25475.0,88000,0.0038388000641054734,1,0
25475.0,89000,0.0038388000641054734,1,0
25475.0,90000,0.0038388000641054734,1,0
25475.0,91000,0.0038388000641054734,1,0
25475.0,92000,0.0038388000641054734,1,0
25475.0,93000,0.0038388000641054734,1,0
25475.0,94000,0.0038388000641054734,1,0
25475.0,95000,0.0038388000641054734,1,0
25475.0,96000,0.0038388000641054734,1,0
25475.0,97000,0.0038388000641054734,1,0
25475.0,98000,0.0038388000641054734,1,0
25475.0,99000,0.0038388000641054734,1,0
25475.0,100000,0.0038388000641054734,1,0
25475.0,101000,0.0038388000641054734,1,0
25475.0,102000,0.0038388000641054734,1,0
25475.0,103000,0.0038388000641054734,1,0
25475.0,104000,0.0038388000641054734,1,0
25475.0,105000,0.0038388000641054734,1,0
25475.0,106000,0.0038388000641054734,1,0
25475.0,107000,0.0038388000641054734,1,0
25475.0,108000,0.0038388000641054734,1,0
25475.0,109000,0.0038388000641054734,1,0
25475.0,110000,0.0038388000641054734,1,0
25475.0,111000,0.0038388000641054734,1,0
25475.0,112000,0.0038388000641054734,1,0
25475.0,113000,0.0038388000641054734,1,0
25475.0,114000,0.0038388000641054734,1,0
25475.0,115000,0.0038388000641054734,1,0
25475.0,116000,0.0038388000641054734,1,0
25475.0,117000,0.0038388000641054734,1,0
25475.0,118000,0.0038388000641054734,1,0
25475.0,119000,0.0038388000641054734,1,0
25475.0,120000,0.0038388000641054734,1,0
25475.0,121000,0.0038388000641054734,1,0
25475.0,122000,0.0038388000641054734,1,0
25475.0,123000,0.0038388000641054734,1,0
25475.0,124000,0.0038388000641054734,1,0
25475.0,125000,0.0038388000641054734,1,0
25475.0,126000,0.0038388000641054734,1,0
25475.0,127000,0.0038388000641054734,1,0
25475.0,128000,0.0038388000641054734,1,0
25475.0,129000,0.0038388000641054734,1,0
25475.0,130000,0.0038388000641054734,1,0
25475.0,131000,0.0038388000641054734,1,0
25475.0,132000,0.0038388000641054734,1,0
25475.0,133000,0.0038388000641054734,1,0
25475.0,134000,0.0038388000641054734,1,0
25475.0,135000,0.0038388000641054734,1,0
25475.0,136000,0.0038388000641054734,1,0
25475.0,137000,0.0038388000641054734,1,0
25475.0,138000,0.0038388000641054734,1,0
25475.0,139000,0.0038388000641054734,1,0
25475.0,140000,0.0038388000641054734,1,0
25475.0,141000,0.0038388000641054734,1,0
25475.0,142000,0.0038388000641054734,1,0
25475.0,143000,0.0038388000641054734,1,0
25475.0,144000,0.0038388000641054734,1,0
25475.0,145000,0.0038388000641054734,1,0
25475.0,146000,0.0038388000641054734,1,0
25475.0,147000,0.0038388000641054734,1,0
25475.0,148000,0.0038388000641054734,1,0
25475.0,149000,0.0038388000641054734,1,0
25475.0,150000,0.0038388000641054734,1,0
25475.0,151000,0.0038388000641054734,1,0
25475.0,152000,0.0038388000641054734,1,0
25475.0,153000,0.0038388000641054734,1,0
25475.0,154000,0.0038388000641054734,1,0
25475.0,155000,0.0038388000641054734,1,0
25475.0,156000,0.0038388000641054734,1,0
25475.0,157000,0.0038388000641054734,1,0
25475.0,158000,0.0038388000641054734,1,0
25475.0,159000,0.0038388000641054734,1,0
25475.0,160000,0.0038388000641054734,1,0
25475.0,161000,0.0038388000641054734,1,0
25475.0,162000,0.0038388000641054734,1,0
25475.0,163000,0.0038388000641054734,1,0
25475.0,164000,0.0038388000641054734,1,0
25475.0,165000,0.0038388000641054734,1,0
25475.0,166000,0.0038388000641054734,1,0
25475.0,167000,0.0038388000641054734,1,0
25475.0,168000,0.0038388000641054734,1,0
25475.0,169000,0.0038388000641054734,1,0
25475.0,170000,0.0038388000641054734,1,0
25475.0,171000,0.0038388000641054734,1,0
25475.0,172000,0.0038388000641054734,1,0
25475.0,173000,0.0038388000641054734,1,0
25475.0,174000,0.0038388000641054734,1,0
25475.0,175000,0.0038388000641054734,1,0
25475.0,176000,0.0038388000641054734,1,0
25475.0,177000,0.0038388000641054734,1,0
25475.0,178000,0.0038388000641054734,1,0
25475.0,179000,0.0038388000641054734,1,0
25475.0,180000,0.0038388000641054734,1,0
25475.0,181000,0.0038388000641054734,1,0
25475.0,182000,0.0038388000641054734,1,0
25475.0,183000,0.0038388000641054734,1,0
25475.0,184000,0.0038388000641054734,1,0
25475.0,185000,0.0038388000641054734,1,0
25475.0,186000,0.0038388000641054734,1,0
25475.0,187000,0.0038388000641054734,1,0
25475.0,188000,0.0038388000641054734,1,0
25475.0,189000,0.0038388000641054734,1,0
25475.0,190000,0.0038388000641054734,1,0
25475.0,191000,0.0038388000641054734,1,0
25475.0,192000,0.0038388000641054734,1,0
25475.0,193000,0.0038388000641054734,1,0
25475.0,194000,0.0038388000641054734,1,0
25475.0,195000,0.0038388000641054734,1,0
25475.0,196000,0.0038388000641054734,1,0
25475.0,197000,0.0038388000641054734,1,0
25475.0,198000,0.0038388000641054734,1,0
25475.0,199000,0.0038388000641054734,1,0
25475.0,200000,0.0038388000641054734,1,0
25475.0,201000,0.0038388000641054734,1,0
25475.0,202000,0.0038388000641054734,1,0
25475.0,203000,0.0038388000641054734,1,0
25475.0,204000,0.0038388000641054734,1,0
25475.0,205000,0.0038388000641054734,1,0
25475.0,206000,0.0038388000641054734,1,0
25475.0,207000,0.0038388000641054734,1,0
25475.0,208000,0.0038388000641054734,1,0
25475.0,209000,0.0038388000641054734,1,0
25475.0,210000,0.0038388000641054734,1,0
25475.0,211000,0.0038388000641054734,1,0
25475.0,212000,0.0038388000641054734,1,0
25475.0,213000,0.0038388000641054734,1,0
25475.0,214000,0.0038388000641054734,1,0
25475.0,215000,0.0038388000641054734,1,0
25475.0,216000,0.0038388000641054734,1,0
25475.0,217000,0.0038388000641054734,1,0
25475.0,218000,0.0038388000641054734,1,0
25475.0,219000,0.0038388000641054734,1,0
25475.0,220000,0.0038388000641054734,1,0
25475.0,221000,0.0038388000641054734,1,0
25475.0,222000,0.0038388000641054734,1,0
25475.0,223000,0.0038388000641054734,1,0
25475.0,224000,0.0038388000641054734,1,0
25475.0,225000,0.0038388000641054734,1,0
25475.0,226000,0.0038388000641054734,1,0
25475.0,227000,0.0038388000641054734,1,0
25475.0,228000,0.0038388000641054734,1,0
25475.0,229000,0.0038388000641054734,1,0
25475.0,230000,0.0038388000641054734,1,0
25475.0,231000,0.0038388000641054734,1,0
25475.0,232000,0.0038388000641054734,1,0
25475.0,233000,0.0038388000641054734,1,0
25475.0,234000,0.0038388000641054734,1,0
25475.0,235000,0.0038388000641054734,1,0
25475.0,236000,0.0038388000641054734,1,0
25475.0,237000,0.0038388000641054734,1,0
25475.0,238000,0.0038388000641054734,1,0
25475.0,239000,0.0038388000641054734,1,0
25475.0,240000,0.0038388000641054734,1,0
25475.0,241000,0.0038388000641054734,1,0
25475.0,242000,0.0038388000641054734,1,0
25475.0,243000,0.0038388000641054734,1,0
25475.0,244000,0.0038388000641054734,1,0
25475.0,245000,0.0038388000641054734,1,0
25475.0,246000,0.0038388000641054734,1,0
25475.0,247000,0.0038388000641054734,1,0
25475.0,248000,0.0038388000641054734,1,0
25475.0,249000,0.0038388000641054734,1,0
25475.0,250000,0.0038388000641054734,1,0
25475.0,251000,0.0038388000641054734,1,0
25475.0,252000,0.0038388000641054734,1,0
25475.0,253000,0.0038388000641054734,1,0
25475.0,254000,0.0038388000641054734,1,0
25475.0,255000,0.0038388000641054734,1,0
25475.0,256000,0.0038388000641054734,1,0
25475.0,257000,0.0038388000641054734,1,0
25475.0,258000,0.0038388000641054734,1,0
25475.0,259000,0.0038388000641054734,1,0
25475.0,260000,0.0038388000641054734,1,0
25475.0,261000,0.0038388000641054734,1,0
25475.0,262000,0.0038388000641054734,1,0
25475.0,263000,0.0038388000641054734,1,0
25475.0,264000,0.0038388000641054734,1,0
25475.0,265000,0.0038388000641054734,1,0
25475.0,266000,0.0038388000641054734,1,0
25475.0,267000,0.0038388000641054734,1,0
25475.0,268000,0.0038388000641054734,1,0
25475.0,269000,0.0038388000641054734,1,0
25475.0,270000,0.0038388000641054734,1,0
25475.0,271000,0.0038388000641054734,1,0
25475.0,272000,0.0038388000641054734,1,0
25475.0,273000,0.0038388000641054734,1,0
25475.0,274000,0.0038388000641054734,1,0
25475.0,275000,0.0038388000641054734,1,0
25475.0,276000,0.0038388000641054734,1,0
25475.0,277000,0.0038388000641054734,1,0
25475.0,278000,0.0038388000641054734,1,0
25475.0,279000,0.0038388000641054734,1,0
25475.0,280000,0.0038388000641054734,1,0
25475.0,281000,0.0038388000641054734,1,0
25475.0,282000,0.0038388000641054734,1,0
25475.0,283000,0.0038388000641054734,1,0
25475.0,284000,0.0038388000641054734,1,0
25475.0,285000,0.0038388000641054734,1,0
25475.0,286000,0.0038388000641054734,1,0
25475.0,287000,0.0038388000641054734,1,0
25475.0,288000,0.0038388000641054734,1,0
25475.0,289000,0.0038388000641054734,1,0
25475.0,290000,0.0038388000641054734,1,0
25475.0,291000,0.0038388000641054734,1,0
25475.0,292000,0.0038388000641054734,1,0
25475.0,293000,0.0038388000641054734,1,0
25475.0,294000,0.0038388000641054734,1,0
25475.0,295000,0.0038388000641054734,1,0
25475.0,296000,0.0038388000641054734,1,0
25475.0,297000,0.0038388000641054734,1,0
25475.0,298000,0.0038388000641054734,1,0
25475.0,299000,0.0038388000641054734,1,0
25475.0,300000,0.0038388000641054734,1,0
25475.0,301000,0.0038388000641054734,1,0
25475.0,302000,0.0038388000641054734,1,0
25475.0,303000,0.0038388000641054734,1,0
25475.0,304000,0.0038388000641054734,1,0
25475.0,305000,0.0038388000641054734,1,0
25475.0,306000,0.0038388000641054734,1,0
25475.0,307000,0.0038388000641054734,1,0
25475.0,308000,0.0038388000641054734,1,0
25475.0,309000,0.0038388000641054734,1,0
25475.0,310000,0.0038388000641054734,1,0
25475.0,311000,0.0038388000641054734,1,0
25475.0,312000,0.0038388000641054734,1,0
25475.0,313000,0.0038388000641054734,1,0
25475.0,314000,0.0038388000641054734,1,0
25475.0,315000,0.0038388000641054734,1,0
25475.0,316000,0.0038388000641054734,1,0
25475.0,317000,0.0038388000641054734,1,0
25475.0,318000,0.0038388000641054734,1,0
25475.0,319000,0.0038388000641054734,1,0
25475.0,320000,0.0038388000641054734,1,0
25475.0,321000,0.0038388000641054734,1,0
25475.0,322000,0.0038388000641054734,1,0
25475.0,323000,0.0038388000641054734,1,0
25475.0,324000,0.0038388000641054734,1,0
25475.0,325000,0.0038388000641054734,1,0
25475.0,326000,0.0038388000641054734,1,0
25475.0,327000,0.0038388000641054734,1,0
25475.0,328000,0.0038388000641054734,1,0
25475.0,329000,0.0038388000641054734,1,0
25475.0,330000,0.0038388000641054734,1,0
25475.0,331000,0.0038388000641054734,1,0
25475.0,332000,0.0038388000641054734,1,0
25475.0,333000,0.0038388000641054734,1,0
25475.0,334000,0.0038388000641054734,1,0
25475.0,335000,0.0038388000641054734,1,0
25475.0,336000,0.0038388000641054734,1,0
25475.0,337000,0.0024028588999677157,1,0
25725.0,5000,0.002481629208163992,1,0
25725.0,6000,0.003007962436496782,1,0
25725.0,7000,0.003007962436496782,1,0
25725.0,8000,0.003007962436496782,1,0
25725.0,9000,0.003007962436496782,1,0
25725.0,10000,0.003007962436496782,1,0
25725.0,11000,0.003007962436496782,1,0
25725.0,12000,0.003007962436496782,1,0
25725.0,13000,0.003007962436496782,1,0
25725.0,14000,0.003007962436496782,1,0
25725.0,15000,0.003007962436496782,1,0
25725.0,16000,0.003007962436496782,1,0
25725.0,17000,0.003007962436496782,1,0
25725.0,18000,0.003007962436496782,1,0
25725.0,19000,0.003007962436496782,1,0
25725.0,20000,0.003007962436496782,1,0
25725.0,21000,0.003007962436496782,1,0
25725.0,22000,0.003007962436496782,1,0
25725.0,23000,0.003007962436496782,1,0
25725.0,24000,0.003007962436496782,1,0
25725.0,25000,0.003007962436496782,1,0
25725.0,26000,0.003007962436496782,1,0
25725.0,27000,0.003007962436496782,1,0
25725.0,28000,0.003007962436496782,1,0
25725.0,29000,0.003007962436496782,1,0
25725.0,30000,0.003007962436496782,1,0
25725.0,31000,0.003007962436496782,1,0
25725.0,32000,0.003007962436496782,1,0
25725.0,33000,0.003007962436496782,1,0
25725.0,34000,0.003007962436496782,1,0
25725.0,35000,0.003007962436496782,1,0
25725.0,36000,0.003007962436496782,1,0
25725.0,37000,0.003007962436496782,1,0
25725.0,38000,0.003007962436496782,1,0
25725.0,39000,0.003007962436496782,1,0
25725.0,40000,0.003007962436496782,1,0
25725.0,41000,0.003007962436496782,1,0
25725.0,42000,0.003007962436496782,1,0
25725.0,43000,0.003007962436496782,1,0
25725.0,44000,0.003007962436496782,1,0
25725.0,45000,0.003007962436496782,1,0
25725.0,46000,0.003007962436496782,1,0
25725.0,47000,0.003007962436496782,1,0
25725.0,48000,0.003007962436496782,1,0
25725.0,49000,0.003007962436496782,1,0
25725.0,50000,0.003007962436496782,1,0
25725.0,51000,0.003007962436496782,1,0
25725.0,52000,0.003007962436496782,1,0
25725.0,53000,0.003007962436496782,1,0
25725.0,54000,0.003007962436496782,1,0
25725.0,55000,0.003007962436496782,1,0
25725.0,56000,0.003007962436496782,1,0
25725.0,57000,0.003007962436496782,1,0
25725.0,58000,0.003007962436496782,1,0
25725.0,59000,0.003007962436496782,1,0
25725.0,60000,0.003007962436496782,1,0
25725.0,61000,0.003007962436496782,1,0
25725.0,62000,0.003007962436496782,1,0
25725.0,63000,0.003007962436496782,1,0
25725.0,64000,0.003007962436496782,1,0
25725.0,65000,0.003007962436496782,1,0
25725.0,66000,0.003007962436496782,1,0
25725.0,67000,0.003007962436496782,1,0
25725.0,68000,0.003007962436496782,1,0
25725.0,69000,0.003007962436496782,1,0
25725.0,70000,0.003007962436496782,1,0
25725.0,71000,0.003007962436496782,1,0
25725.0,72000,0.003007962436496782,1,0
25725.0,73000,0.003007962436496782,1,0
25725.0,74000,0.003007962436496782,1,0
25725.0,75000,0.003007962436496782,1,0
25725.0,76000,0.003007962436496782,1,0
25725.0,77000,0.003007962436496782,1,0
25725.0,78000,0.003007962436496782,1,0
25725.0,79000,0.003007962436496782,1,0
25725.0,80000,0.003007962436496782,1,0
25725.0,81000,0.003007962436496782,1,0
25725.0,82000,0.003007962436496782,1,0
25725.0,83000,0.003007962436496782,1,0
25725.0,84000,0.003007962436496782,1,0
25725.0,85000,0.003007962436496782,1,0
25725.0,86000,0.003007962436496782,1,0
25725.0,87000,0.003007962436496782,1,0
25725.0,88000,0.003007962436496782,1,0
25725.0,89000,0.003007962436496782,1,0
25725.0,90000,0.003007962436496782,1,0
25725.0,91000,0.003007962436496782,1,0
25725.0,92000,0.003007962436496782,1,0
25725.0,93000,0.003007962436496782,1,0
25725.0,94000,0.003007962436496782,1,0
25725.0,95000,0.003007962436496782,1,0
25725.0,96000,0.003007962436496782,1,0
25725.0,97000,0.003007962436496782,1,0
25725.0,98000,0.003007962436496782,1,0
25725.0,99000,0.003007962436496782,1,0
25725.0,100000,0.003007962436496782,1,0
25725.0,101000,0.003007962436496782,1,0
25725.0,102000,0.003007962436496782,1,0
25725.0,103000,0.003007962436496782,1,0
25725.0,104000,0.003007962436496782,1,0
25725.0,105000,0.003007962436496782,1,0
25725.0,106000,0.003007962436496782,1,0
25725.0,107000,0.003007962436496782,1,0
25725.0,108000,0.003007962436496782,1,0
25725.0,109000,0.003007962436496782,1,0
25725.0,110000,0.003007962436496782,1,0
25725.0,111000,0.003007962436496782,1,0
25725.0,112000,0.003007962436496782,1,0
25725.0,113000,0.003007962436496782,1,0
25725.0,114000,0.003007962436496782,1,0
25725.0,115000,0.003007962436496782,1,0
25725.0,116000,0.003007962436496782,1,0
25725.0,117000,0.003007962436496782,1,0
25725.0,118000,0.003007962436496782,1,0
25725.0,119000,0.003007962436496782,1,0
25725.0,120000,0.003007962436496782,1,0
25725.0,121000,0.003007962436496782,1,0
25725.0,122000,0.003007962436496782,1,0
25725.0,123000,0.003007962436496782,1,0
25725.0,124000,0.003007962436496782,1,0
25725.0,125000,0.003007962436496782,1,0
25725.0,126000,0.003007962436496782,1,0
25725.0,127000,0.003007962436496782,1,0
25725.0,128000,0.003007962436496782,1,0
25725.0,129000,0.003007962436496782,1,0
25725.0,130000,0.003007962436496782,1,0
25725.0,131000,0.003007962436496782,1,0
25725.0,132000,0.003007962436496782,1,0
25725.0,133000,0.003007962436496782,1,0
25725.0,134000,0.003007962436496782,1,0
25725.0,135000,0.003007962436496782,1,0
25725.0,136000,0.003007962436496782,1,0
25725.0,137000,0.003007962436496782,1,0
25725.0,138000,0.003007962436496782,1,0
25725.0,139000,0.003007962436496782,1,0
25725.0,140000,0.003007962436496782,1,0
25725.0,141000,0.003007962436496782,1,0
25725.0,142000,0.003007962436496782,1,0
25725.0,143000,0.003007962436496782,1,0
25725.0,144000,0.003007962436496782,1,0
25725.0,145000,0.003007962436496782,1,0
25725.0,146000,0.003007962436496782,1,0
25725.0,147000,0.003007962436496782,1,0
25725.0,148000,0.003007962436496782,1,0
25725.0,149000,0.003007962436496782,1,0
25725.0,150000,0.003007962436496782,1,0
25725.0,151000,0.003007962436496782,1,0
25725.0,152000,0.003007962436496782,1,0
25725.0,153000,0.003007962436496782,1,0
25725.0,154000,0.003007962436496782,1,0
25725.0,155000,0.003007962436496782,1,0
25725.0,156000,0.003007962436496782,1,0
25725.0,157000,0.003007962436496782,1,0
25725.0,158000,0.003007962436496782,1,0
25725.0,159000,0.003007962436496782,1,0
25725.0,160000,0.003007962436496782,1,0
25725.0,161000,0.003007962436496782,1,0
25725.0,162000,0.003007962436496782,1,0
25725.0,163000,0.003007962436496782,1,0
25725.0,164000,0.003007962436496782,1,0
25725.0,165000,0.003007962436496782,1,0
25725.0,166000,0.003007962436496782,1,0
25725.0,167000,0.003007962436496782,1,0
25725.0,168000,0.003007962436496782,1,0
25725.0,169000,0.003007962436496782,1,0
25725.0,170000,0.003007962436496782,1,0
25725.0,171000,0.003007962436496782,1,0
25725.0,172000,0.003007962436496782,1,0
25725.0,173000,0.003007962436496782,1,0
25725.0,174000,0.003007962436496782,1,0
25725.0,175000,0.003007962436496782,1,0
25725.0,176000,0.003007962436496782,1,0
25725.0,177000,0.003007962436496782,1,0
25725.0,178000,0.003007962436496782,1,0
25725.0,179000,0.003007962436496782,1,0
25725.0,180000,0.003007962436496782,1,0
25725.0,181000,0.003007962436496782,1,0
25725.0,182000,0.003007962436496782,1,0
25725.0,183000,0.003007962436496782,1,0
25725.0,184000,0.003007962436496782,1,0
25725.0,185000,0.003007962436496782,1,0
25725.0,186000,0.003007962436496782,1,0
25725.0,187000,0.003007962436496782,1,0
25725.0,188000,0.003007962436496782,1,0
25725.0,189000,0.003007962436496782,1,0
25725.0,190000,0.003007962436496782,1,0
25725.0,191000,0.003007962436496782,1,0
25725.0,192000,0.003007962436496782,1,0
25725.0,193000,0.003007962436496782,1,0
25725.0,194000,0.003007962436496782,1,0
25725.0,195000,0.003007962436496782,1,0
25725.0,196000,0.003007962436496782,1,0
25725.0,197000,0.003007962436496782,1,0
25725.0,198000,0.003007962436496782,1,0
25725.0,199000,0.003007962436496782,1,0
25725.0,200000,0.003007962436496782,1,0
25725.0,201000,0.003007962436496782,1,0
25725.0,202000,0.003007962436496782,1,0
25725.0,203000,0.003007962436496782,1,0
25725.0,204000,0.003007962436496782,1,0
25725.0,205000,0.003007962436496782,1,0
25725.0,206000,0.003007962436496782,1,0
25725.0,207000,0.003007962436496782,1,0
25725.0,208000,0.003007962436496782,1,0
25725.0,209000,0.003007962436496782,1,0
25725.0,210000,0.003007962436496782,1,0
25725.0,211000,0.003007962436496782,1,0
25725.0,212000,0.003007962436496782,1,0
25725.0,213000,0.003007962436496782,1,0
25725.0,214000,0.003007962436496782,1,0
25725.0,215000,0.003007962436496782,1,0
25725.0,216000,0.003007962436496782,1,0
25725.0,217000,0.003007962436496782,1,0
25725.0,218000,0.003007962436496782,1,0
25725.0,219000,0.003007962436496782,1,0
25725.0,220000,0.003007962436496782,1,0
25725.0,221000,0.003007962436496782,1,0
25725.0,222000,0.003007962436496782,1,0
25725.0,223000,0.003007962436496782,1,0
25725.0,224000,0.003007962436496782,1,0
25725.0,225000,0.003007962436496782,1,0
25725.0,226000,0.003007962436496782,1,0
25725.0,227000,0.003007962436496782,1,0
25725.0,228000,0.003007962436496782,1,0
25725.0,229000,0.003007962436496782,1,0
25725.0,230000,0.003007962436496782,1,0
25725.0,231000,0.003007962436496782,1,0
25725.0,232000,0.003007962436496782,1,0
25725.0,233000,0.003007962436496782,1,0
25725.0,234000,0.003007962436496782,1,0
25725.0,235000,0.003007962436496782,1,0
25725.0,236000,0.003007962436496782,1,0
25725.0,237000,0.003007962436496782,1,0
25725.0,238000,0.003007962436496782,1,0
25725.0,239000,0.003007962436496782,1,0
25725.0,240000,0.003007962436496782,1,0
25725.0,241000,0.003007962436496782,1,0
25725.0,242000,0.003007962436496782,1,0
25725.0,243000,0.003007962436496782,1,0
25725.0,244000,0.003007962436496782,1,0
25725.0,245000,0.003007962436496782,1,0
25725.0,246000,0.003007962436496782,1,0
25725.0,247000,0.003007962436496782,1,0
25725.0,248000,0.003007962436496782,1,0
25725.0,249000,0.003007962436496782,1,0
25725.0,250000,0.003007962436496782,1,0
25725.0,251000,0.003007962436496782,1,0
25725.0,252000,0.003007962436496782,1,0
25725.0,253000,0.003007962436496782,1,0
25725.0,254000,0.003007962436496782,1,0
25725.0,255000,0.003007962436496782,1,0
25725.0,256000,0.003007962436496782,1,0
25725.0,257000,0.003007962436496782,1,0
25725.0,258000,0.003007962436496782,1,0
25725.0,259000,0.003007962436496782,1,0
25725.0,260000,0.003007962436496782,1,0
25725.0,261000,0.003007962436496782,1,0
25725.0,262000,0.003007962436496782,1,0
25725.0,263000,0.003007962436496782,1,0
25725.0,264000,0.003007962436496782,1,0
25725.0,265000,0.003007962436496782,1,0
25725.0,266000,0.003007962436496782,1,0
25725.0,267000,0.003007962436496782,1,0
25725.0,268000,0.003007962436496782,1,0
25725.0,269000,0.003007962436496782,1,0
25725.0,270000,0.003007962436496782,1,0
25725.0,271000,0.003007962436496782,1,0
25725.0,272000,0.003007962436496782,1,0
25725.0,273000,0.003007962436496782,1,0
25725.0,274000,0.003007962436496782,1,0
25725.0,275000,0.003007962436496782,1,0
25725.0,276000,0.003007962436496782,1,0
25725.0,277000,0.003007962436496782,1,0
25725.0,278000,0.003007962436496782,1,0
25725.0,279000,0.003007962436496782,1,0
25725.0,280000,0.003007962436496782,1,0
25725.0,281000,0.003007962436496782,1,0
25725.0,282000,0.003007962436496782,1,0
25725.0,283000,0.003007962436496782,1,0
25725.0,284000,0.003007962436496782,1,0
25725.0,285000,0.003007962436496782,1,0
25725.0,286000,0.003007962436496782,1,0
25725.0,287000,0.003007962436496782,1,0
25725.0,288000,0.003007962436496782,1,0
25725.0,289000,0.003007962436496782,1,0
25725.0,290000,0.003007962436496782,1,0
25725.0,291000,0.003007962436496782,1,0
25725.0,292000,0.003007962436496782,1,0
25725.0,293000,0.003007962436496782,1,0
25725.0,294000,0.003007962436496782,1,0
25725.0,295000,0.003007962436496782,1,0
25725.0,296000,0.003007962436496782,1,0
25725.0,297000,0.003007962436496782,1,0
25725.0,298000,0.003007962436496782,1,0
25725.0,299000,0.003007962436496782,1,0
25725.0,300000,0.003007962436496782,1,0
25725.0,301000,0.003007962436496782,1,0
25725.0,302000,0.003007962436496782,1,0
25725.0,303000,0.003007962436496782,1,0
25725.0,304000,0.003007962436496782,1,0
25725.0,305000,0.003007962436496782,1,0
25725.0,306000,0.003007962436496782,1,0
25725.0,307000,0.003007962436496782,1,0
25725.0,308000,0.003007962436496782,1,0
25725.0,309000,0.003007962436496782,1,0
25725.0,310000,0.003007962436496782,1,0
25725.0,311000,0.003007962436496782,1,0
25725.0,312000,0.003007962436496782,1,0
25725.0,313000,0.003007962436496782,1,0
25725.0,314000,0.003007962436496782,1,0
25725.0,315000,0.003007962436496782,1,0
25725.0,316000,0.003007962436496782,1,0
25725.0,317000,0.003007962436496782,1,0
25725.0,318000,0.003007962436496782,1,0
25725.0,319000,0.003007962436496782,1,0
25725.0,320000,0.003007962436496782,1,0
25725.0,321000,0.003007962436496782,1,0
25725.0,322000,0.003007962436496782,1,0
25725.0,323000,0.003007962436496782,1,0
25725.0,324000,0.003007962436496782,1,0
25725.0,325000,0.003007962436496782,1,0
25725.0,326000,0.003007962436496782,1,0
25725.0,327000,0.003007962436496782,1,0
25725.0,328000,0.003007962436496782,1,0
25725.0,329000,0.003007962436496782,1,0
25725.0,330000,0.003007962436496782,1,0
25725.0,331000,0.003007962436496782,1,0
25725.0,332000,0.003007962436496782,1,0
25725.0,333000,0.003007962436496782,1,0
25725.0,334000,0.003007962436496782,1,0
25725.0,335000,0.003007962436496782,1,0
25725.0,336000,0.003007962436496782,1,0
25725.0,337000,0.0018828043114011686,1,0
27192.0,98000,0.005877300452939617,1,0
27192.0,99000,0.008921288764107593,1,0
27192.0,100000,0.008921288764107593,1,0
27192.0,101000,0.008921288764107593,1,0
27192.0,102000,0.008921288764107593,1,0
27192.0,103000,0.008921288764107593,1,0
27192.0,104000,0.008921288764107593,1,0
27192.0,105000,0.008921288764107593,1,0
27192.0,106000,0.008921288764107593,1,0
27192.0,107000,0.008921288764107593,1,0
27192.0,108000,0.008921288764107593,1,0
27192.0,109000,0.008921288764107593,1,0
27192.0,110000,0.008921288764107593,1,0
27192.0,111000,0.008921288764107593,1,0
27192.0,112000,0.008921288764107593,1,0
27192.0,113000,0.008921288764107593,1,0
27192.0,114000,0.008921288764107593,1,0
27192.0,115000,0.008921288764107593,1,0
27192.0,116000,0.008921288764107593,1,0
27192.0,117000,0.008921288764107593,1,0
27192.0,118000,0.008921288764107593,1,0
27192.0,119000,0.008921288764107593,1,0
27192.0,120000,0.008921288764107593,1,0
27192.0,121000,0.008921288764107593,1,0
27192.0,122000,0.008921288764107593,1,0
27192.0,123000,0.008921288764107593,1,0
27192.0,124000,0.008921288764107593,1,0
27192.0,125000,0.008921288764107593,1,0
27192.0,126000,0.008921288764107593,1,0
27192.0,127000,0.008921288764107593,1,0
27192.0,128000,0.008921288764107593,1,0
27192.0,129000,0.008921288764107593,1,0
27192.0,130000,0.008921288764107593,1,0
27192.0,131000,0.008921288764107593,1,0
27192.0,132000,0.008921288764107593,1,0
27192.0,133000,0.008921288764107593,1,0
27192.0,134000,0.008921288764107593,1,0
27192.0,135000,0.008921288764107593,1,0
27192.0,136000,0.008921288764107593,1,0
27192.0,137000,0.008921288764107593,1,0
27192.0,138000,0.008921288764107593,1,0
27192.0,139000,0.008921288764107593,1,0
27192.0,140000,0.008921288764107593,1,0
27192.0,141000,0.008921288764107593,1,0
27192.0,142000,0.008921288764107593,1,0
27192.0,143000,0.008921288764107593,1,0
27192.0,144000,0.008921288764107593,1,0
27192.0,145000,0.008921288764107593,1,0
27192.0,146000,0.008921288764107593,1,0
27192.0,147000,0.008921288764107593,1,0
27192.0,148000,0.008921288764107593,1,0
27192.0,149000,0.008921288764107593,1,0
27192.0,150000,0.008921288764107593,1,0
27192.0,151000,0.008921288764107593,1,0
27192.0,152000,0.008921288764107593,1,0
27192.0,153000,0.008921288764107593,1,0
27192.0,154000,0.008921288764107593,1,0
27192.0,155000,0.008921288764107593,1,0
27192.0,156000,0.008921288764107593,1,0
27192.0,157000,0.008921288764107593,1,0
27192.0,158000,0.008921288764107593,1,0
27192.0,159000,0.008921288764107593,1,0
27192.0,160000,0.008921288764107593,1,0
27192.0,161000,0.008921288764107593,1,0
27192.0,162000,0.008921288764107593,1,0
27192.0,163000,0.008921288764107593,1,0
27192.0,164000,0.008921288764107593,1,0
27192.0,165000,0.008921288764107593,1,0
27192.0,166000,0.008921288764107593,1,0
27192.0,167000,0.008921288764107593,1,0
27192.0,168000,0.008921288764107593,1,0
27192.0,169000,0.008921288764107593,1,0
27192.0,170000,0.008921288764107593,1,0
27192.0,171000,0.008921288764107593,1,0
27192.0,172000,0.008921288764107593,1,0
27192.0,173000,0.008921288764107593,1,0
27192.0,174000,0.008921288764107593,1,0
27192.0,175000,0.008921288764107593,1,0
27192.0,176000,0.008921288764107593,1,0
27192.0,177000,0.008921288764107593,1,0
27192.0,178000,0.008921288764107593,1,0
27192.0,179000,0.008921288764107593,1,0
27192.0,180000,0.008921288764107593,1,0
27192.0,181000,0.008921288764107593,1,0
27192.0,182000,0.008921288764107593,1,0
27192.0,183000,0.008921288764107593,1,0
27192.0,184000,0.008921288764107593,1,0
27192.0,185000,0.008921288764107593,1,0
27192.0,186000,0.008921288764107593,1,0
27192.0,187000,0.008921288764107593,1,0
27192.0,188000,0.008921288764107593,1,0
27192.0,189000,0.008921288764107593,1,0
27192.0,190000,0.008921288764107593,1,0
27192.0,191000,0.008921288764107593,1,0
27192.0,192000,0.008921288764107593,1,0
27192.0,193000,0.008921288764107593,1,0
27192.0,194000,0.008921288764107593,1,0
27192.0,195000,0.008921288764107593,1,0
27192.0,196000,0.008921288764107593,1,0
27192.0,197000,0.008921288764107593,1,0
27192.0,198000,0.008921288764107593,1,0
27192.0,199000,0.008921288764107593,1,0
27192.0,200000,0.008921288764107593,1,0
27192.0,201000,0.008921288764107593,1,0
27192.0,202000,0.008921288764107593,1,0
27192.0,203000,0.008921288764107593,1,0
27192.0,204000,0.008921288764107593,1,0
27192.0,205000,0.008921288764107593,1,0
27192.0,206000,0.008921288764107593,1,0
27192.0,207000,0.008921288764107593,1,0
27192.0,208000,0.008921288764107593,1,0
27192.0,209000,0.008921288764107593,1,0
27192.0,210000,0.0038596467311176946,1,0
28992.0,2000,0.008782657528049822,1,0
28992.0,3000,0.06665051745758178,1,0
28992.0,4000,0.06665051745758178,1,0
28992.0,5000,0.06665051745758178,1,0
28992.0,6000,0.06665051745758178,1,0
28992.0,7000,0.06665051745758178,1,0
28992.0,8000,0.06665051745758178,1,0
28992.0,9000,0.06665051745758178,1,0
28992.0,10000,0.06665051745758178,1,0
28992.0,11000,0.06665051745758178,1,0
28992.0,12000,0.06665051745758178,1,0
28992.0,13000,0.06665051745758178,1,0
28992.0,14000,0.06665051745758178,1,0
28992.0,15000,0.06665051745758178,1,0
28992.0,16000,0.06665051745758178,1,0
28992.0,17000,0.05811009806580522,1,0
29899.0,156000,0.007609844929561784,1,0
29899.0,157000,0.014722550157945088,1,0
29899.0,158000,0.014722550157945088,1,0
29899.0,159000,0.014722550157945088,1,0
29899.0,160000,0.014722550157945088,1,0
29899.0,161000,0.014722550157945088,1,0
29899.0,162000,0.014722550157945088,1,0
29899.0,163000,0.014722550157945088,1,0
29899.0,164000,0.014722550157945088,1,0
29899.0,165000,0.014722550157945088,1,0
29899.0,166000,0.014722550157945088,1,0
29899.0,167000,0.014722550157945088,1,0
29899.0,168000,0.014722550157945088,1,0
29899.0,169000,0.014722550157945088,1,0
29899.0,170000,0.014722550157945088,1,0
29899.0,171000,0.014722550157945088,1,0
29899.0,172000,0.014722550157945088,1,0
29899.0,173000,0.014722550157945088,1,0
29899.0,174000,0.014722550157945088,1,0
29899.0,175000,0.014722550157945088,1,0
29899.0,176000,0.014722550157945088,1,0
29899.0,177000,0.014722550157945088,1,0
29899.0,178000,0.014722550157945088,1,0
29899.0,179000,0.014722550157945088,1,0
29899.0,180000,0.014722550157945088,1,0
29899.0,181000,0.014722550157945088,1,0
29899.0,182000,0.014722550157945088,1,0
29899.0,183000,0.014722550157945088,1,0
29899.0,184000,0.014722550157945088,1,0
29899.0,185000,0.014722550157945088,1,0
29899.0,186000,0.014722550157945088,1,0
29899.0,187000,0.014722550157945088,1,0
29899.0,188000,0.014722550157945088,1,0
29899.0,189000,0.014722550157945088,1,0
29899.0,190000,0.014722550157945088,1,0
29899.0,191000,0.014722550157945088,1,0
29899.0,192000,0.014722550157945088,1,0
29899.0,193000,0.014722550157945088,1,0
29899.0,194000,0.014722550157945088,1,0
29899.0,195000,0.014722550157945088,1,0
29899.0,196000,0.014722550157945088,1,0
29899.0,197000,0.014722550157945088,1,0
29899.0,198000,0.014722550157945088,1,0
29899.0,199000,0.014722550157945088,1,0
29899.0,200000,0.014722550157945088,1,0
29899.0,201000,0.014722550157945088,1,0
29899.0,202000,0.014722550157945088,1,0
29899.0,203000,0.014722550157945088,1,0
29899.0,204000,0.014722550157945088,1,0
29899.0,205000,0.014722550157945088,1,0
29899.0,206000,0.014722550157945088,1,0
29899.0,207000,0.014722550157945088,1,0
29899.0,208000,0.014722550157945088,1,0
29899.0,209000,0.014722550157945088,1,0
29899.0,210000,0.014722550157945088,1,0
29899.0,211000,0.014722550157945088,1,0
29899.0,212000,0.014722550157945088,1,0
29899.0,213000,0.014722550157945088,1,0
29899.0,214000,0.014722550157945088,1,0
29899.0,215000,0.014722550157945088,1,0
29899.0,216000,0.014722550157945088,1,0
29899.0,217000,0.014722550157945088,1,0
29899.0,218000,0.014722550157945088,1,0
29899.0,219000,0.014722550157945088,1,0
29899.0,220000,0.014722550157945088,1,0
29899.0,221000,0.014722550157945088,1,0
29899.0,222000,0.014722550157945088,1,0
29899.0,223000,0.014722550157945088,1,0
29899.0,224000,0.005979294488117311,1,0
30479.0,40000,0.001157510011327628,1,0
30479.0,41000,0.008649251260661166,1,0
30479.0,42000,0.008649251260661166,1,0
30479.0,43000,0.008649251260661166,1,0
30479.0,44000,0.008649251260661166,1,0
30479.0,45000,0.008649251260661166,1,0
30479.0,46000,0.008649251260661166,1,0
30479.0,47000,0.008649251260661166,1,0
30479.0,48000,0.008649251260661166,1,0
30479.0,49000,0.008649251260661166,1,0
30479.0,50000,0.008649251260661166,1,0
30479.0,51000,0.008649251260661166,1,0
30479.0,52000,0.008649251260661166,1,0
30479.0,53000,0.008649251260661166,1,0
30479.0,54000,0.008649251260661166,1,0
30479.0,55000,0.008649251260661166,1,0
30479.0,56000,0.008649251260661166,1,0
30479.0,57000,0.008649251260661166,1,0
30479.0,58000,0.008649251260661166,1,0
30479.0,59000,0.008649251260661166,1,0
30479.0,60000,0.008649251260661166,1,0
30479.0,61000,0.008649251260661166,1,0
30479.0,62000,0.008649251260661166,1,0
30479.0,63000,0.008649251260661166,1,0
30479.0,64000,0.008649251260661166,1,0
30479.0,65000,0.008649251260661166,1,0
30479.0,66000,0.008649251260661166,1,0
30479.0,67000,0.008649251260661166,1,0
30479.0,68000,0.008649251260661166,1,0
30479.0,69000,0.008649251260661166,1,0
30479.0,70000,0.008649251260661166,1,0
30479.0,71000,0.008649251260661166,1,0
30479.0,72000,0.008649251260661166,1,0
30479.0,73000,0.008649251260661166,1,0
30479.0,74000,0.008649251260661166,1,0
30479.0,75000,0.008649251260661166,1,0
30479.0,76000,0.008649251260661166,1,0
30479.0,77000,0.008649251260661166,1,0
30479.0,78000,0.008649251260661166,1,0
30479.0,79000,0.008649251260661166,1,0
30479.0,80000,0.008649251260661166,1,0
30479.0,81000,0.008649251260661166,1,0
30479.0,82000,0.008649251260661166,1,0
30479.0,83000,0.008649251260661166,1,0
30479.0,84000,0.008649251260661166,1,0
30479.0,85000,0.008649251260661166,1,0
30479.0,86000,0.008649251260661166,1,0
30479.0,87000,0.008649251260661166,1,0
30479.0,88000,0.008649251260661166,1,0
30479.0,89000,0.008649251260661166,1,0
30479.0,90000,0.008649251260661166,1,0
30479.0,91000,0.008649251260661166,1,0
30479.0,92000,0.008649251260661166,1,0
30479.0,93000,0.008649251260661166,1,0
30479.0,94000,0.008649251260661166,1,0
30479.0,95000,0.008649251260661166,1,0
30479.0,96000,0.008649251260661166,1,0
30479.0,97000,0.008649251260661166,1,0
30479.0,98000,0.008649251260661166,1,0
30479.0,99000,0.008649251260661166,1,0
30479.0,100000,0.008649251260661166,1,0
30479.0,101000,0.008649251260661166,1,0
30479.0,102000,0.008649251260661166,1,0
30479.0,103000,0.008649251260661166,1,0
30479.0,104000,0.008649251260661166,1,0
30479.0,105000,0.008649251260661166,1,0
30479.0,106000,0.008649251260661166,1,0
30479.0,107000,0.008649251260661166,1,0
30479.0,108000,0.008649251260661166,1,0
30479.0,109000,0.008649251260661166,1,0
30479.0,110000,0.008649251260661166,1,0
30479.0,111000,0.008649251260661166,1,0
30479.0,112000,0.008649251260661166,1,0
30479.0,113000,0.008649251260661166,1,0
30479.0,114000,0.008649251260661166,1,0
30479.0,115000,0.008649251260661166,1,0
30479.0,116000,0.008649251260661166,1,0
30479.0,117000,0.008649251260661166,1,0
30479.0,118000,0.008649251260661166,1,0
30479.0,119000,0.008649251260661166,1,0
30479.0,120000,0.008649251260661166,1,0
30479.0,121000,0.008649251260661166,1,0
30479.0,122000,0.008649251260661166,1,0
30479.0,123000,0.008649251260661166,1,0
30479.0,124000,0.008649251260661166,1,0
30479.0,125000,0.008649251260661166,1,0
30479.0,126000,0.008649251260661166,1,0
30479.0,127000,0.008649251260661166,1,0
30479.0,128000,0.008649251260661166,1,0
30479.0,129000,0.008649251260661166,1,0
30479.0,130000,0.008649251260661166,1,0
30479.0,131000,0.008649251260661166,1,0
30479.0,132000,0.008649251260661166,1,0
30479.0,133000,0.008649251260661166,1,0
30479.0,134000,0.008649251260661166,1,0
30479.0,135000,0.008649251260661166,1,0
30479.0,136000,0.008649251260661166,1,0
30479.0,137000,0.008649251260661166,1,0
30479.0,138000,0.008649251260661166,1,0
30479.0,139000,0.008649251260661166,1,0
30479.0,140000,0.008649251260661166,1,0
30479.0,141000,0.008649251260661166,1,0
30479.0,142000,0.008649251260661166,1,0
30479.0,143000,0.008649251260661166,1,0
30479.0,144000,0.008649251260661166,1,0
30479.0,145000,0.008649251260661166,1,0
30479.0,146000,0.008649251260661166,1,0
30479.0,147000,0.008649251260661166,1,0
30479.0,148000,0.008649251260661166,1,0
30479.0,149000,0.008649251260661166,1,0
30479.0,150000,0.008649251260661166,1,0
30479.0,151000,0.008649251260661166,1,0
30479.0,152000,0.008649251260661166,1,0
30479.0,153000,0.008649251260661166,1,0
30479.0,154000,0.008649251260661166,1,0
30479.0,155000,0.008649251260661166,1,0
30479.0,156000,0.004178595012638232,1,0
30574.0,65000,0.0076599521182482136,1,0
30574.0,66000,0.010967129421647317,1,0
30574.0,67000,0.010967129421647317,1,0
30574.0,68000,0.010967129421647317,1,0
30574.0,69000,0.010967129421647317,1,0
30574.0,70000,0.010967129421647317,1,0
30574.0,71000,0.010967129421647317,1,0
30574.0,72000,0.010967129421647317,1,0
30574.0,73000,0.010967129421647317,1,0
30574.0,74000,0.010967129421647317,1,0
30574.0,75000,0.010967129421647317,1,0
30574.0,76000,0.010967129421647317,1,0
30574.0,77000,0.010967129421647317,1,0
30574.0,78000,0.010967129421647317,1,0
30574.0,79000,0.010967129421647317,1,0
30574.0,80000,0.010967129421647317,1,0
30574.0,81000,0.010967129421647317,1,0
30574.0,82000,0.010967129421647317,1,0
30574.0,83000,0.010967129421647317,1,0
30574.0,84000,0.010967129421647317,1,0
30574.0,85000,0.010967129421647317,1,0
30574.0,86000,0.010967129421647317,1,0
30574.0,87000,0.010967129421647317,1,0
30574.0,88000,0.010967129421647317,1,0
30574.0,89000,0.010967129421647317,1,0
30574.0,90000,0.010967129421647317,1,0
30574.0,91000,0.010967129421647317,1,0
30574.0,92000,0.010967129421647317,1,0
30574.0,93000,0.010967129421647317,1,0
30574.0,94000,0.010967129421647317,1,0
30574.0,95000,0.010967129421647317,1,0
30574.0,96000,0.010967129421647317,1,0
30574.0,97000,0.010967129421647317,1,0
30574.0,98000,0.010967129421647317,1,0
30574.0,99000,0.010967129421647317,1,0
30574.0,100000,0.010967129421647317,1,0
30574.0,101000,0.010967129421647317,1,0
30574.0,102000,0.010967129421647317,1,0
30574.0,103000,0.010967129421647317,1,0
30574.0,104000,0.010967129421647317,1,0
30574.0,105000,0.010967129421647317,1,0
30574.0,106000,0.010967129421647317,1,0
30574.0,107000,0.010967129421647317,1,0
30574.0,108000,0.010967129421647317,1,0
30574.0,109000,0.010967129421647317,1,0
30574.0,110000,0.010967129421647317,1,0
30574.0,111000,0.010967129421647317,1,0
30574.0,112000,0.010967129421647317,1,0
30574.0,113000,0.010967129421647317,1,0
30574.0,114000,0.010967129421647317,1,0
30574.0,115000,0.010967129421647317,1,0
30574.0,116000,0.010967129421647317,1,0
30574.0,117000,0.010967129421647317,1,0
30574.0,118000,0.010967129421647317,1,0
30574.0,119000,0.010967129421647317,1,0
30574.0,120000,0.010967129421647317,1,0
30574.0,121000,0.010967129421647317,1,0
30574.0,122000,0.010967129421647317,1,0
30574.0,123000,0.010967129421647317,1,0
30574.0,124000,0.010967129421647317,1,0
30574.0,125000,0.010967129421647317,1,0
30574.0,126000,0.010967129421647317,1,0
30574.0,127000,0.010967129421647317,1,0
30574.0,128000,0.010967129421647317,1,0
30574.0,129000,0.010967129421647317,1,0
30574.0,130000,0.010967129421647317,1,0
30574.0,131000,0.010967129421647317,1,0
30574.0,132000,0.010967129421647317,1,0
30574.0,133000,0.010967129421647317,1,0
30574.0,134000,0.010967129421647317,1,0
30574.0,135000,0.010967129421647317,1,0
30574.0,136000,0.010967129421647317,1,0
30574.0,137000,0.010967129421647317,1,0
30574.0,138000,0.010967129421647317,1,0
30574.0,139000,0.010967129421647317,1,0
30574.0,140000,0.010967129421647317,1,0
30574.0,141000,0.010967129421647317,1,0
30574.0,142000,0.010967129421647317,1,0
30574.0,143000,0.010967129421647317,1,0
30574.0,144000,0.010967129421647317,1,0
30574.0,145000,0.010967129421647317,1,0
30574.0,146000,0.010967129421647317,1,0
30574.0,147000,0.010967129421647317,1,0
30574.0,148000,0.010967129421647317,1,0
30574.0,149000,0.010967129421647317,1,0
30574.0,150000,0.010967129421647317,1,0
30574.0,151000,0.010967129421647317,1,0
30574.0,152000,0.010967129421647317,1,0
30574.0,153000,0.010967129421647317,1,0
30574.0,154000,0.010967129421647317,1,0
30574.0,155000,0.010967129421647317,1,0
30574.0,156000,0.005298399933493246,1,0
30603.0,0,0.6314463182748576,1,0
30603.0,1000,0.36855368172514236,1,0
31673.0,100000,0.007111268994141877,1,0
31673.0,101000,0.02571777867135869,1,0
31673.0,102000,0.02571777867135869,1,0
31673.0,103000,0.02571777867135869,1,0
31673.0,104000,0.02571777867135869,1,0
31673.0,105000,0.02571777867135869,1,0
31673.0,106000,0.02571777867135869,1,0
31673.0,107000,0.02571777867135869,1,0
31673.0,108000,0.02571777867135869,1,0
31673.0,109000,0.02571777867135869,1,0
31673.0,110000,0.02571777867135869,1,0
31673.0,111000,0.02571777867135869,1,0
31673.0,112000,0.02571777867135869,1,0
31673.0,113000,0.02571777867135869,1,0
31673.0,114000,0.02571777867135869,1,0
31673.0,115000,0.02571777867135869,1,0
31673.0,116000,0.02571777867135869,1,0
31673.0,117000,0.02571777867135869,1,0
31673.0,118000,0.02571777867135869,1,0
31673.0,119000,0.02571777867135869,1,0
31673.0,120000,0.02571777867135869,1,0
31673.0,121000,0.02571777867135869,1,0
31673.0,122000,0.02571777867135869,1,0
31673.0,123000,0.02571777867135869,1,0
31673.0,124000,0.02571777867135869,1,0
31673.0,125000,0.02571777867135869,1,0
31673.0,126000,0.02571777867135869,1,0
31673.0,127000,0.02571777867135869,1,0
31673.0,128000,0.02571777867135869,1,0
31673.0,129000,0.02571777867135869,1,0
31673.0,130000,0.02571777867135869,1,0
31673.0,131000,0.02571777867135869,1,0
31673.0,132000,0.02571777867135869,1,0
31673.0,133000,0.02571777867135869,1,0
31673.0,134000,0.02571777867135869,1,0
31673.0,135000,0.02571777867135869,1,0
31673.0,136000,0.02571777867135869,1,0
31673.0,137000,0.02571777867135869,1,0
31673.0,138000,0.02571777867135869,1,0
31673.0,139000,0.015613141494227824,1,0
31685.0,2000,0.0009640294549703746,1,0
31685.0,3000,0.02906761762511152,1,0
31685.0,4000,0.02906761762511152,1,0
31685.0,5000,0.02906761762511152,1,0
31685.0,6000,0.02906761762511152,1,0
31685.0,7000,0.02906761762511152,1,0
31685.0,8000,0.02906761762511152,1,0
31685.0,9000,0.02906761762511152,1,0
31685.0,10000,0.02906761762511152,1,0
31685.0,11000,0.02906761762511152,1,0
31685.0,12000,0.02906761762511152,1,0
31685.0,13000,0.02906761762511152,1,0
31685.0,14000,0.02906761762511152,1,0
31685.0,15000,0.02906761762511152,1,0
31685.0,16000,0.02906761762511152,1,0
31685.0,17000,0.02906761762511152,1,0
31685.0,18000,0.02906761762511152,1,0
31685.0,19000,0.02906761762511152,1,0
31685.0,20000,0.02906761762511152,1,0
31685.0,21000,0.02906761762511152,1,0
31685.0,22000,0.02906761762511152,1,0
31685.0,23000,0.02906761762511152,1,0
31685.0,24000,0.02906761762511152,1,0
31685.0,25000,0.02906761762511152,1,0
31685.0,26000,0.02906761762511152,1,0
31685.0,27000,0.02906761762511152,1,0
31685.0,28000,0.02906761762511152,1,0
31685.0,29000,0.02906761762511152,1,0
31685.0,30000,0.02906761762511152,1,0
31685.0,31000,0.02906761762511152,1,0
31685.0,32000,0.02906761762511152,1,0
31685.0,33000,0.02906761762511152,1,0
31685.0,34000,0.02906761762511152,1,0
31685.0,35000,0.02906761762511152,1,0
31685.0,36000,0.02906761762511152,1,0
31685.0,37000,0.010736971291238078,1,0
32550.0,156000,0.003949918962907425,1,0
32550.0,157000,0.0071174928687216515,1,0
32550.0,158000,0.0071174928687216515,1,0
32550.0,159000,0.0071174928687216515,1,0
32550.0,160000,0.0071174928687216515,1,0
32550.0,161000,0.0071174928687216515,1,0
32550.0,162000,0.0071174928687216515,1,0
32550.0,163000,0.0071174928687216515,1,0
32550.0,164000,0.0071174928687216515,1,0
32550.0,165000,0.0071174928687216515,1,0
32550.0,166000,0.0071174928687216515,1,0
32550.0,167000,0.0071174928687216515,1,0
32550.0,168000,0.0071174928687216515,1,0
32550.0,169000,0.0071174928687216515,1,0
32550.0,170000,0.0071174928687216515,1,0
32550.0,171000,0.0071174928687216515,1,0
32550.0,172000,0.0071174928687216515,1,0
32550.0,173000,0.0071174928687216515,1,0
32550.0,174000,0.0071174928687216515,1,0
32550.0,175000,0.0071174928687216515,1,0
32550.0,176000,0.0071174928687216515,1,0
32550.0,177000,0.0071174928687216515,1,0
32550.0,178000,0.0071174928687216515,1,0
32550.0,179000,0.0071174928687216515,1,0
32550.0,180000,0.0071174928687216515,1,0
32550.0,181000,0.0071174928687216515,1,0
32550.0,182000,0.0071174928687216515,1,0
32550.0,183000,0.0071174928687216515,1,0
32550.0,184000,0.0071174928687216515,1,0
32550.0,185000,0.0071174928687216515,1,0
32550.0,186000,0.0071174928687216515,1,0
32550.0,187000,0.0071174928687216515,1,0
32550.0,188000,0.0071174928687216515,1,0
32550.0,189000,0.0071174928687216515,1,0
32550.0,190000,0.0071174928687216515,1,0
32550.0,191000,0.0071174928687216515,1,0
32550.0,192000,0.0071174928687216515,1,0
32550.0,193000,0.0071174928687216515,1,0
32550.0,194000,0.0071174928687216515,1,0
32550.0,195000,0.0071174928687216515,1,0
32550.0,196000,0.0071174928687216515,1,0
32550.0,197000,0.0071174928687216515,1,0
32550.0,198000,0.0071174928687216515,1,0
32550.0,199000,0.0071174928687216515,1,0
32550.0,200000,0.0071174928687216515,1,0
32550.0,201000,0.0071174928687216515,1,0
32550.0,202000,0.0071174928687216515,1,0
32550.0,203000,0.0071174928687216515,1,0
32550.0,204000,0.0071174928687216515,1,0
32550.0,205000,0.0071174928687216515,1,0
32550.0,206000,0.0071174928687216515,1,0
32550.0,207000,0.0071174928687216515,1,0
32550.0,208000,0.0071174928687216515,1,0
32550.0,209000,0.0071174928687216515,1,0
32550.0,210000,0.0071174928687216515,1,0
32550.0,211000,0.0071174928687216515,1,0
32550.0,212000,0.0071174928687216515,1,0
32550.0,213000,0.0071174928687216515,1,0
32550.0,214000,0.0071174928687216515,1,0
32550.0,215000,0.0071174928687216515,1,0
32550.0,216000,0.0071174928687216515,1,0
32550.0,217000,0.0071174928687216515,1,0
32550.0,218000,0.0071174928687216515,1,0
32550.0,219000,0.0071174928687216515,1,0
32550.0,220000,0.0071174928687216515,1,0
32550.0,221000,0.0071174928687216515,1,0
32550.0,222000,0.0071174928687216515,1,0
32550.0,223000,0.0071174928687216515,1,0
32550.0,224000,0.0071174928687216515,1,0
32550.0,225000,0.0071174928687216515,1,0
32550.0,226000,0.0071174928687216515,1,0
32550.0,227000,0.0071174928687216515,1,0
32550.0,228000,0.0071174928687216515,1,0
32550.0,229000,0.0071174928687216515,1,0
32550.0,230000,0.0071174928687216515,1,0
32550.0,231000,0.0071174928687216515,1,0
32550.0,232000,0.0071174928687216515,1,0
32550.0,233000,0.0071174928687216515,1,0
32550.0,234000,0.0071174928687216515,1,0
32550.0,235000,0.0071174928687216515,1,0
32550.0,236000,0.0071174928687216515,1,0
32550.0,237000,0.0071174928687216515,1,0
32550.0,238000,0.0071174928687216515,1,0
32550.0,239000,0.0071174928687216515,1,0
32550.0,240000,0.0071174928687216515,1,0
32550.0,241000,0.0071174928687216515,1,0
32550.0,242000,0.0071174928687216515,1,0
32550.0,243000,0.0071174928687216515,1,0
32550.0,244000,0.0071174928687216515,1,0
32550.0,245000,0.0071174928687216515,1,0
32550.0,246000,0.0071174928687216515,1,0
32550.0,247000,0.0071174928687216515,1,0
32550.0,248000,0.0071174928687216515,1,0
32550.0,249000,0.0071174928687216515,1,0
32550.0,250000,0.0071174928687216515,1,0
32550.0,251000,0.0071174928687216515,1,0
32550.0,252000,0.0071174928687216515,1,0
32550.0,253000,0.0071174928687216515,1,0
32550.0,254000,0.0071174928687216515,1,0
32550.0,255000,0.0071174928687216515,1,0
32550.0,256000,0.0071174928687216515,1,0
32550.0,257000,0.0071174928687216515,1,0
32550.0,258000,0.0071174928687216515,1,0
32550.0,259000,0.0071174928687216515,1,0
32550.0,260000,0.0071174928687216515,1,0
32550.0,261000,0.0071174928687216515,1,0
32550.0,262000,0.0071174928687216515,1,0
32550.0,263000,0.0071174928687216515,1,0
32550.0,264000,0.0071174928687216515,1,0
32550.0,265000,0.0071174928687216515,1,0
32550.0,266000,0.0071174928687216515,1,0
32550.0,267000,0.0071174928687216515,1,0
32550.0,268000,0.0071174928687216515,1,0
32550.0,269000,0.0071174928687216515,1,0
32550.0,270000,0.0071174928687216515,1,0
32550.0,271000,0.0071174928687216515,1,0
32550.0,272000,0.0071174928687216515,1,0
32550.0,273000,0.0071174928687216515,1,0
32550.0,274000,0.0071174928687216515,1,0
32550.0,275000,0.0071174928687216515,1,0
32550.0,276000,0.0071174928687216515,1,0
32550.0,277000,0.0071174928687216515,1,0
32550.0,278000,0.0071174928687216515,1,0
32550.0,279000,0.0071174928687216515,1,0
32550.0,280000,0.0071174928687216515,1,0
32550.0,281000,0.0071174928687216515,1,0
32550.0,282000,0.0071174928687216515,1,0
32550.0,283000,0.0071174928687216515,1,0
32550.0,284000,0.0071174928687216515,1,0
32550.0,285000,0.0071174928687216515,1,0
32550.0,286000,0.0071174928687216515,1,0
32550.0,287000,0.0071174928687216515,1,0
32550.0,288000,0.0071174928687216515,1,0
32550.0,289000,0.0071174928687216515,1,0
32550.0,290000,0.0071174928687216515,1,0
32550.0,291000,0.0071174928687216515,1,0
32550.0,292000,0.0071174928687216515,1,0
32550.0,293000,0.0071174928687216515,1,0
32550.0,294000,0.0071174928687216515,1,0
32550.0,295000,0.0071174928687216515,1,0
32550.0,296000,0.0067185722847829836,1,0
32789.0,7000,0.0009221709498289359,1,0
32789.0,8000,0.0034576872843883125,1,0
32789.0,9000,0.0034576872843883125,1,0
32789.0,10000,0.0034576872843883125,1,0
32789.0,11000,0.0034576872843883125,1,0
32789.0,12000,0.0034576872843883125,1,0
32789.0,13000,0.0034576872843883125,1,0
32789.0,14000,0.0034576872843883125,1,0
32789.0,15000,0.0034576872843883125,1,0
32789.0,16000,0.0034576872843883125,1,0
32789.0,17000,0.0034576872843883125,1,0
32789.0,18000,0.0034576872843883125,1,0
32789.0,19000,0.0034576872843883125,1,0
32789.0,20000,0.0034576872843883125,1,0
32789.0,21000,0.0034576872843883125,1,0
32789.0,22000,0.0034576872843883125,1,0
32789.0,23000,0.0034576872843883125,1,0
32789.0,24000,0.0034576872843883125,1,0
32789.0,25000,0.0034576872843883125,1,0
32789.0,26000,0.0034576872843883125,1,0
32789.0,27000,0.0034576872843883125,1,0
32789.0,28000,0.0034576872843883125,1,0
32789.0,29000,0.0034576872843883125,1,0
32789.0,30000,0.0034576872843883125,1,0
32789.0,31000,0.0034576872843883125,1,0
32789.0,32000,0.0034576872843883125,1,0
32789.0,33000,0.0034576872843883125,1,0
32789.0,34000,0.0034576872843883125,1,0
32789.0,35000,0.0034576872843883125,1,0
32789.0,36000,0.0034576872843883125,1,0
32789.0,37000,0.0034576872843883125,1,0
32789.0,38000,0.0034576872843883125,1,0
32789.0,39000,0.0034576872843883125,1,0
32789.0,40000,0.0034576872843883125,1,0
32789.0,41000,0.0034576872843883125,1,0
32789.0,42000,0.0034576872843883125,1,0
32789.0,43000,0.0034576872843883125,1,0
32789.0,44000,0.0034576872843883125,1,0
32789.0,45000,0.0034576872843883125,1,0
32789.0,46000,0.0034576872843883125,1,0
32789.0,47000,0.0034576872843883125,1,0
32789.0,48000,0.0034576872843883125,1,0
32789.0,49000,0.0034576872843883125,1,0
32789.0,50000,0.0034576872843883125,1,0
32789.0,51000,0.0034576872843883125,1,0
32789.0,52000,0.0034576872843883125,1,0
32789.0,53000,0.0034576872843883125,1,0
32789.0,54000,0.0034576872843883125,1,0
32789.0,55000,0.0034576872843883125,1,0
32789.0,56000,0.0034576872843883125,1,0
32789.0,57000,0.0034576872843883125,1,0
32789.0,58000,0.0034576872843883125,1,0
32789.0,59000,0.0034576872843883125,1,0
32789.0,60000,0.0034576872843883125,1,0
32789.0,61000,0.0034576872843883125,1,0
32789.0,62000,0.0034576872843883125,1,0
32789.0,63000,0.0034576872843883125,1,0
32789.0,64000,0.0034576872843883125,1,0
32789.0,65000,0.0034576872843883125,1,0
32789.0,66000,0.0034576872843883125,1,0
32789.0,67000,0.0034576872843883125,1,0
32789.0,68000,0.0034576872843883125,1,0
32789.0,69000,0.0034576872843883125,1,0
32789.0,70000,0.0034576872843883125,1,0
32789.0,71000,0.0034576872843883125,1,0
32789.0,72000,0.0034576872843883125,1,0
32789.0,73000,0.0034576872843883125,1,0
32789.0,74000,0.0034576872843883125,1,0
32789.0,75000,0.0034576872843883125,1,0
32789.0,76000,0.0034576872843883125,1,0
32789.0,77000,0.0034576872843883125,1,0
32789.0,78000,0.0034576872843883125,1,0
32789.0,79000,0.0034576872843883125,1,0
32789.0,80000,0.0034576872843883125,1,0
32789.0,81000,0.0034576872843883125,1,0
32789.0,82000,0.0034576872843883125,1,0
32789.0,83000,0.0034576872843883125,1,0
32789.0,84000,0.0034576872843883125,1,0
32789.0,85000,0.0034576872843883125,1,0
32789.0,86000,0.0034576872843883125,1,0
32789.0,87000,0.0034576872843883125,1,0
32789.0,88000,0.0034576872843883125,1,0
32789.0,89000,0.0034576872843883125,1,0
32789.0,90000,0.0034576872843883125,1,0
32789.0,91000,0.0034576872843883125,1,0
32789.0,92000,0.0034576872843883125,1,0
32789.0,93000,0.0034576872843883125,1,0
32789.0,94000,0.0034576872843883125,1,0
32789.0,95000,0.0034576872843883125,1,0
32789.0,96000,0.0034576872843883125,1,0
32789.0,97000,0.0034576872843883125,1,0
32789.0,98000,0.0034576872843883125,1,0
32789.0,99000,0.0034576872843883125,1,0
32789.0,100000,0.0034576872843883125,1,0
32789.0,101000,0.0034576872843883125,1,0
32789.0,102000,0.0034576872843883125,1,0
32789.0,103000,0.0034576872843883125,1,0
32789.0,104000,0.0034576872843883125,1,0
32789.0,105000,0.0034576872843883125,1,0
32789.0,106000,0.0034576872843883125,1,0
32789.0,107000,0.0034576872843883125,1,0
32789.0,108000,0.0034576872843883125,1,0
32789.0,109000,0.0034576872843883125,1,0
32789.0,110000,0.0034576872843883125,1,0
32789.0,111000,0.0034576872843883125,1,0
32789.0,112000,0.0034576872843883125,1,0
32789.0,113000,0.0034576872843883125,1,0
32789.0,114000,0.0034576872843883125,1,0
32789.0,115000,0.0034576872843883125,1,0
32789.0,116000,0.0034576872843883125,1,0
32789.0,117000,0.0034576872843883125,1,0
32789.0,118000,0.0034576872843883125,1,0
32789.0,119000,0.0034576872843883125,1,0
32789.0,120000,0.0034576872843883125,1,0
32789.0,121000,0.0034576872843883125,1,0
32789.0,122000,0.0034576872843883125,1,0
32789.0,123000,0.0034576872843883125,1,0
32789.0,124000,0.0034576872843883125,1,0
32789.0,125000,0.0034576872843883125,1,0
32789.0,126000,0.0034576872843883125,1,0
32789.0,127000,0.0034576872843883125,1,0
32789.0,128000,0.0034576872843883125,1,0
32789.0,129000,0.0034576872843883125,1,0
32789.0,130000,0.0034576872843883125,1,0
32789.0,131000,0.0034576872843883125,1,0
32789.0,132000,0.0034576872843883125,1,0
32789.0,133000,0.0034576872843883125,1,0
32789.0,134000,0.0034576872843883125,1,0
32789.0,135000,0.0034576872843883125,1,0
32789.0,136000,0.0034576872843883125,1,0
32789.0,137000,0.0034576872843883125,1,0
32789.0,138000,0.0034576872843883125,1,0
32789.0,139000,0.0034576872843883125,1,0
32789.0,140000,0.0034576872843883125,1,0
32789.0,141000,0.0034576872843883125,1,0
32789.0,142000,0.0034576872843883125,1,0
32789.0,143000,0.0034576872843883125,1,0
32789.0,144000,0.0034576872843883125,1,0
32789.0,145000,0.0034576872843883125,1,0
32789.0,146000,0.0034576872843883125,1,0
32789.0,147000,0.0034576872843883125,1,0
32789.0,148000,0.0034576872843883125,1,0
32789.0,149000,0.0034576872843883125,1,0
32789.0,150000,0.0034576872843883125,1,0
32789.0,151000,0.0034576872843883125,1,0
32789.0,152000,0.0034576872843883125,1,0
32789.0,153000,0.0034576872843883125,1,0
32789.0,154000,0.0034576872843883125,1,0
32789.0,155000,0.0034576872843883125,1,0
32789.0,156000,0.0034576872843883125,1,0
32789.0,157000,0.0034576872843883125,1,0
32789.0,158000,0.0034576872843883125,1,0
32789.0,159000,0.0034576872843883125,1,0
32789.0,160000,0.0034576872843883125,1,0
32789.0,161000,0.0034576872843883125,1,0
32789.0,162000,0.0034576872843883125,1,0
32789.0,163000,0.0034576872843883125,1,0
32789.0,164000,0.0034576872843883125,1,0
32789.0,165000,0.0034576872843883125,1,0
32789.0,166000,0.0034576872843883125,1,0
32789.0,167000,0.0034576872843883125,1,0
32789.0,168000,0.0034576872843883125,1,0
32789.0,169000,0.0034576872843883125,1,0
32789.0,170000,0.0034576872843883125,1,0
32789.0,171000,0.0034576872843883125,1,0
32789.0,172000,0.0034576872843883125,1,0
32789.0,173000,0.0034576872843883125,1,0
32789.0,174000,0.0034576872843883125,1,0
32789.0,175000,0.0034576872843883125,1,0
32789.0,176000,0.0034576872843883125,1,0
32789.0,177000,0.0034576872843883125,1,0
32789.0,178000,0.0034576872843883125,1,0
32789.0,179000,0.0034576872843883125,1,0
32789.0,180000,0.0034576872843883125,1,0
32789.0,181000,0.0034576872843883125,1,0
32789.0,182000,0.0034576872843883125,1,0
32789.0,183000,0.0034576872843883125,1,0
32789.0,184000,0.0034576872843883125,1,0
32789.0,185000,0.0034576872843883125,1,0
32789.0,186000,0.0034576872843883125,1,0
32789.0,187000,0.0034576872843883125,1,0
32789.0,188000,0.0034576872843883125,1,0
32789.0,189000,0.0034576872843883125,1,0
32789.0,190000,0.0034576872843883125,1,0
32789.0,191000,0.0034576872843883125,1,0
32789.0,192000,0.0034576872843883125,1,0
32789.0,193000,0.0034576872843883125,1,0
32789.0,194000,0.0034576872843883125,1,0
32789.0,195000,0.0034576872843883125,1,0
32789.0,196000,0.0034576872843883125,1,0
32789.0,197000,0.0034576872843883125,1,0
32789.0,198000,0.0034576872843883125,1,0
32789.0,199000,0.0034576872843883125,1,0
32789.0,200000,0.0034576872843883125,1,0
32789.0,201000,0.0034576872843883125,1,0
32789.0,202000,0.0034576872843883125,1,0
32789.0,203000,0.0034576872843883125,1,0
32789.0,204000,0.0034576872843883125,1,0
32789.0,205000,0.0034576872843883125,1,0
32789.0,206000,0.0034576872843883125,1,0
32789.0,207000,0.0034576872843883125,1,0
32789.0,208000,0.0034576872843883125,1,0
32789.0,209000,0.0034576872843883125,1,0
32789.0,210000,0.0034576872843883125,1,0
32789.0,211000,0.0034576872843883125,1,0
32789.0,212000,0.0034576872843883125,1,0
32789.0,213000,0.0034576872843883125,1,0
32789.0,214000,0.0034576872843883125,1,0
32789.0,215000,0.0034576872843883125,1,0
32789.0,216000,0.0034576872843883125,1,0
32789.0,217000,0.0034576872843883125,1,0
32789.0,218000,0.0034576872843883125,1,0
32789.0,219000,0.0034576872843883125,1,0
32789.0,220000,0.0034576872843883125,1,0
32789.0,221000,0.0034576872843883125,1,0
32789.0,222000,0.0034576872843883125,1,0
32789.0,223000,0.0034576872843883125,1,0
32789.0,224000,0.0034576872843883125,1,0
32789.0,225000,0.0034576872843883125,1,0
32789.0,226000,0.0034576872843883125,1,0
32789.0,227000,0.0034576872843883125,1,0
32789.0,228000,0.0034576872843883125,1,0
32789.0,229000,0.0034576872843883125,1,0
32789.0,230000,0.0034576872843883125,1,0
32789.0,231000,0.0034576872843883125,1,0
32789.0,232000,0.0034576872843883125,1,0
32789.0,233000,0.0034576872843883125,1,0
32789.0,234000,0.0034576872843883125,1,0
32789.0,235000,0.0034576872843883125,1,0
32789.0,236000,0.0034576872843883125,1,0
32789.0,237000,0.0034576872843883125,1,0
32789.0,238000,0.0034576872843883125,1,0
32789.0,239000,0.0034576872843883125,1,0
32789.0,240000,0.0034576872843883125,1,0
32789.0,241000,0.0034576872843883125,1,0
32789.0,242000,0.0034576872843883125,1,0
32789.0,243000,0.0034576872843883125,1,0
32789.0,244000,0.0034576872843883125,1,0
32789.0,245000,0.0034576872843883125,1,0
32789.0,246000,0.0034576872843883125,1,0
32789.0,247000,0.0034576872843883125,1,0
32789.0,248000,0.0034576872843883125,1,0
32789.0,249000,0.0034576872843883125,1,0
32789.0,250000,0.0034576872843883125,1,0
32789.0,251000,0.0034576872843883125,1,0
32789.0,252000,0.0034576872843883125,1,0
32789.0,253000,0.0034576872843883125,1,0
32789.0,254000,0.0034576872843883125,1,0
32789.0,255000,0.0034576872843883125,1,0
32789.0,256000,0.0034576872843883125,1,0
32789.0,257000,0.0034576872843883125,1,0
32789.0,258000,0.0034576872843883125,1,0
32789.0,259000,0.0034576872843883125,1,0
32789.0,260000,0.0034576872843883125,1,0
32789.0,261000,0.0034576872843883125,1,0
32789.0,262000,0.0034576872843883125,1,0
32789.0,263000,0.0034576872843883125,1,0
32789.0,264000,0.0034576872843883125,1,0
32789.0,265000,0.0034576872843883125,1,0
32789.0,266000,0.0034576872843883125,1,0
32789.0,267000,0.0034576872843883125,1,0
32789.0,268000,0.0034576872843883125,1,0
32789.0,269000,0.0034576872843883125,1,0
32789.0,270000,0.0034576872843883125,1,0
32789.0,271000,0.0034576872843883125,1,0
32789.0,272000,0.0034576872843883125,1,0
32789.0,273000,0.0034576872843883125,1,0
32789.0,274000,0.0034576872843883125,1,0
32789.0,275000,0.0034576872843883125,1,0
32789.0,276000,0.0034576872843883125,1,0
32789.0,277000,0.0034576872843883125,1,0
32789.0,278000,0.0034576872843883125,1,0
32789.0,279000,0.0034576872843883125,1,0
32789.0,280000,0.0034576872843883125,1,0
32789.0,281000,0.0034576872843883125,1,0
32789.0,282000,0.0034576872843883125,1,0
32789.0,283000,0.0034576872843883125,1,0
32789.0,284000,0.0034576872843883125,1,0
32789.0,285000,0.0034576872843883125,1,0
32789.0,286000,0.0034576872843883125,1,0
32789.0,287000,0.0034576872843883125,1,0
32789.0,288000,0.0034576872843883125,1,0
32789.0,289000,0.0034576872843883125,1,0
32789.0,290000,0.0034576872843883125,1,0
32789.0,291000,0.0034576872843883125,1,0
32789.0,292000,0.0034576872843883125,1,0
32789.0,293000,0.0034576872843883125,1,0
32789.0,294000,0.0034576872843883125,1,0
32789.0,295000,0.0034576872843883125,1,0
32789.0,296000,0.003263891146337073,1,0
33298.0,0,0.21872656442438693,1,0
33298.0,1000,0.43745312884877385,1,0
33298.0,2000,0.3438203067268392,1,0
33644.0,142000,0.0011211983302176138,1,0
33644.0,143000,0.014812988201206712,1,0
33644.0,144000,0.014812988201206712,1,0
33644.0,145000,0.014812988201206712,1,0
33644.0,146000,0.014812988201206712,1,0
33644.0,147000,0.014812988201206712,1,0
33644.0,148000,0.014812988201206712,1,0
33644.0,149000,0.014812988201206712,1,0
33644.0,150000,0.014812988201206712,1,0
33644.0,151000,0.014812988201206712,1,0
33644.0,152000,0.014812988201206712,1,0
33644.0,153000,0.014812988201206712,1,0
33644.0,154000,0.014812988201206712,1,0
33644.0,155000,0.014812988201206712,1,0
33644.0,156000,0.014812988201206712,1,0
33644.0,157000,0.014812988201206712,1,0
33644.0,158000,0.014812988201206712,1,0
33644.0,159000,0.014812988201206712,1,0
33644.0,160000,0.014812988201206712,1,0
33644.0,161000,0.014812988201206712,1,0
33644.0,162000,0.014812988201206712,1,0
33644.0,163000,0.014812988201206712,1,0
33644.0,164000,0.014812988201206712,1,0
33644.0,165000,0.014812988201206712,1,0
33644.0,166000,0.014812988201206712,1,0
33644.0,167000,0.014812988201206712,1,0
33644.0,168000,0.014812988201206712,1,0
33644.0,169000,0.014812988201206712,1,0
33644.0,170000,0.014812988201206712,1,0
33644.0,171000,0.014812988201206712,1,0
33644.0,172000,0.014812988201206712,1,0
33644.0,173000,0.014812988201206712,1,0
33644.0,174000,0.014812988201206712,1,0
33644.0,175000,0.014812988201206712,1,0
33644.0,176000,0.014812988201206712,1,0
33644.0,177000,0.014812988201206712,1,0
33644.0,178000,0.014812988201206712,1,0
33644.0,179000,0.014812988201206712,1,0
33644.0,180000,0.014812988201206712,1,0
33644.0,181000,0.014812988201206712,1,0
33644.0,182000,0.014812988201206712,1,0
33644.0,183000,0.014812988201206712,1,0
33644.0,184000,0.014812988201206712,1,0
33644.0,185000,0.014812988201206712,1,0
33644.0,186000,0.014812988201206712,1,0
33644.0,187000,0.014812988201206712,1,0
33644.0,188000,0.014812988201206712,1,0
33644.0,189000,0.014812988201206712,1,0
33644.0,190000,0.014812988201206712,1,0
33644.0,191000,0.014812988201206712,1,0
33644.0,192000,0.014812988201206712,1,0
33644.0,193000,0.014812988201206712,1,0
33644.0,194000,0.014812988201206712,1,0
33644.0,195000,0.014812988201206712,1,0
33644.0,196000,0.014812988201206712,1,0
33644.0,197000,0.014812988201206712,1,0
33644.0,198000,0.014812988201206712,1,0
33644.0,199000,0.014812988201206712,1,0
33644.0,200000,0.014812988201206712,1,0
33644.0,201000,0.014812988201206712,1,0
33644.0,202000,0.014812988201206712,1,0
33644.0,203000,0.014812988201206712,1,0
33644.0,204000,0.014812988201206712,1,0
33644.0,205000,0.014812988201206712,1,0
33644.0,206000,0.014812988201206712,1,0
33644.0,207000,0.014812988201206712,1,0
33644.0,208000,0.014812988201206712,1,0
33644.0,209000,0.014812988201206712,1,0
33644.0,210000,0.006408592188932643,1,0
33805.0,142000,0.0011211983302176138,1,0
33805.0,143000,0.014812988201206712,1,0
33805.0,144000,0.014812988201206712,1,0
33805.0,145000,0.014812988201206712,1,0
33805.0,146000,0.014812988201206712,1,0
33805.0,147000,0.014812988201206712,1,0
33805.0,148000,0.014812988201206712,1,0
33805.0,149000,0.014812988201206712,1,0
33805.0,150000,0.014812988201206712,1,0
33805.0,151000,0.014812988201206712,1,0
33805.0,152000,0.014812988201206712,1,0
33805.0,153000,0.014812988201206712,1,0
33805.0,154000,0.014812988201206712,1,0
33805.0,155000,0.014812988201206712,1,0
33805.0,156000,0.014812988201206712,1,0
33805.0,157000,0.014812988201206712,1,0
33805.0,158000,0.014812988201206712,1,0
33805.0,159000,0.014812988201206712,1,0
33805.0,160000,0.014812988201206712,1,0
33805.0,161000,0.014812988201206712,1,0
33805.0,162000,0.014812988201206712,1,0
33805.0,163000,0.014812988201206712,1,0
33805.0,164000,0.014812988201206712,1,0
33805.0,165000,0.014812988201206712,1,0
33805.0,166000,0.014812988201206712,1,0
33805.0,167000,0.014812988201206712,1,0
33805.0,168000,0.014812988201206712,1,0
33805.0,169000,0.014812988201206712,1,0
33805.0,170000,0.014812988201206712,1,0
33805.0,171000,0.014812988201206712,1,0
33805.0,172000,0.014812988201206712,1,0
33805.0,173000,0.014812988201206712,1,0
33805.0,174000,0.014812988201206712,1,0
33805.0,175000,0.014812988201206712,1,0
33805.0,176000,0.014812988201206712,1,0
33805.0,177000,0.014812988201206712,1,0
33805.0,178000,0.014812988201206712,1,0
33805.0,179000,0.014812988201206712,1,0
33805.0,180000,0.014812988201206712,1,0
33805.0,181000,0.014812988201206712,1,0
33805.0,182000,0.014812988201206712,1,0
33805.0,183000,0.014812988201206712,1,0
33805.0,184000,0.014812988201206712,1,0
33805.0,185000,0.014812988201206712,1,0
33805.0,186000,0.014812988201206712,1,0
33805.0,187000,0.014812988201206712,1,0
33805.0,188000,0.014812988201206712,1,0
33805.0,189000,0.014812988201206712,1,0
33805.0,190000,0.014812988201206712,1,0
33805.0,191000,0.014812988201206712,1,0
33805.0,192000,0.014812988201206712,1,0
33805.0,193000,0.014812988201206712,1,0
33805.0,194000,0.014812988201206712,1,0
33805.0,195000,0.014812988201206712,1,0
33805.0,196000,0.014812988201206712,1,0
33805.0,197000,0.014812988201206712,1,0
33805.0,198000,0.014812988201206712,1,0
33805.0,199000,0.014812988201206712,1,0
33805.0,200000,0.014812988201206712,1,0
33805.0,201000,0.014812988201206712,1,0
33805.0,202000,0.014812988201206712,1,0
33805.0,203000,0.014812988201206712,1,0
33805.0,204000,0.014812988201206712,1,0
33805.0,205000,0.014812988201206712,1,0
33805.0,206000,0.014812988201206712,1,0
33805.0,207000,0.014812988201206712,1,0
33805.0,208000,0.014812988201206712,1,0
33805.0,209000,0.014812988201206712,1,0
33805.0,210000,0.006408592188932643,1,0
33926.0,37000,0.0020856204975714773,1,0
33926.0,38000,0.014609437430506833,1,0
33926.0,39000,0.014609437430506833,1,0
33926.0,40000,0.014609437430506833,1,0
33926.0,41000,0.014609437430506833,1,0
33926.0,42000,0.014609437430506833,1,0
33926.0,43000,0.014609437430506833,1,0
33926.0,44000,0.014609437430506833,1,0
33926.0,45000,0.014609437430506833,1,0
33926.0,46000,0.014609437430506833,1,0
33926.0,47000,0.014609437430506833,1,0
33926.0,48000,0.014609437430506833,1,0
33926.0,49000,0.014609437430506833,1,0
33926.0,50000,0.014609437430506833,1,0
33926.0,51000,0.014609437430506833,1,0
33926.0,52000,0.014609437430506833,1,0
33926.0,53000,0.014609437430506833,1,0
33926.0,54000,0.014609437430506833,1,0
33926.0,55000,0.014609437430506833,1,0
33926.0,56000,0.014609437430506833,1,0
33926.0,57000,0.014609437430506833,1,0
33926.0,58000,0.014609437430506833,1,0
33926.0,59000,0.014609437430506833,1,0
33926.0,60000,0.014609437430506833,1,0
33926.0,61000,0.014609437430506833,1,0
33926.0,62000,0.014609437430506833,1,0
33926.0,63000,0.014609437430506833,1,0
33926.0,64000,0.014609437430506833,1,0
33926.0,65000,0.014609437430506833,1,0
33926.0,66000,0.014609437430506833,1,0
33926.0,67000,0.014609437430506833,1,0
33926.0,68000,0.014609437430506833,1,0
33926.0,69000,0.014609437430506833,1,0
33926.0,70000,0.014609437430506833,1,0
33926.0,71000,0.014609437430506833,1,0
33926.0,72000,0.014609437430506833,1,0
33926.0,73000,0.014609437430506833,1,0
33926.0,74000,0.014609437430506833,1,0
33926.0,75000,0.014609437430506833,1,0
33926.0,76000,0.014609437430506833,1,0
33926.0,77000,0.014609437430506833,1,0
33926.0,78000,0.014609437430506833,1,0
33926.0,79000,0.014609437430506833,1,0
33926.0,80000,0.014609437430506833,1,0
33926.0,81000,0.014609437430506833,1,0
33926.0,82000,0.014609437430506833,1,0
33926.0,83000,0.014609437430506833,1,0
33926.0,84000,0.014609437430506833,1,0
33926.0,85000,0.014609437430506833,1,0
33926.0,86000,0.014609437430506833,1,0
33926.0,87000,0.014609437430506833,1,0
33926.0,88000,0.014609437430506833,1,0
33926.0,89000,0.014609437430506833,1,0
33926.0,90000,0.014609437430506833,1,0
33926.0,91000,0.014609437430506833,1,0
33926.0,92000,0.014609437430506833,1,0
33926.0,93000,0.014609437430506833,1,0
33926.0,94000,0.014609437430506833,1,0
33926.0,95000,0.014609437430506833,1,0
33926.0,96000,0.014609437430506833,1,0
33926.0,97000,0.014609437430506833,1,0
33926.0,98000,0.014609437430506833,1,0
33926.0,99000,0.014609437430506833,1,0
33926.0,100000,0.014609437430506833,1,0
33926.0,101000,0.014609437430506833,1,0
33926.0,102000,0.014609437430506833,1,0
33926.0,103000,0.014609437430506833,1,0
33926.0,104000,0.014609437430506833,1,0
33926.0,105000,0.014609437430506833,1,0
33926.0,106000,0.004472634227963904,1,0
34341.0,37000,0.005278471305811914,1,0
34341.0,38000,0.008370276899562113,1,0
34341.0,39000,0.008370276899562113,1,0
34341.0,40000,0.008370276899562113,1,0
34341.0,41000,0.008370276899562113,1,0
34341.0,42000,0.008370276899562113,1,0
34341.0,43000,0.008370276899562113,1,0
34341.0,44000,0.008370276899562113,1,0
34341.0,45000,0.008370276899562113,1,0
34341.0,46000,0.008370276899562113,1,0
34341.0,47000,0.008370276899562113,1,0
34341.0,48000,0.008370276899562113,1,0
34341.0,49000,0.008370276899562113,1,0
34341.0,50000,0.008370276899562113,1,0
34341.0,51000,0.008370276899562113,1,0
34341.0,52000,0.008370276899562113,1,0
34341.0,53000,0.008370276899562113,1,0
34341.0,54000,0.008370276899562113,1,0
34341.0,55000,0.008370276899562113,1,0
34341.0,56000,0.008370276899562113,1,0
34341.0,57000,0.008370276899562113,1,0
34341.0,58000,0.008370276899562113,1,0
34341.0,59000,0.008370276899562113,1,0
34341.0,60000,0.008370276899562113,1,0
34341.0,61000,0.008370276899562113,1,0
34341.0,62000,0.008370276899562113,1,0
34341.0,63000,0.008370276899562113,1,0
34341.0,64000,0.008370276899562113,1,0
34341.0,65000,0.008370276899562113,1,0
34341.0,66000,0.008370276899562113,1,0
34341.0,67000,0.008370276899562113,1,0
34341.0,68000,0.008370276899562113,1,0
34341.0,69000,0.008370276899562113,1,0
34341.0,70000,0.008370276899562113,1,0
34341.0,71000,0.008370276899562113,1,0
34341.0,72000,0.008370276899562113,1,0
34341.0,73000,0.008370276899562113,1,0
34341.0,74000,0.008370276899562113,1,0
34341.0,75000,0.008370276899562113,1,0
34341.0,76000,0.008370276899562113,1,0
34341.0,77000,0.008370276899562113,1,0
34341.0,78000,0.008370276899562113,1,0
34341.0,79000,0.008370276899562113,1,0
34341.0,80000,0.008370276899562113,1,0
34341.0,81000,0.008370276899562113,1,0
34341.0,82000,0.008370276899562113,1,0
34341.0,83000,0.008370276899562113,1,0
34341.0,84000,0.008370276899562113,1,0
34341.0,85000,0.008370276899562113,1,0
34341.0,86000,0.008370276899562113,1,0
34341.0,87000,0.008370276899562113,1,0
34341.0,88000,0.008370276899562113,1,0
34341.0,89000,0.008370276899562113,1,0
34341.0,90000,0.008370276899562113,1,0
34341.0,91000,0.008370276899562113,1,0
34341.0,92000,0.008370276899562113,1,0
34341.0,93000,0.008370276899562113,1,0
34341.0,94000,0.008370276899562113,1,0
34341.0,95000,0.008370276899562113,1,0
34341.0,96000,0.008370276899562113,1,0
34341.0,97000,0.008370276899562113,1,0
34341.0,98000,0.008370276899562113,1,0
34341.0,99000,0.008370276899562113,1,0
34341.0,100000,0.008370276899562113,1,0
34341.0,101000,0.008370276899562113,1,0
34341.0,102000,0.008370276899562113,1,0
34341.0,103000,0.008370276899562113,1,0
34341.0,104000,0.008370276899562113,1,0
34341.0,105000,0.008370276899562113,1,0
34341.0,106000,0.008370276899562113,1,0
34341.0,107000,0.008370276899562113,1,0
34341.0,108000,0.008370276899562113,1,0
34341.0,109000,0.008370276899562113,1,0
34341.0,110000,0.008370276899562113,1,0
34341.0,111000,0.008370276899562113,1,0
34341.0,112000,0.008370276899562113,1,0
34341.0,113000,0.008370276899562113,1,0
34341.0,114000,0.008370276899562113,1,0
34341.0,115000,0.008370276899562113,1,0
34341.0,116000,0.008370276899562113,1,0
34341.0,117000,0.008370276899562113,1,0
34341.0,118000,0.008370276899562113,1,0
34341.0,119000,0.008370276899562113,1,0
34341.0,120000,0.008370276899562113,1,0
34341.0,121000,0.008370276899562113,1,0
34341.0,122000,0.008370276899562113,1,0
34341.0,123000,0.008370276899562113,1,0
34341.0,124000,0.008370276899562113,1,0
34341.0,125000,0.008370276899562113,1,0
34341.0,126000,0.008370276899562113,1,0
34341.0,127000,0.008370276899562113,1,0
34341.0,128000,0.008370276899562113,1,0
34341.0,129000,0.008370276899562113,1,0
34341.0,130000,0.008370276899562113,1,0
34341.0,131000,0.008370276899562113,1,0
34341.0,132000,0.008370276899562113,1,0
34341.0,133000,0.008370276899562113,1,0
34341.0,134000,0.008370276899562113,1,0
34341.0,135000,0.008370276899562113,1,0
34341.0,136000,0.008370276899562113,1,0
34341.0,137000,0.008370276899562113,1,0
34341.0,138000,0.008370276899562113,1,0
34341.0,139000,0.008370276899562113,1,0
34341.0,140000,0.008370276899562113,1,0
34341.0,141000,0.008370276899562113,1,0
34341.0,142000,0.008370276899562113,1,0
34341.0,143000,0.008370276899562113,1,0
34341.0,144000,0.008370276899562113,1,0
34341.0,145000,0.008370276899562113,1,0
34341.0,146000,0.008370276899562113,1,0
34341.0,147000,0.008370276899562113,1,0
34341.0,148000,0.008370276899562113,1,0
34341.0,149000,0.008370276899562113,1,0
34341.0,150000,0.008370276899562113,1,0
34341.0,151000,0.008370276899562113,1,0
34341.0,152000,0.008370276899562113,1,0
34341.0,153000,0.008370276899562113,1,0
34341.0,154000,0.008370276899562113,1,0
34341.0,155000,0.008370276899562113,1,0
34341.0,156000,0.007028854545858738,1,0
34471.0,0,0.026283716737399473,1,0
34471.0,1000,0.05256743347479895,1,0
34471.0,2000,0.05256743347479895,1,0
34471.0,3000,0.05256743347479895,1,0
34471.0,4000,0.05256743347479895,1,0
34471.0,5000,0.05256743347479895,1,0
34471.0,6000,0.05256743347479895,1,0
34471.0,7000,0.05256743347479895,1,0
34471.0,8000,0.05256743347479895,1,0
34471.0,9000,0.05256743347479895,1,0
34471.0,10000,0.05256743347479895,1,0
34471.0,11000,0.05256743347479895,1,0
34471.0,12000,0.05256743347479895,1,0
34471.0,13000,0.05256743347479895,1,0
34471.0,14000,0.05256743347479895,1,0
34471.0,15000,0.05256743347479895,1,0
34471.0,16000,0.05256743347479895,1,0
34471.0,17000,0.05256743347479895,1,0
34471.0,18000,0.05256743347479895,1,0
34471.0,19000,0.027502480716219538,1,0
34545.0,12000,0.016552865337258256,1,0
34545.0,13000,0.04035585516733459,1,0
34545.0,14000,0.04035585516733459,1,0
34545.0,15000,0.04035585516733459,1,0
34545.0,16000,0.04035585516733459,1,0
34545.0,17000,0.04035585516733459,1,0
34545.0,18000,0.04035585516733459,1,0
34545.0,19000,0.04035585516733459,1,0
34545.0,20000,0.04035585516733459,1,0
34545.0,21000,0.04035585516733459,1,0
34545.0,22000,0.04035585516733459,1,0
34545.0,23000,0.04035585516733459,1,0
34545.0,24000,0.04035585516733459,1,0
34545.0,25000,0.04035585516733459,1,0
34545.0,26000,0.04035585516733459,1,0
34545.0,27000,0.04035585516733459,1,0
34545.0,28000,0.04035585516733459,1,0
34545.0,29000,0.04035585516733459,1,0
34545.0,30000,0.04035585516733459,1,0
34545.0,31000,0.04035585516733459,1,0
34545.0,32000,0.04035585516733459,1,0
34545.0,33000,0.04035585516733459,1,0
34545.0,34000,0.04035585516733459,1,0
34545.0,35000,0.04035585516733459,1,0
34545.0,36000,0.04035585516733459,1,0
34545.0,37000,0.014906610646711744,1,0
34762.0,0,0.028782175493561123,1,0
34762.0,1000,0.057564350987122245,1,0
34762.0,2000,0.057564350987122245,1,0
34762.0,3000,0.057564350987122245,1,0
34762.0,4000,0.057564350987122245,1,0
34762.0,5000,0.057564350987122245,1,0
34762.0,6000,0.057564350987122245,1,0
34762.0,7000,0.057564350987122245,1,0
34762.0,8000,0.057564350987122245,1,0
34762.0,9000,0.057564350987122245,1,0
34762.0,10000,0.057564350987122245,1,0
34762.0,11000,0.057564350987122245,1,0
34762.0,12000,0.057564350987122245,1,0
34762.0,13000,0.057564350987122245,1,0
34762.0,14000,0.057564350987122245,1,0
34762.0,15000,0.057564350987122245,1,0
34762.0,16000,0.057564350987122245,1,0
34762.0,17000,0.05018820871248298,1,0
35331.0,3000,0.07230403370951927,1,0
35331.0,4000,0.18614979300568582,1,0
35331.0,5000,0.18614979300568582,1,0
35331.0,6000,0.18614979300568582,1,0
35331.0,7000,0.18614979300568582,1,0
35331.0,8000,0.18309679426773753,1,0
35362.0,106000,0.024048348639991154,1,0
35362.0,107000,0.03465913639073403,1,0
35362.0,108000,0.03465913639073403,1,0
35362.0,109000,0.03465913639073403,1,0
35362.0,110000,0.03465913639073403,1,0
35362.0,111000,0.03465913639073403,1,0
35362.0,112000,0.03465913639073403,1,0
35362.0,113000,0.03465913639073403,1,0
35362.0,114000,0.03465913639073403,1,0
35362.0,115000,0.03465913639073403,1,0
35362.0,116000,0.03465913639073403,1,0
35362.0,117000,0.03465913639073403,1,0
35362.0,118000,0.03465913639073403,1,0
35362.0,119000,0.03465913639073403,1,0
35362.0,120000,0.03465913639073403,1,0
35362.0,121000,0.03465913639073403,1,0
35362.0,122000,0.03465913639073403,1,0
35362.0,123000,0.03465913639073403,1,0
35362.0,124000,0.03465913639073403,1,0
35362.0,125000,0.03465913639073403,1,0
35362.0,126000,0.03465913639073403,1,0
35362.0,127000,0.03465913639073403,1,0
35362.0,128000,0.03465913639073403,1,0
35362.0,129000,0.03465913639073403,1,0
35362.0,130000,0.03465913639073403,1,0
35362.0,131000,0.03465913639073403,1,0
35362.0,132000,0.03465913639073403,1,0
35362.0,133000,0.03465913639073403,1,0
35362.0,134000,0.03465913639073403,1,0
35362.0,135000,0.005495832419456179,1,0
36281.0,5000,0.010116492857483356,1,0
36281.0,6000,0.08338063998129229,1,0
36281.0,7000,0.08338063998129229,1,0
36281.0,8000,0.08338063998129229,1,0
36281.0,9000,0.08338063998129229,1,0
36281.0,10000,0.08338063998129229,1,0
36281.0,11000,0.08338063998129229,1,0
36281.0,12000,0.08338063998129229,1,0
36281.0,13000,0.08338063998129229,1,0
36281.0,14000,0.08338063998129229,1,0
36281.0,15000,0.08338063998129229,1,0
36281.0,16000,0.08338063998129229,1,0
36281.0,17000,0.07269646734830151,1,0
37073.0,7000,0.036754577547672446,1,0
37073.0,8000,0.08933582127470957,1,0
37073.0,9000,0.08933582127470957,1,0
37073.0,10000,0.08933582127470957,1,0
37073.0,11000,0.08933582127470957,1,0
37073.0,12000,0.08933582127470957,1,0
37073.0,13000,0.08933582127470957,1,0
37073.0,14000,0.08933582127470957,1,0
37073.0,15000,0.08933582127470957,1,0
37073.0,16000,0.08933582127470957,1,0
37073.0,17000,0.08933582127470957,1,0
37073.0,18000,0.06988720970523186,1,0
37668.0,27000,0.01553545911183317,1,0
37668.0,28000,0.01608681568751739,1,0
37668.0,29000,0.01608681568751739,1,0
37668.0,30000,0.01608681568751739,1,0
37668.0,31000,0.01608681568751739,1,0
37668.0,32000,0.01608681568751739,1,0
37668.0,33000,0.01608681568751739,1,0
37668.0,34000,0.01608681568751739,1,0
37668.0,35000,0.01608681568751739,1,0
37668.0,36000,0.01608681568751739,1,0
37668.0,37000,0.01608681568751739,1,0
37668.0,38000,0.01608681568751739,1,0
37668.0,39000,0.01608681568751739,1,0
37668.0,40000,0.01608681568751739,1,0
37668.0,41000,0.01608681568751739,1,0
37668.0,42000,0.01608681568751739,1,0
37668.0,43000,0.01608681568751739,1,0
37668.0,44000,0.01608681568751739,1,0
37668.0,45000,0.01608681568751739,1,0
37668.0,46000,0.01608681568751739,1,0
37668.0,47000,0.01608681568751739,1,0
37668.0,48000,0.01608681568751739,1,0
37668.0,49000,0.01608681568751739,1,0
37668.0,50000,0.01608681568751739,1,0
37668.0,51000,0.01608681568751739,1,0
37668.0,52000,0.01608681568751739,1,0
37668.0,53000,0.01608681568751739,1,0
37668.0,54000,0.01608681568751739,1,0
37668.0,55000,0.01608681568751739,1,0
37668.0,56000,0.01608681568751739,1,0
37668.0,57000,0.01608681568751739,1,0
37668.0,58000,0.01608681568751739,1,0
37668.0,59000,0.01608681568751739,1,0
37668.0,60000,0.01608681568751739,1,0
37668.0,61000,0.01608681568751739,1,0
37668.0,62000,0.01608681568751739,1,0
37668.0,63000,0.01608681568751739,1,0
37668.0,64000,0.01608681568751739,1,0
37668.0,65000,0.01608681568751739,1,0
37668.0,66000,0.01608681568751739,1,0
37668.0,67000,0.01608681568751739,1,0
37668.0,68000,0.01608681568751739,1,0
37668.0,69000,0.01608681568751739,1,0
37668.0,70000,0.01608681568751739,1,0
37668.0,71000,0.01608681568751739,1,0
37668.0,72000,0.01608681568751739,1,0
37668.0,73000,0.01608681568751739,1,0
37668.0,74000,0.01608681568751739,1,0
37668.0,75000,0.01608681568751739,1,0
37668.0,76000,0.01608681568751739,1,0
37668.0,77000,0.01608681568751739,1,0
37668.0,78000,0.01608681568751739,1,0
37668.0,79000,0.01608681568751739,1,0
37668.0,80000,0.01608681568751739,1,0
37668.0,81000,0.01608681568751739,1,0
37668.0,82000,0.01608681568751739,1,0
37668.0,83000,0.01608681568751739,1,0
37668.0,84000,0.01608681568751739,1,0
37668.0,85000,0.01608681568751739,1,0
37668.0,86000,0.01608681568751739,1,0
37668.0,87000,0.01608681568751739,1,0
37668.0,88000,0.01608681568751739,1,0
37668.0,89000,0.0031687839496060614,1,0
38247.0,0,0.018843553188977243,1,0
38247.0,1000,0.037687106377954485,1,0
38247.0,2000,0.037687106377954485,1,0
38247.0,3000,0.037687106377954485,1,0
38247.0,4000,0.037687106377954485,1,0
38247.0,5000,0.037687106377954485,1,0
38247.0,6000,0.037687106377954485,1,0
38247.0,7000,0.037687106377954485,1,0
38247.0,8000,0.037687106377954485,1,0
38247.0,9000,0.037687106377954485,1,0
38247.0,10000,0.037687106377954485,1,0
38247.0,11000,0.037687106377954485,1,0
38247.0,12000,0.037687106377954485,1,0
38247.0,13000,0.037687106377954485,1,0
38247.0,14000,0.037687106377954485,1,0
38247.0,15000,0.037687106377954485,1,0
38247.0,16000,0.037687106377954485,1,0
38247.0,17000,0.037687106377954485,1,0
38247.0,18000,0.037687106377954485,1,0
38247.0,19000,0.037687106377954485,1,0
38247.0,20000,0.037687106377954485,1,0
38247.0,21000,0.037687106377954485,1,0
38247.0,22000,0.037687106377954485,1,0
38247.0,23000,0.037687106377954485,1,0
38247.0,24000,0.037687106377954485,1,0
38247.0,25000,0.037687106377954485,1,0
38247.0,26000,0.037687106377954485,1,0
38247.0,27000,0.0012916809842061815,1,0
39221.0,38000,0.006048461565468596,1,0
39221.0,39000,0.011442501682159146,1,0
39221.0,40000,0.011442501682159146,1,0
39221.0,41000,0.011442501682159146,1,0
39221.0,42000,0.011442501682159146,1,0
39221.0,43000,0.011442501682159146,1,0
39221.0,44000,0.011442501682159146,1,0
39221.0,45000,0.011442501682159146,1,0
39221.0,46000,0.011442501682159146,1,0
39221.0,47000,0.011442501682159146,1,0
39221.0,48000,0.011442501682159146,1,0
39221.0,49000,0.011442501682159146,1,0
39221.0,50000,0.011442501682159146,1,0
39221.0,51000,0.011442501682159146,1,0
39221.0,52000,0.011442501682159146,1,0
39221.0,53000,0.011442501682159146,1,0
39221.0,54000,0.011442501682159146,1,0
39221.0,55000,0.011442501682159146,1,0
39221.0,56000,0.011442501682159146,1,0
39221.0,57000,0.011442501682159146,1,0
39221.0,58000,0.011442501682159146,1,0
39221.0,59000,0.011442501682159146,1,0
39221.0,60000,0.011442501682159146,1,0
39221.0,61000,0.011442501682159146,1,0
39221.0,62000,0.011442501682159146,1,0
39221.0,63000,0.011442501682159146,1,0
39221.0,64000,0.011442501682159146,1,0
39221.0,65000,0.011442501682159146,1,0
39221.0,66000,0.011442501682159146,1,0
39221.0,67000,0.011442501682159146,1,0
39221.0,68000,0.011442501682159146,1,0
39221.0,69000,0.011442501682159146,1,0
39221.0,70000,0.011442501682159146,1,0
39221.0,71000,0.011442501682159146,1,0
39221.0,72000,0.011442501682159146,1,0
39221.0,73000,0.011442501682159146,1,0
39221.0,74000,0.011442501682159146,1,0
39221.0,75000,0.011442501682159146,1,0
39221.0,76000,0.011442501682159146,1,0
39221.0,77000,0.011442501682159146,1,0
39221.0,78000,0.011442501682159146,1,0
39221.0,79000,0.011442501682159146,1,0
39221.0,80000,0.011442501682159146,1,0
39221.0,81000,0.011442501682159146,1,0
39221.0,82000,0.011442501682159146,1,0
39221.0,83000,0.011442501682159146,1,0
39221.0,84000,0.011442501682159146,1,0
39221.0,85000,0.011442501682159146,1,0
39221.0,86000,0.011442501682159146,1,0
39221.0,87000,0.011442501682159146,1,0
39221.0,88000,0.011442501682159146,1,0
39221.0,89000,0.011442501682159146,1,0
39221.0,90000,0.011442501682159146,1,0
39221.0,91000,0.011442501682159146,1,0
39221.0,92000,0.011442501682159146,1,0
39221.0,93000,0.011442501682159146,1,0
39221.0,94000,0.011442501682159146,1,0
39221.0,95000,0.011442501682159146,1,0
39221.0,96000,0.011442501682159146,1,0
39221.0,97000,0.011442501682159146,1,0
39221.0,98000,0.011442501682159146,1,0
39221.0,99000,0.011442501682159146,1,0
39221.0,100000,0.011442501682159146,1,0
39221.0,101000,0.011442501682159146,1,0
39221.0,102000,0.011442501682159146,1,0
39221.0,103000,0.011442501682159146,1,0
39221.0,104000,0.011442501682159146,1,0
39221.0,105000,0.011442501682159146,1,0
39221.0,106000,0.011442501682159146,1,0
39221.0,107000,0.011442501682159146,1,0
39221.0,108000,0.011442501682159146,1,0
39221.0,109000,0.011442501682159146,1,0
39221.0,110000,0.011442501682159146,1,0
39221.0,111000,0.011442501682159146,1,0
39221.0,112000,0.011442501682159146,1,0
39221.0,113000,0.011442501682159146,1,0
39221.0,114000,0.011442501682159146,1,0
39221.0,115000,0.011442501682159146,1,0
39221.0,116000,0.011442501682159146,1,0
39221.0,117000,0.011442501682159146,1,0
39221.0,118000,0.011442501682159146,1,0
39221.0,119000,0.011442501682159146,1,0
39221.0,120000,0.011442501682159146,1,0
39221.0,121000,0.011442501682159146,1,0
39221.0,122000,0.011442501682159146,1,0
39221.0,123000,0.011442501682159146,1,0
39221.0,124000,0.011442501682159146,1,0
39221.0,125000,0.009896393768844814,1,0
39470.0,8000,0.0003259641120782303,1,0
39470.0,9000,0.0198749351699445,1,0
39470.0,10000,0.0198749351699445,1,0
39470.0,11000,0.0198749351699445,1,0
39470.0,12000,0.0198749351699445,1,0
39470.0,13000,0.0198749351699445,1,0
39470.0,14000,0.0198749351699445,1,0
39470.0,15000,0.0198749351699445,1,0
39470.0,16000,0.0198749351699445,1,0
39470.0,17000,0.0198749351699445,1,0
39470.0,18000,0.0198749351699445,1,0
39470.0,19000,0.0198749351699445,1,0
39470.0,20000,0.0198749351699445,1,0
39470.0,21000,0.0198749351699445,1,0
39470.0,22000,0.0198749351699445,1,0
39470.0,23000,0.0198749351699445,1,0
39470.0,24000,0.0198749351699445,1,0
39470.0,25000,0.0198749351699445,1,0
39470.0,26000,0.0198749351699445,1,0
39470.0,27000,0.0198749351699445,1,0
39470.0,28000,0.0198749351699445,1,0
39470.0,29000,0.0198749351699445,1,0
39470.0,30000,0.0198749351699445,1,0
39470.0,31000,0.0198749351699445,1,0
39470.0,32000,0.0198749351699445,1,0
39470.0,33000,0.0198749351699445,1,0
39470.0,34000,0.0198749351699445,1,0
39470.0,35000,0.0198749351699445,1,0
39470.0,36000,0.0198749351699445,1,0
39470.0,37000,0.0198749351699445,1,0
39470.0,38000,0.0198749351699445,1,0
39470.0,39000,0.0198749351699445,1,0
39470.0,40000,0.0198749351699445,1,0
39470.0,41000,0.0198749351699445,1,0
39470.0,42000,0.0198749351699445,1,0
39470.0,43000,0.0198749351699445,1,0
39470.0,44000,0.0198749351699445,1,0
39470.0,45000,0.0198749351699445,1,0
39470.0,46000,0.0198749351699445,1,0
39470.0,47000,0.0198749351699445,1,0
39470.0,48000,0.0198749351699445,1,0
39470.0,49000,0.0198749351699445,1,0
39470.0,50000,0.0198749351699445,1,0
39470.0,51000,0.0198749351699445,1,0
39470.0,52000,0.0198749351699445,1,0
39470.0,53000,0.0198749351699445,1,0
39470.0,54000,0.0198749351699445,1,0
39470.0,55000,0.0198749351699445,1,0
39470.0,56000,0.0198749351699445,1,0
39470.0,57000,0.0198749351699445,1,0
39470.0,58000,0.0198749351699445,1,0
39470.0,59000,0.005927277390696807,1,0
39702.0,0,0.4698629602597527,1,0
39702.0,1000,0.5301370397402473,1,0
39786.0,34000,0.000766554466066416,1,0
39786.0,35000,0.0037103708527567486,1,0
39786.0,36000,0.0037103708527567486,1,0
39786.0,37000,0.0037103708527567486,1,0
39786.0,38000,0.0037103708527567486,1,0
39786.0,39000,0.0037103708527567486,1,0
39786.0,40000,0.0037103708527567486,1,0
39786.0,41000,0.0037103708527567486,1,0
39786.0,42000,0.0037103708527567486,1,0
39786.0,43000,0.0037103708527567486,1,0
39786.0,44000,0.0037103708527567486,1,0
39786.0,45000,0.0037103708527567486,1,0
39786.0,46000,0.0037103708527567486,1,0
39786.0,47000,0.0037103708527567486,1,0
39786.0,48000,0.0037103708527567486,1,0
39786.0,49000,0.0037103708527567486,1,0
39786.0,50000,0.0037103708527567486,1,0
39786.0,51000,0.0037103708527567486,1,0
39786.0,52000,0.0037103708527567486,1,0
39786.0,53000,0.0037103708527567486,1,0
39786.0,54000,0.0037103708527567486,1,0
39786.0,55000,0.0037103708527567486,1,0
39786.0,56000,0.0037103708527567486,1,0
39786.0,57000,0.0037103708527567486,1,0
39786.0,58000,0.0037103708527567486,1,0
39786.0,59000,0.0037103708527567486,1,0
39786.0,60000,0.0037103708527567486,1,0
39786.0,61000,0.0037103708527567486,1,0
39786.0,62000,0.0037103708527567486,1,0
39786.0,63000,0.0037103708527567486,1,0
39786.0,64000,0.0037103708527567486,1,0
39786.0,65000,0.0037103708527567486,1,0
39786.0,66000,0.0037103708527567486,1,0
39786.0,67000,0.0037103708527567486,1,0
39786.0,68000,0.0037103708527567486,1,0
39786.0,69000,0.0037103708527567486,1,0
39786.0,70000,0.0037103708527567486,1,0
39786.0,71000,0.0037103708527567486,1,0
39786.0,72000,0.0037103708527567486,1,0
39786.0,73000,0.0037103708527567486,1,0
39786.0,74000,0.0037103708527567486,1,0
39786.0,75000,0.0037103708527567486,1,0
39786.0,76000,0.0037103708527567486,1,0
39786.0,77000,0.0037103708527567486,1,0
39786.0,78000,0.0037103708527567486,1,0
39786.0,79000,0.0037103708527567486,1,0
39786.0,80000,0.0037103708527567486,1,0
39786.0,81000,0.0037103708527567486,1,0
39786.0,82000,0.0037103708527567486,1,0
39786.0,83000,0.0037103708527567486,1,0
39786.0,84000,0.0037103708527567486,1,0
39786.0,85000,0.0037103708527567486,1,0
39786.0,86000,0.0037103708527567486,1,0
39786.0,87000,0.0037103708527567486,1,0
39786.0,88000,0.0037103708527567486,1,0
39786.0,89000,0.0037103708527567486,1,0
39786.0,90000,0.0037103708527567486,1,0
39786.0,91000,0.0037103708527567486,1,0
39786.0,92000,0.0037103708527567486,1,0
39786.0,93000,0.0037103708527567486,1,0
39786.0,94000,0.0037103708527567486,1,0
39786.0,95000,0.0037103708527567486,1,0
39786.0,96000,0.0037103708527567486,1,0
39786.0,97000,0.0037103708527567486,1,0
39786.0,98000,0.0037103708527567486,1,0
39786.0,99000,0.0037103708527567486,1,0
39786.0,100000,0.0037103708527567486,1,0
39786.0,101000,0.0037103708527567486,1,0
39786.0,102000,0.0037103708527567486,1,0
39786.0,103000,0.0037103708527567486,1,0
39786.0,104000,0.0037103708527567486,1,0
39786.0,105000,0.0037103708527567486,1,0
39786.0,106000,0.0037103708527567486,1,0
39786.0,107000,0.0037103708527567486,1,0
39786.0,108000,0.0037103708527567486,1,0
39786.0,109000,0.0037103708527567486,1,0
39786.0,110000,0.0037103708527567486,1,0
39786.0,111000,0.0037103708527567486,1,0
39786.0,112000,0.0037103708527567486,1,0
39786.0,113000,0.0037103708527567486,1,0
39786.0,114000,0.0037103708527567486,1,0
39786.0,115000,0.0037103708527567486,1,0
39786.0,116000,0.0037103708527567486,1,0
39786.0,117000,0.0037103708527567486,1,0
39786.0,118000,0.0037103708527567486,1,0
39786.0,119000,0.0037103708527567486,1,0
39786.0,120000,0.0037103708527567486,1,0
39786.0,121000,0.0037103708527567486,1,0
39786.0,122000,0.0037103708527567486,1,0
39786.0,123000,0.0037103708527567486,1,0
39786.0,124000,0.0037103708527567486,1,0
39786.0,125000,0.0037103708527567486,1,0
39786.0,126000,0.0037103708527567486,1,0
39786.0,127000,0.0037103708527567486,1,0
39786.0,128000,0.0037103708527567486,1,0
39786.0,129000,0.0037103708527567486,1,0
39786.0,130000,0.0037103708527567486,1,0
39786.0,131000,0.0037103708527567486,1,0
39786.0,132000,0.0037103708527567486,1,0
39786.0,133000,0.0037103708527567486,1,0
39786.0,134000,0.0037103708527567486,1,0
39786.0,135000,0.0037103708527567486,1,0
39786.0,136000,0.0037103708527567486,1,0
39786.0,137000,0.0037103708527567486,1,0
39786.0,138000,0.0037103708527567486,1,0
39786.0,139000,0.0037103708527567486,1,0
39786.0,140000,0.0037103708527567486,1,0
39786.0,141000,0.0037103708527567486,1,0
39786.0,142000,0.0037103708527567486,1,0
39786.0,143000,0.0037103708527567486,1,0
39786.0,144000,0.0037103708527567486,1,0
39786.0,145000,0.0037103708527567486,1,0
39786.0,146000,0.0037103708527567486,1,0
39786.0,147000,0.0037103708527567486,1,0
39786.0,148000,0.0037103708527567486,1,0
39786.0,149000,0.0037103708527567486,1,0
39786.0,150000,0.0037103708527567486,1,0
39786.0,151000,0.0037103708527567486,1,0
39786.0,152000,0.0037103708527567486,1,0
39786.0,153000,0.0037103708527567486,1,0
39786.0,154000,0.0037103708527567486,1,0
39786.0,155000,0.0037103708527567486,1,0
39786.0,156000,0.0037103708527567486,1,0
39786.0,157000,0.0037103708527567486,1,0
39786.0,158000,0.0037103708527567486,1,0
39786.0,159000,0.0037103708527567486,1,0
39786.0,160000,0.0037103708527567486,1,0
39786.0,161000,0.0037103708527567486,1,0
39786.0,162000,0.0037103708527567486,1,0
39786.0,163000,0.0037103708527567486,1,0
39786.0,164000,0.0037103708527567486,1,0
39786.0,165000,0.0037103708527567486,1,0
39786.0,166000,0.0037103708527567486,1,0
39786.0,167000,0.0037103708527567486,1,0
39786.0,168000,0.0037103708527567486,1,0
39786.0,169000,0.0037103708527567486,1,0
39786.0,170000,0.0037103708527567486,1,0
39786.0,171000,0.0037103708527567486,1,0
39786.0,172000,0.0037103708527567486,1,0
39786.0,173000,0.0037103708527567486,1,0
39786.0,174000,0.0037103708527567486,1,0
39786.0,175000,0.0037103708527567486,1,0
39786.0,176000,0.0037103708527567486,1,0
39786.0,177000,0.0037103708527567486,1,0
39786.0,178000,0.0037103708527567486,1,0
39786.0,179000,0.0037103708527567486,1,0
39786.0,180000,0.0037103708527567486,1,0
39786.0,181000,0.0037103708527567486,1,0
39786.0,182000,0.0037103708527567486,1,0
39786.0,183000,0.0037103708527567486,1,0
39786.0,184000,0.0037103708527567486,1,0
39786.0,185000,0.0037103708527567486,1,0
39786.0,186000,0.0037103708527567486,1,0
39786.0,187000,0.0037103708527567486,1,0
39786.0,188000,0.0037103708527567486,1,0
39786.0,189000,0.0037103708527567486,1,0
39786.0,190000,0.0037103708527567486,1,0
39786.0,191000,0.0037103708527567486,1,0
39786.0,192000,0.0037103708527567486,1,0
39786.0,193000,0.0037103708527567486,1,0
39786.0,194000,0.0037103708527567486,1,0
39786.0,195000,0.0037103708527567486,1,0
39786.0,196000,0.0037103708527567486,1,0
39786.0,197000,0.0037103708527567486,1,0
39786.0,198000,0.0037103708527567486,1,0
39786.0,199000,0.0037103708527567486,1,0
39786.0,200000,0.0037103708527567486,1,0
39786.0,201000,0.0037103708527567486,1,0
39786.0,202000,0.0037103708527567486,1,0
39786.0,203000,0.0037103708527567486,1,0
39786.0,204000,0.0037103708527567486,1,0
39786.0,205000,0.0037103708527567486,1,0
39786.0,206000,0.0037103708527567486,1,0
39786.0,207000,0.0037103708527567486,1,0
39786.0,208000,0.0037103708527567486,1,0
39786.0,209000,0.0037103708527567486,1,0
39786.0,210000,0.0037103708527567486,1,0
39786.0,211000,0.0037103708527567486,1,0
39786.0,212000,0.0037103708527567486,1,0
39786.0,213000,0.0037103708527567486,1,0
39786.0,214000,0.0037103708527567486,1,0
39786.0,215000,0.0037103708527567486,1,0
39786.0,216000,0.0037103708527567486,1,0
39786.0,217000,0.0037103708527567486,1,0
39786.0,218000,0.0037103708527567486,1,0
39786.0,219000,0.0037103708527567486,1,0
39786.0,220000,0.0037103708527567486,1,0
39786.0,221000,0.0037103708527567486,1,0
39786.0,222000,0.0037103708527567486,1,0
39786.0,223000,0.0037103708527567486,1,0
39786.0,224000,0.0037103708527567486,1,0
39786.0,225000,0.0037103708527567486,1,0
39786.0,226000,0.0037103708527567486,1,0
39786.0,227000,0.0037103708527567486,1,0
39786.0,228000,0.0037103708527567486,1,0
39786.0,229000,0.0037103708527567486,1,0
39786.0,230000,0.0037103708527567486,1,0
39786.0,231000,0.0037103708527567486,1,0
39786.0,232000,0.0037103708527567486,1,0
39786.0,233000,0.0037103708527567486,1,0
39786.0,234000,0.0037103708527567486,1,0
39786.0,235000,0.0037103708527567486,1,0
39786.0,236000,0.0037103708527567486,1,0
39786.0,237000,0.0037103708527567486,1,0
39786.0,238000,0.0037103708527567486,1,0
39786.0,239000,0.0037103708527567486,1,0
39786.0,240000,0.0037103708527567486,1,0
39786.0,241000,0.0037103708527567486,1,0
39786.0,242000,0.0037103708527567486,1,0
39786.0,243000,0.0037103708527567486,1,0
39786.0,244000,0.0037103708527567486,1,0
39786.0,245000,0.0037103708527567486,1,0
39786.0,246000,0.0037103708527567486,1,0
39786.0,247000,0.0037103708527567486,1,0
39786.0,248000,0.0037103708527567486,1,0
39786.0,249000,0.0037103708527567486,1,0
39786.0,250000,0.0037103708527567486,1,0
39786.0,251000,0.0037103708527567486,1,0
39786.0,252000,0.0037103708527567486,1,0
39786.0,253000,0.0037103708527567486,1,0
39786.0,254000,0.0037103708527567486,1,0
39786.0,255000,0.0037103708527567486,1,0
39786.0,256000,0.0037103708527567486,1,0
39786.0,257000,0.0037103708527567486,1,0
39786.0,258000,0.0037103708527567486,1,0
39786.0,259000,0.0037103708527567486,1,0
39786.0,260000,0.0037103708527567486,1,0
39786.0,261000,0.0037103708527567486,1,0
39786.0,262000,0.0037103708527567486,1,0
39786.0,263000,0.0037103708527567486,1,0
39786.0,264000,0.0037103708527567486,1,0
39786.0,265000,0.0037103708527567486,1,0
39786.0,266000,0.0037103708527567486,1,0
39786.0,267000,0.0037103708527567486,1,0
39786.0,268000,0.0037103708527567486,1,0
39786.0,269000,0.0037103708527567486,1,0
39786.0,270000,0.0037103708527567486,1,0
39786.0,271000,0.0037103708527567486,1,0
39786.0,272000,0.0037103708527567486,1,0
39786.0,273000,0.0037103708527567486,1,0
39786.0,274000,0.0037103708527567486,1,0
39786.0,275000,0.0037103708527567486,1,0
39786.0,276000,0.0037103708527567486,1,0
39786.0,277000,0.0037103708527567486,1,0
39786.0,278000,0.0037103708527567486,1,0
39786.0,279000,0.0037103708527567486,1,0
39786.0,280000,0.0037103708527567486,1,0
39786.0,281000,0.0037103708527567486,1,0
39786.0,282000,0.0037103708527567486,1,0
39786.0,283000,0.0037103708527567486,1,0
39786.0,284000,0.0037103708527567486,1,0
39786.0,285000,0.0037103708527567486,1,0
39786.0,286000,0.0037103708527567486,1,0
39786.0,287000,0.0037103708527567486,1,0
39786.0,288000,0.0037103708527567486,1,0
39786.0,289000,0.0037103708527567486,1,0
39786.0,290000,0.0037103708527567486,1,0
39786.0,291000,0.0037103708527567486,1,0
39786.0,292000,0.0037103708527567486,1,0
39786.0,293000,0.0037103708527567486,1,0
39786.0,294000,0.0037103708527567486,1,0
39786.0,295000,0.0037103708527567486,1,0
39786.0,296000,0.0037103708527567486,1,0
39786.0,297000,0.0037103708527567486,1,0
39786.0,298000,0.0037103708527567486,1,0
39786.0,299000,0.0037103708527567486,1,0
39786.0,300000,0.0037103708527567486,1,0
39786.0,301000,0.0037103708527567486,1,0
39786.0,302000,0.0037103708527567486,1,0
39786.0,303000,0.0037103708527567486,1,0
39786.0,304000,0.0011436861423682666,1,0
39931.0,8000,0.0003259641120782303,1,0
39931.0,9000,0.0198749351699445,1,0
39931.0,10000,0.0198749351699445,1,0
39931.0,11000,0.0198749351699445,1,0
39931.0,12000,0.0198749351699445,1,0
39931.0,13000,0.0198749351699445,1,0
39931.0,14000,0.0198749351699445,1,0
39931.0,15000,0.0198749351699445,1,0
39931.0,16000,0.0198749351699445,1,0
39931.0,17000,0.0198749351699445,1,0
39931.0,18000,0.0198749351699445,1,0
39931.0,19000,0.0198749351699445,1,0
39931.0,20000,0.0198749351699445,1,0
39931.0,21000,0.0198749351699445,1,0
39931.0,22000,0.0198749351699445,1,0
39931.0,23000,0.0198749351699445,1,0
39931.0,24000,0.0198749351699445,1,0
39931.0,25000,0.0198749351699445,1,0
39931.0,26000,0.0198749351699445,1,0
39931.0,27000,0.0198749351699445,1,0
39931.0,28000,0.0198749351699445,1,0
39931.0,29000,0.0198749351699445,1,0
39931.0,30000,0.0198749351699445,1,0
39931.0,31000,0.0198749351699445,1,0
39931.0,32000,0.0198749351699445,1,0
39931.0,33000,0.0198749351699445,1,0
39931.0,34000,0.0198749351699445,1,0
39931.0,35000,0.0198749351699445,1,0
39931.0,36000,0.0198749351699445,1,0
39931.0,37000,0.0198749351699445,1,0
39931.0,38000,0.0198749351699445,1,0
39931.0,39000,0.0198749351699445,1,0
39931.0,40000,0.0198749351699445,1,0
39931.0,41000,0.0198749351699445,1,0
39931.0,42000,0.0198749351699445,1,0
39931.0,43000,0.0198749351699445,1,0
39931.0,44000,0.0198749351699445,1,0
39931.0,45000,0.0198749351699445,1,0
39931.0,46000,0.0198749351699445,1,0
39931.0,47000,0.0198749351699445,1,0
39931.0,48000,0.0198749351699445,1,0
39931.0,49000,0.0198749351699445,1,0
39931.0,50000,0.0198749351699445,1,0
39931.0,51000,0.0198749351699445,1,0
39931.0,52000,0.0198749351699445,1,0
39931.0,53000,0.0198749351699445,1,0
39931.0,54000,0.0198749351699445,1,0
39931.0,55000,0.0198749351699445,1,0
39931.0,56000,0.0198749351699445,1,0
39931.0,57000,0.0198749351699445,1,0
39931.0,58000,0.0198749351699445,1,0
39931.0,59000,0.005927277390696807,1,0
40306.0,0,0.08533792766989474,1,0
40306.0,1000,0.21908178605800677,1,0
40306.0,2000,0.21908178605800677,1,0
40306.0,3000,0.21908178605800677,1,0
40306.0,4000,0.21908178605800677,1,0
40306.0,5000,0.03833492809807823,1,0
40472.0,8000,0.0003259641120782303,1,0
40472.0,9000,0.0198749351699445,1,0
40472.0,10000,0.0198749351699445,1,0
40472.0,11000,0.0198749351699445,1,0
40472.0,12000,0.0198749351699445,1,0
40472.0,13000,0.0198749351699445,1,0
40472.0,14000,0.0198749351699445,1,0
40472.0,15000,0.0198749351699445,1,0
40472.0,16000,0.0198749351699445,1,0
40472.0,17000,0.0198749351699445,1,0
40472.0,18000,0.0198749351699445,1,0
40472.0,19000,0.0198749351699445,1,0
40472.0,20000,0.0198749351699445,1,0
40472.0,21000,0.0198749351699445,1,0
40472.0,22000,0.0198749351699445,1,0
40472.0,23000,0.0198749351699445,1,0
40472.0,24000,0.0198749351699445,1,0
40472.0,25000,0.0198749351699445,1,0
40472.0,26000,0.0198749351699445,1,0
40472.0,27000,0.0198749351699445,1,0
40472.0,28000,0.0198749351699445,1,0
40472.0,29000,0.0198749351699445,1,0
40472.0,30000,0.0198749351699445,1,0
40472.0,31000,0.0198749351699445,1,0
40472.0,32000,0.0198749351699445,1,0
40472.0,33000,0.0198749351699445,1,0
40472.0,34000,0.0198749351699445,1,0
40472.0,35000,0.0198749351699445,1,0
40472.0,36000,0.0198749351699445,1,0
40472.0,37000,0.0198749351699445,1,0
40472.0,38000,0.0198749351699445,1,0
40472.0,39000,0.0198749351699445,1,0
40472.0,40000,0.0198749351699445,1,0
40472.0,41000,0.0198749351699445,1,0
40472.0,42000,0.0198749351699445,1,0
40472.0,43000,0.0198749351699445,1,0
40472.0,44000,0.0198749351699445,1,0
40472.0,45000,0.0198749351699445,1,0
40472.0,46000,0.0198749351699445,1,0
40472.0,47000,0.0198749351699445,1,0
40472.0,48000,0.0198749351699445,1,0
40472.0,49000,0.0198749351699445,1,0
40472.0,50000,0.0198749351699445,1,0
40472.0,51000,0.0198749351699445,1,0
40472.0,52000,0.0198749351699445,1,0
40472.0,53000,0.0198749351699445,1,0
40472.0,54000,0.0198749351699445,1,0
40472.0,55000,0.0198749351699445,1,0
40472.0,56000,0.0198749351699445,1,0
40472.0,57000,0.0198749351699445,1,0
40472.0,58000,0.0198749351699445,1,0
40472.0,59000,0.005927277390696807,1,0
42260.0,0,0.04135708333442658,1,0
42260.0,1000,0.08271416666885316,1,0
42260.0,2000,0.08271416666885316,1,0
42260.0,3000,0.08271416666885316,1,0
42260.0,4000,0.08271416666885316,1,0
42260.0,5000,0.08271416666885316,1,0
42260.0,6000,0.08271416666885316,1,0
42260.0,7000,0.08271416666885316,1,0
42260.0,8000,0.08271416666885316,1,0
42260.0,9000,0.08271416666885316,1,0
42260.0,10000,0.08271416666885316,1,0
42260.0,11000,0.08271416666885316,1,0
42260.0,12000,0.048787083308188706,1,0
42393.0,9000,0.03296378976374778,1,0
42393.0,10000,0.0380495301370862,1,0
42393.0,11000,0.0380495301370862,1,0
42393.0,12000,0.0380495301370862,1,0
42393.0,13000,0.0380495301370862,1,0
42393.0,14000,0.0380495301370862,1,0
42393.0,15000,0.0380495301370862,1,0
42393.0,16000,0.0380495301370862,1,0
42393.0,17000,0.0380495301370862,1,0
42393.0,18000,0.0380495301370862,1,0
42393.0,19000,0.0380495301370862,1,0
42393.0,20000,0.0380495301370862,1,0
42393.0,21000,0.0380495301370862,1,0
42393.0,22000,0.0380495301370862,1,0
42393.0,23000,0.0380495301370862,1,0
42393.0,24000,0.0380495301370862,1,0
42393.0,25000,0.0380495301370862,1,0
42393.0,26000,0.0380495301370862,1,0
42393.0,27000,0.0380495301370862,1,0
42393.0,28000,0.0380495301370862,1,0
42393.0,29000,0.0380495301370862,1,0
42393.0,30000,0.0380495301370862,1,0
42393.0,31000,0.0380495301370862,1,0
42393.0,32000,0.0380495301370862,1,0
42393.0,33000,0.0380495301370862,1,0
42393.0,34000,0.0380495301370862,1,0
42393.0,35000,0.015797956809097204,1,0
42450.0,65000,0.03041808441297988,1,0
42450.0,66000,0.039075084390590785,1,0
42450.0,67000,0.039075084390590785,1,0
42450.0,68000,0.039075084390590785,1,0
42450.0,69000,0.039075084390590785,1,0
42450.0,70000,0.039075084390590785,1,0
42450.0,71000,0.039075084390590785,1,0
42450.0,72000,0.039075084390590785,1,0
42450.0,73000,0.039075084390590785,1,0
42450.0,74000,0.039075084390590785,1,0
42450.0,75000,0.039075084390590785,1,0
42450.0,76000,0.039075084390590785,1,0
42450.0,77000,0.039075084390590785,1,0
42450.0,78000,0.039075084390590785,1,0
42450.0,79000,0.039075084390590785,1,0
42450.0,80000,0.039075084390590785,1,0
42450.0,81000,0.039075084390590785,1,0
42450.0,82000,0.039075084390590785,1,0
42450.0,83000,0.039075084390590785,1,0
42450.0,84000,0.039075084390590785,1,0
42450.0,85000,0.039075084390590785,1,0
42450.0,86000,0.039075084390590785,1,0
42450.0,87000,0.039075084390590785,1,0
42450.0,88000,0.039075084390590785,1,0
42450.0,89000,0.039075084390590785,1,0
42450.0,90000,0.031779890212841236,1,0
42714.0,5000,0.0037225794600923997,1,0
42714.0,6000,0.030681686048353782,1,0
42714.0,7000,0.030681686048353782,1,0
42714.0,8000,0.030681686048353782,1,0
42714.0,9000,0.030681686048353782,1,0
42714.0,10000,0.030681686048353782,1,0
42714.0,11000,0.030681686048353782,1,0
42714.0,12000,0.030681686048353782,1,0
42714.0,13000,0.030681686048353782,1,0
42714.0,14000,0.030681686048353782,1,0
42714.0,15000,0.030681686048353782,1,0
42714.0,16000,0.030681686048353782,1,0
42714.0,17000,0.030681686048353782,1,0
42714.0,18000,0.030681686048353782,1,0
42714.0,19000,0.030681686048353782,1,0
42714.0,20000,0.030681686048353782,1,0
42714.0,21000,0.030681686048353782,1,0
42714.0,22000,0.030681686048353782,1,0
42714.0,23000,0.030681686048353782,1,0
42714.0,24000,0.030681686048353782,1,0
42714.0,25000,0.030681686048353782,1,0
42714.0,26000,0.030681686048353782,1,0
42714.0,27000,0.030681686048353782,1,0
42714.0,28000,0.030681686048353782,1,0
42714.0,29000,0.030681686048353782,1,0
42714.0,30000,0.030681686048353782,1,0
42714.0,31000,0.030681686048353782,1,0
42714.0,32000,0.030681686048353782,1,0
42714.0,33000,0.030681686048353782,1,0
42714.0,34000,0.030681686048353782,1,0
42714.0,35000,0.030681686048353782,1,0
42714.0,36000,0.030681686048353782,1,0
42714.0,37000,0.030681686048353782,1,0
42714.0,38000,0.014463466992586564,1,0
44056.0,24000,0.0054657380475283445,1,0
44056.0,25000,0.009988185851212326,1,0
44056.0,26000,0.009988185851212326,1,0
44056.0,27000,0.009988185851212326,1,0
44056.0,28000,0.009988185851212326,1,0
44056.0,29000,0.009988185851212326,1,0
44056.0,30000,0.009988185851212326,1,0
44056.0,31000,0.009988185851212326,1,0
44056.0,32000,0.009988185851212326,1,0
44056.0,33000,0.009988185851212326,1,0
44056.0,34000,0.009988185851212326,1,0
44056.0,35000,0.009988185851212326,1,0
44056.0,36000,0.009988185851212326,1,0
44056.0,37000,0.009988185851212326,1,0
44056.0,38000,0.009988185851212326,1,0
44056.0,39000,0.009988185851212326,1,0
44056.0,40000,0.009988185851212326,1,0
44056.0,41000,0.009988185851212326,1,0
44056.0,42000,0.009988185851212326,1,0
44056.0,43000,0.009988185851212326,1,0
44056.0,44000,0.009988185851212326,1,0
44056.0,45000,0.009988185851212326,1,0
44056.0,46000,0.009988185851212326,1,0
44056.0,47000,0.009988185851212326,1,0
44056.0,48000,0.009988185851212326,1,0
44056.0,49000,0.009988185851212326,1,0
44056.0,50000,0.009988185851212326,1,0
44056.0,51000,0.009988185851212326,1,0
44056.0,52000,0.009988185851212326,1,0
44056.0,53000,0.009988185851212326,1,0
44056.0,54000,0.009988185851212326,1,0
44056.0,55000,0.009988185851212326,1,0
44056.0,56000,0.009988185851212326,1,0
44056.0,57000,0.009988185851212326,1,0
44056.0,58000,0.009988185851212326,1,0
44056.0,59000,0.009988185851212326,1,0
44056.0,60000,0.009988185851212326,1,0
44056.0,61000,0.009988185851212326,1,0
44056.0,62000,0.009988185851212326,1,0
44056.0,63000,0.009988185851212326,1,0
44056.0,64000,0.009988185851212326,1,0
44056.0,65000,0.009988185851212326,1,0
44056.0,66000,0.009988185851212326,1,0
44056.0,67000,0.009988185851212326,1,0
44056.0,68000,0.009988185851212326,1,0
44056.0,69000,0.009988185851212326,1,0
44056.0,70000,0.009988185851212326,1,0
44056.0,71000,0.009988185851212326,1,0
44056.0,72000,0.009988185851212326,1,0
44056.0,73000,0.009988185851212326,1,0
44056.0,74000,0.009988185851212326,1,0
44056.0,75000,0.009988185851212326,1,0
44056.0,76000,0.009988185851212326,1,0
44056.0,77000,0.009988185851212326,1,0
44056.0,78000,0.009988185851212326,1,0
44056.0,79000,0.009988185851212326,1,0
44056.0,80000,0.009988185851212326,1,0
44056.0,81000,0.009988185851212326,1,0
44056.0,82000,0.009988185851212326,1,0
44056.0,83000,0.009988185851212326,1,0
44056.0,84000,0.009988185851212326,1,0
44056.0,85000,0.009988185851212326,1,0
44056.0,86000,0.009988185851212326,1,0
44056.0,87000,0.009988185851212326,1,0
44056.0,88000,0.009988185851212326,1,0
44056.0,89000,0.009988185851212326,1,0
44056.0,90000,0.009988185851212326,1,0
44056.0,91000,0.009988185851212326,1,0
44056.0,92000,0.009988185851212326,1,0
44056.0,93000,0.009988185851212326,1,0
44056.0,94000,0.009988185851212326,1,0
44056.0,95000,0.009988185851212326,1,0
44056.0,96000,0.009988185851212326,1,0
44056.0,97000,0.009988185851212326,1,0
44056.0,98000,0.009988185851212326,1,0
44056.0,99000,0.009988185851212326,1,0
44056.0,100000,0.009988185851212326,1,0
44056.0,101000,0.009988185851212326,1,0
44056.0,102000,0.009988185851212326,1,0
44056.0,103000,0.009988185851212326,1,0
44056.0,104000,0.009988185851212326,1,0
44056.0,105000,0.009988185851212326,1,0
44056.0,106000,0.009988185851212326,1,0
44056.0,107000,0.009988185851212326,1,0
44056.0,108000,0.009988185851212326,1,0
44056.0,109000,0.009988185851212326,1,0
44056.0,110000,0.009988185851212326,1,0
44056.0,111000,0.009988185851212326,1,0
44056.0,112000,0.009988185851212326,1,0
44056.0,113000,0.009988185851212326,1,0
44056.0,114000,0.009988185851212326,1,0
44056.0,115000,0.009988185851212326,1,0
44056.0,116000,0.009988185851212326,1,0
44056.0,117000,0.009988185851212326,1,0
44056.0,118000,0.009988185851212326,1,0
44056.0,119000,0.009988185851212326,1,0
44056.0,120000,0.009988185851212326,1,0
44056.0,121000,0.009988185851212326,1,0
44056.0,122000,0.009988185851212326,1,0
44056.0,123000,0.009988185851212326,1,0
44056.0,124000,0.005703862682451342,1,0
45473.0,0,0.16068999282886381,1,0
45473.0,1000,0.32137998565772763,1,0
45473.0,2000,0.32137998565772763,1,0
45473.0,3000,0.19655003585568087,1,0
48120.0,24000,0.01014276669141769,1,0
48120.0,25000,0.01853507026469703,1,0
48120.0,26000,0.01853507026469703,1,0
48120.0,27000,0.01853507026469703,1,0
48120.0,28000,0.01853507026469703,1,0
48120.0,29000,0.01853507026469703,1,0
48120.0,30000,0.01853507026469703,1,0
48120.0,31000,0.01853507026469703,1,0
48120.0,32000,0.01853507026469703,1,0
48120.0,33000,0.01853507026469703,1,0
48120.0,34000,0.01853507026469703,1,0
48120.0,35000,0.01853507026469703,1,0
48120.0,36000,0.01853507026469703,1,0
48120.0,37000,0.01853507026469703,1,0
48120.0,38000,0.01853507026469703,1,0
48120.0,39000,0.01853507026469703,1,0
48120.0,40000,0.01853507026469703,1,0
48120.0,41000,0.01853507026469703,1,0
48120.0,42000,0.01853507026469703,1,0
48120.0,43000,0.01853507026469703,1,0
48120.0,44000,0.01853507026469703,1,0
48120.0,45000,0.01853507026469703,1,0
48120.0,46000,0.01853507026469703,1,0
48120.0,47000,0.01853507026469703,1,0
48120.0,48000,0.01853507026469703,1,0
48120.0,49000,0.01853507026469703,1,0
48120.0,50000,0.01853507026469703,1,0
48120.0,51000,0.01853507026469703,1,0
48120.0,52000,0.01853507026469703,1,0
48120.0,53000,0.01853507026469703,1,0
48120.0,54000,0.01853507026469703,1,0
48120.0,55000,0.01853507026469703,1,0
48120.0,56000,0.01853507026469703,1,0
48120.0,57000,0.01853507026469703,1,0
48120.0,58000,0.01853507026469703,1,0
48120.0,59000,0.01853507026469703,1,0
48120.0,60000,0.01853507026469703,1,0
48120.0,61000,0.01853507026469703,1,0
48120.0,62000,0.01853507026469703,1,0
48120.0,63000,0.01853507026469703,1,0
48120.0,64000,0.01853507026469703,1,0
48120.0,65000,0.01853507026469703,1,0
48120.0,66000,0.01853507026469703,1,0
48120.0,67000,0.01853507026469703,1,0
48120.0,68000,0.01853507026469703,1,0
48120.0,69000,0.01853507026469703,1,0
48120.0,70000,0.01853507026469703,1,0
48120.0,71000,0.01853507026469703,1,0
48120.0,72000,0.01853507026469703,1,0
48120.0,73000,0.01853507026469703,1,0
48120.0,74000,0.01853507026469703,1,0
48120.0,75000,0.01853507026469703,1,0
48120.0,76000,0.01853507026469703,1,0
48120.0,77000,0.01853507026469703,1,0
48120.0,78000,0.007498509279639829,1,0
48523.0,11000,0.03381278432967977,1,0
48523.0,12000,0.07570089868801613,1,0
48523.0,13000,0.07570089868801613,1,0
48523.0,14000,0.07570089868801613,1,0
48523.0,15000,0.07570089868801613,1,0
48523.0,16000,0.07570089868801613,1,0
48523.0,17000,0.07570089868801613,1,0
48523.0,18000,0.07570089868801613,1,0
48523.0,19000,0.07570089868801613,1,0
48523.0,20000,0.07570089868801613,1,0
48523.0,21000,0.07570089868801613,1,0
48523.0,22000,0.07570089868801613,1,0
48523.0,23000,0.07570089868801613,1,0
48523.0,24000,0.057776431414126625,1,0
48727.0,0,0.0064181097154870055,1,0
48727.0,1000,0.012836219430974011,1,0
48727.0,2000,0.012836219430974011,1,0
48727.0,3000,0.012836219430974011,1,0
48727.0,4000,0.012836219430974011,1,0
48727.0,5000,0.012836219430974011,1,0
48727.0,6000,0.012836219430974011,1,0
48727.0,7000,0.012836219430974011,1,0
48727.0,8000,0.012836219430974011,1,0
48727.0,9000,0.012836219430974011,1,0
48727.0,10000,0.012836219430974011,1,0
48727.0,11000,0.012836219430974011,1,0
48727.0,12000,0.012836219430974011,1,0
48727.0,13000,0.012836219430974011,1,0
48727.0,14000,0.012836219430974011,1,0
48727.0,15000,0.012836219430974011,1,0
48727.0,16000,0.012836219430974011,1,0
48727.0,17000,0.012836219430974011,1,0
48727.0,18000,0.012836219430974011,1,0
48727.0,19000,0.012836219430974011,1,0
48727.0,20000,0.012836219430974011,1,0
48727.0,21000,0.012836219430974011,1,0
48727.0,22000,0.012836219430974011,1,0
48727.0,23000,0.012836219430974011,1,0
48727.0,24000,0.012836219430974011,1,0
48727.0,25000,0.012836219430974011,1,0
48727.0,26000,0.012836219430974011,1,0
48727.0,27000,0.012836219430974011,1,0
48727.0,28000,0.012836219430974011,1,0
48727.0,29000,0.012836219430974011,1,0
48727.0,30000,0.012836219430974011,1,0
48727.0,31000,0.012836219430974011,1,0
48727.0,32000,0.012836219430974011,1,0
48727.0,33000,0.012836219430974011,1,0
48727.0,34000,0.012836219430974011,1,0
48727.0,35000,0.012836219430974011,1,0
48727.0,36000,0.012836219430974011,1,0
48727.0,37000,0.012836219430974011,1,0
48727.0,38000,0.012836219430974011,1,0
48727.0,39000,0.012836219430974011,1,0
48727.0,40000,0.012836219430974011,1,0
48727.0,41000,0.012836219430974011,1,0
48727.0,42000,0.012836219430974011,1,0
48727.0,43000,0.012836219430974011,1,0
48727.0,44000,0.012836219430974011,1,0
48727.0,45000,0.012836219430974011,1,0
48727.0,46000,0.012836219430974011,1,0
48727.0,47000,0.012836219430974011,1,0
48727.0,48000,0.012836219430974011,1,0
48727.0,49000,0.012836219430974011,1,0
48727.0,50000,0.012836219430974011,1,0
48727.0,51000,0.012836219430974011,1,0
48727.0,52000,0.012836219430974011,1,0
48727.0,53000,0.012836219430974011,1,0
48727.0,54000,0.012836219430974011,1,0
48727.0,55000,0.012836219430974011,1,0
48727.0,56000,0.012836219430974011,1,0
48727.0,57000,0.012836219430974011,1,0
48727.0,58000,0.012836219430974011,1,0
48727.0,59000,0.012836219430974011,1,0
48727.0,60000,0.012836219430974011,1,0
48727.0,61000,0.012836219430974011,1,0
48727.0,62000,0.012836219430974011,1,0
48727.0,63000,0.012836219430974011,1,0
48727.0,64000,0.012836219430974011,1,0
48727.0,65000,0.012836219430974011,1,0
48727.0,66000,0.012836219430974011,1,0
48727.0,67000,0.012836219430974011,1,0
48727.0,68000,0.012836219430974011,1,0
48727.0,69000,0.012836219430974011,1,0
48727.0,70000,0.012836219430974011,1,0
48727.0,71000,0.012836219430974011,1,0
48727.0,72000,0.012836219430974011,1,0
48727.0,73000,0.012836219430974011,1,0
48727.0,74000,0.012836219430974011,1,0
48727.0,75000,0.012836219430974011,1,0
48727.0,76000,0.012836219430974011,1,0
48727.0,77000,0.012836219430974011,1,0
48727.0,78000,0.005192994099514143,1,0
49243.0,8000,0.002553861885175914,1,0
49243.0,9000,0.0636539813265062,1,0
49243.0,10000,0.0636539813265062,1,0
49243.0,11000,0.0636539813265062,1,0
49243.0,12000,0.0636539813265062,1,0
49243.0,13000,0.0636539813265062,1,0
49243.0,14000,0.0636539813265062,1,0
49243.0,15000,0.0636539813265062,1,0
49243.0,16000,0.0636539813265062,1,0
49243.0,17000,0.0636539813265062,1,0
49243.0,18000,0.0636539813265062,1,0
49243.0,19000,0.0636539813265062,1,0
49243.0,20000,0.0636539813265062,1,0
49243.0,21000,0.0636539813265062,1,0
49243.0,22000,0.0636539813265062,1,0
49243.0,23000,0.0636539813265062,1,0
49243.0,24000,0.04263641821723118,1,0
49277.0,4000,0.010637058628207612,1,0
49277.0,5000,0.0213712367338278,1,0
49277.0,6000,0.0213712367338278,1,0
49277.0,7000,0.0213712367338278,1,0
49277.0,8000,0.0213712367338278,1,0
49277.0,9000,0.0213712367338278,1,0
49277.0,10000,0.0213712367338278,1,0
49277.0,11000,0.0213712367338278,1,0
49277.0,12000,0.0213712367338278,1,0
49277.0,13000,0.0213712367338278,1,0
49277.0,14000,0.0213712367338278,1,0
49277.0,15000,0.0213712367338278,1,0
49277.0,16000,0.0213712367338278,1,0
49277.0,17000,0.0213712367338278,1,0
49277.0,18000,0.0213712367338278,1,0
49277.0,19000,0.0213712367338278,1,0
49277.0,20000,0.0213712367338278,1,0
49277.0,21000,0.0213712367338278,1,0
49277.0,22000,0.0213712367338278,1,0
49277.0,23000,0.0213712367338278,1,0
49277.0,24000,0.0213712367338278,1,0
49277.0,25000,0.0213712367338278,1,0
49277.0,26000,0.0213712367338278,1,0
49277.0,27000,0.0213712367338278,1,0
49277.0,28000,0.0213712367338278,1,0
49277.0,29000,0.0213712367338278,1,0
49277.0,30000,0.0213712367338278,1,0
49277.0,31000,0.0213712367338278,1,0
49277.0,32000,0.0213712367338278,1,0
49277.0,33000,0.0213712367338278,1,0
49277.0,34000,0.0213712367338278,1,0
49277.0,35000,0.0213712367338278,1,0
49277.0,36000,0.0213712367338278,1,0
49277.0,37000,0.0213712367338278,1,0
49277.0,38000,0.0213712367338278,1,0
49277.0,39000,0.0213712367338278,1,0
49277.0,40000,0.0213712367338278,1,0
49277.0,41000,0.0213712367338278,1,0
49277.0,42000,0.0213712367338278,1,0
49277.0,43000,0.0213712367338278,1,0
49277.0,44000,0.0213712367338278,1,0
49277.0,45000,0.0213712367338278,1,0
49277.0,46000,0.0213712367338278,1,0
49277.0,47000,0.0213712367338278,1,0
49277.0,48000,0.0213712367338278,1,0
49277.0,49000,0.0213712367338278,1,0
49277.0,50000,0.0213712367338278,1,0
49277.0,51000,0.006286051615713668,1,0
49443.0,9000,0.04747494534191118,1,0
49443.0,10000,0.054799505047510445,1,0
49443.0,11000,0.054799505047510445,1,0
49443.0,12000,0.054799505047510445,1,0
49443.0,13000,0.054799505047510445,1,0
49443.0,14000,0.054799505047510445,1,0
49443.0,15000,0.054799505047510445,1,0
49443.0,16000,0.054799505047510445,1,0
49443.0,17000,0.054799505047510445,1,0
49443.0,18000,0.054799505047510445,1,0
49443.0,19000,0.054799505047510445,1,0
49443.0,20000,0.054799505047510445,1,0
49443.0,21000,0.054799505047510445,1,0
49443.0,22000,0.054799505047510445,1,0
49443.0,23000,0.054799505047510445,1,0
49443.0,24000,0.054799505047510445,1,0
49443.0,25000,0.054799505047510445,1,0
49443.0,26000,0.054799505047510445,1,0
49443.0,27000,0.020933468850411314,1,0
50148.0,0,0.0047570839123321305,1,0
50148.0,1000,0.009514167824664261,1,0
50148.0,2000,0.009514167824664261,1,0
50148.0,3000,0.009514167824664261,1,0
50148.0,4000,0.009514167824664261,1,0
50148.0,5000,0.009514167824664261,1,0
50148.0,6000,0.009514167824664261,1,0
50148.0,7000,0.009514167824664261,1,0
50148.0,8000,0.009514167824664261,1,0
50148.0,9000,0.009514167824664261,1,0
50148.0,10000,0.009514167824664261,1,0
50148.0,11000,0.009514167824664261,1,0
50148.0,12000,0.009514167824664261,1,0
50148.0,13000,0.009514167824664261,1,0
50148.0,14000,0.009514167824664261,1,0
50148.0,15000,0.009514167824664261,1,0
50148.0,16000,0.009514167824664261,1,0
50148.0,17000,0.009514167824664261,1,0
50148.0,18000,0.009514167824664261,1,0
50148.0,19000,0.009514167824664261,1,0
50148.0,20000,0.009514167824664261,1,0
50148.0,21000,0.009514167824664261,1,0
50148.0,22000,0.009514167824664261,1,0
50148.0,23000,0.009514167824664261,1,0
50148.0,24000,0.009514167824664261,1,0
50148.0,25000,0.009514167824664261,1,0
50148.0,26000,0.009514167824664261,1,0
50148.0,27000,0.009514167824664261,1,0
50148.0,28000,0.009514167824664261,1,0
50148.0,29000,0.009514167824664261,1,0
50148.0,30000,0.009514167824664261,1,0
50148.0,31000,0.009514167824664261,1,0
50148.0,32000,0.009514167824664261,1,0
50148.0,33000,0.009514167824664261,1,0
50148.0,34000,0.009514167824664261,1,0
50148.0,35000,0.009514167824664261,1,0
50148.0,36000,0.009514167824664261,1,0
50148.0,37000,0.009514167824664261,1,0
50148.0,38000,0.009514167824664261,1,0
50148.0,39000,0.009514167824664261,1,0
50148.0,40000,0.009514167824664261,1,0
50148.0,41000,0.009514167824664261,1,0
50148.0,42000,0.009514167824664261,1,0
50148.0,43000,0.009514167824664261,1,0
50148.0,44000,0.009514167824664261,1,0
50148.0,45000,0.009514167824664261,1,0
50148.0,46000,0.009514167824664261,1,0
50148.0,47000,0.009514167824664261,1,0
50148.0,48000,0.009514167824664261,1,0
50148.0,49000,0.009514167824664261,1,0
50148.0,50000,0.009514167824664261,1,0
50148.0,51000,0.009514167824664261,1,0
50148.0,52000,0.009514167824664261,1,0
50148.0,53000,0.009514167824664261,1,0
50148.0,54000,0.009514167824664261,1,0
50148.0,55000,0.009514167824664261,1,0
50148.0,56000,0.009514167824664261,1,0
50148.0,57000,0.009514167824664261,1,0
50148.0,58000,0.009514167824664261,1,0
50148.0,59000,0.009514167824664261,1,0
50148.0,60000,0.009514167824664261,1,0
50148.0,61000,0.009514167824664261,1,0
50148.0,62000,0.009514167824664261,1,0
50148.0,63000,0.009514167824664261,1,0
50148.0,64000,0.009514167824664261,1,0
50148.0,65000,0.009514167824664261,1,0
50148.0,66000,0.009514167824664261,1,0
50148.0,67000,0.009514167824664261,1,0
50148.0,68000,0.009514167824664261,1,0
50148.0,69000,0.009514167824664261,1,0
50148.0,70000,0.009514167824664261,1,0
50148.0,71000,0.009514167824664261,1,0
50148.0,72000,0.009514167824664261,1,0
50148.0,73000,0.009514167824664261,1,0
50148.0,74000,0.009514167824664261,1,0
50148.0,75000,0.009514167824664261,1,0
50148.0,76000,0.009514167824664261,1,0
50148.0,77000,0.009514167824664261,1,0
50148.0,78000,0.009514167824664261,1,0
50148.0,79000,0.009514167824664261,1,0
50148.0,80000,0.009514167824664261,1,0
50148.0,81000,0.009514167824664261,1,0
50148.0,82000,0.009514167824664261,1,0
50148.0,83000,0.009514167824664261,1,0
50148.0,84000,0.009514167824664261,1,0
50148.0,85000,0.009514167824664261,1,0
50148.0,86000,0.009514167824664261,1,0
50148.0,87000,0.009514167824664261,1,0
50148.0,88000,0.009514167824664261,1,0
50148.0,89000,0.009514167824664261,1,0
50148.0,90000,0.009514167824664261,1,0
50148.0,91000,0.009514167824664261,1,0
50148.0,92000,0.009514167824664261,1,0
50148.0,93000,0.009514167824664261,1,0
50148.0,94000,0.009514167824664261,1,0
50148.0,95000,0.009514167824664261,1,0
50148.0,96000,0.009514167824664261,1,0
50148.0,97000,0.009514167824664261,1,0
50148.0,98000,0.009514167824664261,1,0
50148.0,99000,0.009514167824664261,1,0
50148.0,100000,0.009514167824664261,1,0
50148.0,101000,0.009514167824664261,1,0
50148.0,102000,0.009514167824664261,1,0
50148.0,103000,0.009514167824664261,1,0
50148.0,104000,0.009514167824664261,1,0
50148.0,105000,0.005769462322584718,1,0
50292.0,13000,0.03051546666995857,1,0
50292.0,14000,0.07244690306043504,1,0
50292.0,15000,0.07244690306043504,1,0
50292.0,16000,0.07244690306043504,1,0
50292.0,17000,0.07244690306043504,1,0
50292.0,18000,0.07244690306043504,1,0
50292.0,19000,0.07244690306043504,1,0
50292.0,20000,0.07244690306043504,1,0
50292.0,21000,0.07244690306043504,1,0
50292.0,22000,0.07244690306043504,1,0
50292.0,23000,0.07244690306043504,1,0
50292.0,24000,0.07244690306043504,1,0
50292.0,25000,0.07244690306043504,1,0
50292.0,26000,0.07244690306043504,1,0
50292.0,27000,0.027674793544385907,1,0
50984.0,0,0.04238532497553882,1,0
50984.0,1000,0.08477064995107764,1,0
50984.0,2000,0.08477064995107764,1,0
50984.0,3000,0.08477064995107764,1,0
50984.0,4000,0.08477064995107764,1,0
50984.0,5000,0.08477064995107764,1,0
50984.0,6000,0.08477064995107764,1,0
50984.0,7000,0.08477064995107764,1,0
50984.0,8000,0.08477064995107764,1,0
50984.0,9000,0.08477064995107764,1,0
50984.0,10000,0.08477064995107764,1,0
50984.0,11000,0.08477064995107764,1,0
50984.0,12000,0.02513752556260718,1,0
51333.0,85000,0.00176362818016816,1,0
51333.0,86000,0.0055349578978249065,1,0
51333.0,87000,0.0055349578978249065,1,0
51333.0,88000,0.0055349578978249065,1,0
51333.0,89000,0.0055349578978249065,1,0
51333.0,90000,0.0055349578978249065,1,0
51333.0,91000,0.0055349578978249065,1,0
51333.0,92000,0.0055349578978249065,1,0
51333.0,93000,0.0055349578978249065,1,0
51333.0,94000,0.0055349578978249065,1,0
51333.0,95000,0.0055349578978249065,1,0
51333.0,96000,0.0055349578978249065,1,0
51333.0,97000,0.0055349578978249065,1,0
51333.0,98000,0.0055349578978249065,1,0
51333.0,99000,0.0055349578978249065,1,0
51333.0,100000,0.0055349578978249065,1,0
51333.0,101000,0.0055349578978249065,1,0
51333.0,102000,0.0055349578978249065,1,0
51333.0,103000,0.0055349578978249065,1,0
51333.0,104000,0.0055349578978249065,1,0
51333.0,105000,0.0055349578978249065,1,0
51333.0,106000,0.0055349578978249065,1,0
51333.0,107000,0.0055349578978249065,1,0
51333.0,108000,0.0055349578978249065,1,0
51333.0,109000,0.0055349578978249065,1,0
51333.0,110000,0.0055349578978249065,1,0
51333.0,111000,0.0055349578978249065,1,0
51333.0,112000,0.0055349578978249065,1,0
51333.0,113000,0.0055349578978249065,1,0
51333.0,114000,0.0055349578978249065,1,0
51333.0,115000,0.0055349578978249065,1,0
51333.0,116000,0.0055349578978249065,1,0
51333.0,117000,0.0055349578978249065,1,0
51333.0,118000,0.0055349578978249065,1,0
51333.0,119000,0.0055349578978249065,1,0
51333.0,120000,0.0055349578978249065,1,0
51333.0,121000,0.0055349578978249065,1,0
51333.0,122000,0.0055349578978249065,1,0
51333.0,123000,0.0055349578978249065,1,0
51333.0,124000,0.0055349578978249065,1,0
51333.0,125000,0.0055349578978249065,1,0
51333.0,126000,0.0055349578978249065,1,0
51333.0,127000,0.0055349578978249065,1,0
51333.0,128000,0.0055349578978249065,1,0
51333.0,129000,0.0055349578978249065,1,0
51333.0,130000,0.0055349578978249065,1,0
51333.0,131000,0.0055349578978249065,1,0
51333.0,132000,0.0055349578978249065,1,0
51333.0,133000,0.0055349578978249065,1,0
51333.0,134000,0.0055349578978249065,1,0
51333.0,135000,0.0055349578978249065,1,0
51333.0,136000,0.0055349578978249065,1,0
51333.0,137000,0.0055349578978249065,1,0
51333.0,138000,0.0055349578978249065,1,0
51333.0,139000,0.0055349578978249065,1,0
51333.0,140000,0.0055349578978249065,1,0
51333.0,141000,0.0055349578978249065,1,0
51333.0,142000,0.0055349578978249065,1,0
51333.0,143000,0.0055349578978249065,1,0
51333.0,144000,0.0055349578978249065,1,0
51333.0,145000,0.0055349578978249065,1,0
51333.0,146000,0.0055349578978249065,1,0
51333.0,147000,0.0055349578978249065,1,0
51333.0,148000,0.0055349578978249065,1,0
51333.0,149000,0.0055349578978249065,1,0
51333.0,150000,0.0055349578978249065,1,0
51333.0,151000,0.0055349578978249065,1,0
51333.0,152000,0.0055349578978249065,1,0
51333.0,153000,0.0055349578978249065,1,0
51333.0,154000,0.0055349578978249065,1,0
51333.0,155000,0.0055349578978249065,1,0
51333.0,156000,0.0055349578978249065,1,0
51333.0,157000,0.0055349578978249065,1,0
51333.0,158000,0.0055349578978249065,1,0
51333.0,159000,0.0055349578978249065,1,0
51333.0,160000,0.0055349578978249065,1,0
51333.0,161000,0.0055349578978249065,1,0
51333.0,162000,0.0055349578978249065,1,0
51333.0,163000,0.0055349578978249065,1,0
51333.0,164000,0.0055349578978249065,1,0
51333.0,165000,0.0055349578978249065,1,0
51333.0,166000,0.0055349578978249065,1,0
51333.0,167000,0.0055349578978249065,1,0
51333.0,168000,0.0055349578978249065,1,0
51333.0,169000,0.0055349578978249065,1,0
51333.0,170000,0.0055349578978249065,1,0
51333.0,171000,0.0055349578978249065,1,0
51333.0,172000,0.0055349578978249065,1,0
51333.0,173000,0.0055349578978249065,1,0
51333.0,174000,0.0055349578978249065,1,0
51333.0,175000,0.0055349578978249065,1,0
51333.0,176000,0.0055349578978249065,1,0
51333.0,177000,0.0055349578978249065,1,0
51333.0,178000,0.0055349578978249065,1,0
51333.0,179000,0.0055349578978249065,1,0
51333.0,180000,0.0055349578978249065,1,0
51333.0,181000,0.0055349578978249065,1,0
51333.0,182000,0.0055349578978249065,1,0
51333.0,183000,0.0055349578978249065,1,0
51333.0,184000,0.0055349578978249065,1,0
51333.0,185000,0.0055349578978249065,1,0
51333.0,186000,0.0055349578978249065,1,0
51333.0,187000,0.0055349578978249065,1,0
51333.0,188000,0.0055349578978249065,1,0
51333.0,189000,0.0055349578978249065,1,0
51333.0,190000,0.0055349578978249065,1,0
51333.0,191000,0.0055349578978249065,1,0
51333.0,192000,0.0055349578978249065,1,0
51333.0,193000,0.0055349578978249065,1,0
51333.0,194000,0.0055349578978249065,1,0
51333.0,195000,0.0055349578978249065,1,0
51333.0,196000,0.0055349578978249065,1,0
51333.0,197000,0.0055349578978249065,1,0
51333.0,198000,0.0055349578978249065,1,0
51333.0,199000,0.0055349578978249065,1,0
51333.0,200000,0.0055349578978249065,1,0
51333.0,201000,0.0055349578978249065,1,0
51333.0,202000,0.0055349578978249065,1,0
51333.0,203000,0.0055349578978249065,1,0
51333.0,204000,0.0055349578978249065,1,0
51333.0,205000,0.0055349578978249065,1,0
51333.0,206000,0.0055349578978249065,1,0
51333.0,207000,0.0055349578978249065,1,0
51333.0,208000,0.0055349578978249065,1,0
51333.0,209000,0.0055349578978249065,1,0
51333.0,210000,0.0055349578978249065,1,0
51333.0,211000,0.0055349578978249065,1,0
51333.0,212000,0.0055349578978249065,1,0
51333.0,213000,0.0055349578978249065,1,0
51333.0,214000,0.0055349578978249065,1,0
51333.0,215000,0.0055349578978249065,1,0
51333.0,216000,0.0055349578978249065,1,0
51333.0,217000,0.0055349578978249065,1,0
51333.0,218000,0.0055349578978249065,1,0
51333.0,219000,0.0055349578978249065,1,0
51333.0,220000,0.0055349578978249065,1,0
51333.0,221000,0.0055349578978249065,1,0
51333.0,222000,0.0055349578978249065,1,0
51333.0,223000,0.0055349578978249065,1,0
51333.0,224000,0.0055349578978249065,1,0
51333.0,225000,0.0055349578978249065,1,0
51333.0,226000,0.0055349578978249065,1,0
51333.0,227000,0.0055349578978249065,1,0
51333.0,228000,0.0055349578978249065,1,0
51333.0,229000,0.0055349578978249065,1,0
51333.0,230000,0.0055349578978249065,1,0
51333.0,231000,0.0055349578978249065,1,0
51333.0,232000,0.0055349578978249065,1,0
51333.0,233000,0.0055349578978249065,1,0
51333.0,234000,0.0055349578978249065,1,0
51333.0,235000,0.0055349578978249065,1,0
51333.0,236000,0.0055349578978249065,1,0
51333.0,237000,0.0055349578978249065,1,0
51333.0,238000,0.0055349578978249065,1,0
51333.0,239000,0.0055349578978249065,1,0
51333.0,240000,0.0055349578978249065,1,0
51333.0,241000,0.0055349578978249065,1,0
51333.0,242000,0.0055349578978249065,1,0
51333.0,243000,0.0055349578978249065,1,0
51333.0,244000,0.0055349578978249065,1,0
51333.0,245000,0.0055349578978249065,1,0
51333.0,246000,0.0055349578978249065,1,0
51333.0,247000,0.0055349578978249065,1,0
51333.0,248000,0.0055349578978249065,1,0
51333.0,249000,0.0055349578978249065,1,0
51333.0,250000,0.0055349578978249065,1,0
51333.0,251000,0.0055349578978249065,1,0
51333.0,252000,0.0055349578978249065,1,0
51333.0,253000,0.0055349578978249065,1,0
51333.0,254000,0.0055349578978249065,1,0
51333.0,255000,0.0055349578978249065,1,0
51333.0,256000,0.0055349578978249065,1,0
51333.0,257000,0.0055349578978249065,1,0
51333.0,258000,0.0055349578978249065,1,0
51333.0,259000,0.0055349578978249065,1,0
51333.0,260000,0.0055349578978249065,1,0
51333.0,261000,0.0055349578978249065,1,0
51333.0,262000,0.0055349578978249065,1,0
51333.0,263000,0.0055349578978249065,1,0
51333.0,264000,0.0055349578978249065,1,0
51333.0,265000,0.0055349578978249065,1,0
51333.0,266000,0.0019439502113486932,1,0
51438.0,85000,0.00176362818016816,1,0
51438.0,86000,0.0055349578978249065,1,0
51438.0,87000,0.0055349578978249065,1,0
51438.0,88000,0.0055349578978249065,1,0
51438.0,89000,0.0055349578978249065,1,0
51438.0,90000,0.0055349578978249065,1,0
51438.0,91000,0.0055349578978249065,1,0
51438.0,92000,0.0055349578978249065,1,0
51438.0,93000,0.0055349578978249065,1,0
51438.0,94000,0.0055349578978249065,1,0
51438.0,95000,0.0055349578978249065,1,0
51438.0,96000,0.0055349578978249065,1,0
51438.0,97000,0.0055349578978249065,1,0
51438.0,98000,0.0055349578978249065,1,0
51438.0,99000,0.0055349578978249065,1,0
51438.0,100000,0.0055349578978249065,1,0
51438.0,101000,0.0055349578978249065,1,0
51438.0,102000,0.0055349578978249065,1,0
51438.0,103000,0.0055349578978249065,1,0
51438.0,104000,0.0055349578978249065,1,0
51438.0,105000,0.0055349578978249065,1,0
51438.0,106000,0.0055349578978249065,1,0
51438.0,107000,0.0055349578978249065,1,0
51438.0,108000,0.0055349578978249065,1,0
51438.0,109000,0.0055349578978249065,1,0
51438.0,110000,0.0055349578978249065,1,0
51438.0,111000,0.0055349578978249065,1,0
51438.0,112000,0.0055349578978249065,1,0
51438.0,113000,0.0055349578978249065,1,0
51438.0,114000,0.0055349578978249065,1,0
51438.0,115000,0.0055349578978249065,1,0
51438.0,116000,0.0055349578978249065,1,0
51438.0,117000,0.0055349578978249065,1,0
51438.0,118000,0.0055349578978249065,1,0
51438.0,119000,0.0055349578978249065,1,0
51438.0,120000,0.0055349578978249065,1,0
51438.0,121000,0.0055349578978249065,1,0
51438.0,122000,0.0055349578978249065,1,0
51438.0,123000,0.0055349578978249065,1,0
51438.0,124000,0.0055349578978249065,1,0
51438.0,125000,0.0055349578978249065,1,0
51438.0,126000,0.0055349578978249065,1,0
51438.0,127000,0.0055349578978249065,1,0
51438.0,128000,0.0055349578978249065,1,0
51438.0,129000,0.0055349578978249065,1,0
51438.0,130000,0.0055349578978249065,1,0
51438.0,131000,0.0055349578978249065,1,0
51438.0,132000,0.0055349578978249065,1,0
51438.0,133000,0.0055349578978249065,1,0
51438.0,134000,0.0055349578978249065,1,0
51438.0,135000,0.0055349578978249065,1,0
51438.0,136000,0.0055349578978249065,1,0
51438.0,137000,0.0055349578978249065,1,0
51438.0,138000,0.0055349578978249065,1,0
51438.0,139000,0.0055349578978249065,1,0
51438.0,140000,0.0055349578978249065,1,0
51438.0,141000,0.0055349578978249065,1,0
51438.0,142000,0.0055349578978249065,1,0
51438.0,143000,0.0055349578978249065,1,0
51438.0,144000,0.0055349578978249065,1,0
51438.0,145000,0.0055349578978249065,1,0
51438.0,146000,0.0055349578978249065,1,0
51438.0,147000,0.0055349578978249065,1,0
51438.0,148000,0.0055349578978249065,1,0
51438.0,149000,0.0055349578978249065,1,0
51438.0,150000,0.0055349578978249065,1,0
51438.0,151000,0.0055349578978249065,1,0
51438.0,152000,0.0055349578978249065,1,0
51438.0,153000,0.0055349578978249065,1,0
51438.0,154000,0.0055349578978249065,1,0
51438.0,155000,0.0055349578978249065,1,0
51438.0,156000,0.0055349578978249065,1,0
51438.0,157000,0.0055349578978249065,1,0
51438.0,158000,0.0055349578978249065,1,0
51438.0,159000,0.0055349578978249065,1,0
51438.0,160000,0.0055349578978249065,1,0
51438.0,161000,0.0055349578978249065,1,0
51438.0,162000,0.0055349578978249065,1,0
51438.0,163000,0.0055349578978249065,1,0
51438.0,164000,0.0055349578978249065,1,0
51438.0,165000,0.0055349578978249065,1,0
51438.0,166000,0.0055349578978249065,1,0
51438.0,167000,0.0055349578978249065,1,0
51438.0,168000,0.0055349578978249065,1,0
51438.0,169000,0.0055349578978249065,1,0
51438.0,170000,0.0055349578978249065,1,0
51438.0,171000,0.0055349578978249065,1,0
51438.0,172000,0.0055349578978249065,1,0
51438.0,173000,0.0055349578978249065,1,0
51438.0,174000,0.0055349578978249065,1,0
51438.0,175000,0.0055349578978249065,1,0
51438.0,176000,0.0055349578978249065,1,0
51438.0,177000,0.0055349578978249065,1,0
51438.0,178000,0.0055349578978249065,1,0
51438.0,179000,0.0055349578978249065,1,0
51438.0,180000,0.0055349578978249065,1,0
51438.0,181000,0.0055349578978249065,1,0
51438.0,182000,0.0055349578978249065,1,0
51438.0,183000,0.0055349578978249065,1,0
51438.0,184000,0.0055349578978249065,1,0
51438.0,185000,0.0055349578978249065,1,0
51438.0,186000,0.0055349578978249065,1,0
51438.0,187000,0.0055349578978249065,1,0
51438.0,188000,0.0055349578978249065,1,0
51438.0,189000,0.0055349578978249065,1,0
51438.0,190000,0.0055349578978249065,1,0
51438.0,191000,0.0055349578978249065,1,0
51438.0,192000,0.0055349578978249065,1,0
51438.0,193000,0.0055349578978249065,1,0
51438.0,194000,0.0055349578978249065,1,0
51438.0,195000,0.0055349578978249065,1,0
51438.0,196000,0.0055349578978249065,1,0
51438.0,197000,0.0055349578978249065,1,0
51438.0,198000,0.0055349578978249065,1,0
51438.0,199000,0.0055349578978249065,1,0
51438.0,200000,0.0055349578978249065,1,0
51438.0,201000,0.0055349578978249065,1,0
51438.0,202000,0.0055349578978249065,1,0
51438.0,203000,0.0055349578978249065,1,0
51438.0,204000,0.0055349578978249065,1,0
51438.0,205000,0.0055349578978249065,1,0
51438.0,206000,0.0055349578978249065,1,0
51438.0,207000,0.0055349578978249065,1,0
51438.0,208000,0.0055349578978249065,1,0
51438.0,209000,0.0055349578978249065,1,0
51438.0,210000,0.0055349578978249065,1,0
51438.0,211000,0.0055349578978249065,1,0
51438.0,212000,0.0055349578978249065,1,0
51438.0,213000,0.0055349578978249065,1,0
51438.0,214000,0.0055349578978249065,1,0
51438.0,215000,0.0055349578978249065,1,0
51438.0,216000,0.0055349578978249065,1,0
51438.0,217000,0.0055349578978249065,1,0
51438.0,218000,0.0055349578978249065,1,0
51438.0,219000,0.0055349578978249065,1,0
51438.0,220000,0.0055349578978249065,1,0
51438.0,221000,0.0055349578978249065,1,0
51438.0,222000,0.0055349578978249065,1,0
51438.0,223000,0.0055349578978249065,1,0
51438.0,224000,0.0055349578978249065,1,0
51438.0,225000,0.0055349578978249065,1,0
51438.0,226000,0.0055349578978249065,1,0
51438.0,227000,0.0055349578978249065,1,0
51438.0,228000,0.0055349578978249065,1,0
51438.0,229000,0.0055349578978249065,1,0
51438.0,230000,0.0055349578978249065,1,0
51438.0,231000,0.0055349578978249065,1,0
51438.0,232000,0.0055349578978249065,1,0
51438.0,233000,0.0055349578978249065,1,0
51438.0,234000,0.0055349578978249065,1,0
51438.0,235000,0.0055349578978249065,1,0
51438.0,236000,0.0055349578978249065,1,0
51438.0,237000,0.0055349578978249065,1,0
51438.0,238000,0.0055349578978249065,1,0
51438.0,239000,0.0055349578978249065,1,0
51438.0,240000,0.0055349578978249065,1,0
51438.0,241000,0.0055349578978249065,1,0
51438.0,242000,0.0055349578978249065,1,0
51438.0,243000,0.0055349578978249065,1,0
51438.0,244000,0.0055349578978249065,1,0
51438.0,245000,0.0055349578978249065,1,0
51438.0,246000,0.0055349578978249065,1,0
51438.0,247000,0.0055349578978249065,1,0
51438.0,248000,0.0055349578978249065,1,0
51438.0,249000,0.0055349578978249065,1,0
51438.0,250000,0.0055349578978249065,1,0
51438.0,251000,0.0055349578978249065,1,0
51438.0,252000,0.0055349578978249065,1,0
51438.0,253000,0.0055349578978249065,1,0
51438.0,254000,0.0055349578978249065,1,0
51438.0,255000,0.0055349578978249065,1,0
51438.0,256000,0.0055349578978249065,1,0
51438.0,257000,0.0055349578978249065,1,0
51438.0,258000,0.0055349578978249065,1,0
51438.0,259000,0.0055349578978249065,1,0
51438.0,260000,0.0055349578978249065,1,0
51438.0,261000,0.0055349578978249065,1,0
51438.0,262000,0.0055349578978249065,1,0
51438.0,263000,0.0055349578978249065,1,0
51438.0,264000,0.0055349578978249065,1,0
51438.0,265000,0.0055349578978249065,1,0
51438.0,266000,0.0019439502113486932,1,0
52646.0,4000,0.012691171637963551,1,0
52646.0,5000,0.025498217409962966,1,0
52646.0,6000,0.025498217409962966,1,0
52646.0,7000,0.025498217409962966,1,0
52646.0,8000,0.025498217409962966,1,0
52646.0,9000,0.025498217409962966,1,0
52646.0,10000,0.025498217409962966,1,0
52646.0,11000,0.025498217409962966,1,0
52646.0,12000,0.025498217409962966,1,0
52646.0,13000,0.025498217409962966,1,0
52646.0,14000,0.025498217409962966,1,0
52646.0,15000,0.025498217409962966,1,0
52646.0,16000,0.025498217409962966,1,0
52646.0,17000,0.025498217409962966,1,0
52646.0,18000,0.025498217409962966,1,0
52646.0,19000,0.025498217409962966,1,0
52646.0,20000,0.025498217409962966,1,0
52646.0,21000,0.025498217409962966,1,0
52646.0,22000,0.025498217409962966,1,0
52646.0,23000,0.025498217409962966,1,0
52646.0,24000,0.025498217409962966,1,0
52646.0,25000,0.025498217409962966,1,0
52646.0,26000,0.025498217409962966,1,0
52646.0,27000,0.025498217409962966,1,0
52646.0,28000,0.025498217409962966,1,0
52646.0,29000,0.025498217409962966,1,0
52646.0,30000,0.025498217409962966,1,0
52646.0,31000,0.025498217409962966,1,0
52646.0,32000,0.025498217409962966,1,0
52646.0,33000,0.025498217409962966,1,0
52646.0,34000,0.025498217409962966,1,0
52646.0,35000,0.025498217409962966,1,0
52646.0,36000,0.025498217409962966,1,0
52646.0,37000,0.025498217409962966,1,0
52646.0,38000,0.025498217409962966,1,0
52646.0,39000,0.025498217409962966,1,0
52646.0,40000,0.025498217409962966,1,0
52646.0,41000,0.025498217409962966,1,0
52646.0,42000,0.025498217409962966,1,0
52646.0,43000,0.018376566783443727,1,0
52890.0,125000,0.006888688186464825,1,0
52890.0,126000,0.014427999265994517,1,0
52890.0,127000,0.014427999265994517,1,0
52890.0,128000,0.014427999265994517,1,0
52890.0,129000,0.014427999265994517,1,0
52890.0,130000,0.014427999265994517,1,0
52890.0,131000,0.014427999265994517,1,0
52890.0,132000,0.014427999265994517,1,0
52890.0,133000,0.014427999265994517,1,0
52890.0,134000,0.014427999265994517,1,0
52890.0,135000,0.014427999265994517,1,0
52890.0,136000,0.014427999265994517,1,0
52890.0,137000,0.014427999265994517,1,0
52890.0,138000,0.014427999265994517,1,0
52890.0,139000,0.014427999265994517,1,0
52890.0,140000,0.014427999265994517,1,0
52890.0,141000,0.014427999265994517,1,0
52890.0,142000,0.014427999265994517,1,0
52890.0,143000,0.014427999265994517,1,0
52890.0,144000,0.014427999265994517,1,0
52890.0,145000,0.014427999265994517,1,0
52890.0,146000,0.014427999265994517,1,0
52890.0,147000,0.014427999265994517,1,0
52890.0,148000,0.014427999265994517,1,0
52890.0,149000,0.014427999265994517,1,0
52890.0,150000,0.014427999265994517,1,0
52890.0,151000,0.014427999265994517,1,0
52890.0,152000,0.014427999265994517,1,0
52890.0,153000,0.014427999265994517,1,0
52890.0,154000,0.014427999265994517,1,0
52890.0,155000,0.014427999265994517,1,0
52890.0,156000,0.014427999265994517,1,0
52890.0,157000,0.014427999265994517,1,0
52890.0,158000,0.014427999265994517,1,0
52890.0,159000,0.014427999265994517,1,0
52890.0,160000,0.014427999265994517,1,0
52890.0,161000,0.014427999265994517,1,0
52890.0,162000,0.014427999265994517,1,0
52890.0,163000,0.014427999265994517,1,0
52890.0,164000,0.014427999265994517,1,0
52890.0,165000,0.014427999265994517,1,0
52890.0,166000,0.014427999265994517,1,0
52890.0,167000,0.014427999265994517,1,0
52890.0,168000,0.014427999265994517,1,0
52890.0,169000,0.014427999265994517,1,0
52890.0,170000,0.014427999265994517,1,0
52890.0,171000,0.014427999265994517,1,0
52890.0,172000,0.014427999265994517,1,0
52890.0,173000,0.014427999265994517,1,0
52890.0,174000,0.014427999265994517,1,0
52890.0,175000,0.014427999265994517,1,0
52890.0,176000,0.014427999265994517,1,0
52890.0,177000,0.014427999265994517,1,0
52890.0,178000,0.014427999265994517,1,0
52890.0,179000,0.014427999265994517,1,0
52890.0,180000,0.014427999265994517,1,0
52890.0,181000,0.014427999265994517,1,0
52890.0,182000,0.014427999265994517,1,0
52890.0,183000,0.014427999265994517,1,0
52890.0,184000,0.014427999265994517,1,0
52890.0,185000,0.014427999265994517,1,0
52890.0,186000,0.014427999265994517,1,0
52890.0,187000,0.014427999265994517,1,0
52890.0,188000,0.014427999265994517,1,0
52890.0,189000,0.014427999265994517,1,0
52890.0,190000,0.014427999265994517,1,0
52890.0,191000,0.014427999265994517,1,0
52890.0,192000,0.014427999265994517,1,0
52890.0,193000,0.014427999265994517,1,0
52890.0,194000,0.01200736172590808,1,0
53411.0,5000,0.007564398342405189,1,0
53411.0,6000,0.011925917198843842,1,0
53411.0,7000,0.011925917198843842,1,0
53411.0,8000,0.011925917198843842,1,0
53411.0,9000,0.011925917198843842,1,0
53411.0,10000,0.011925917198843842,1,0
53411.0,11000,0.011925917198843842,1,0
53411.0,12000,0.011925917198843842,1,0
53411.0,13000,0.011925917198843842,1,0
53411.0,14000,0.011925917198843842,1,0
53411.0,15000,0.011925917198843842,1,0
53411.0,16000,0.011925917198843842,1,0
53411.0,17000,0.011925917198843842,1,0
53411.0,18000,0.011925917198843842,1,0
53411.0,19000,0.011925917198843842,1,0
53411.0,20000,0.011925917198843842,1,0
53411.0,21000,0.011925917198843842,1,0
53411.0,22000,0.011925917198843842,1,0
53411.0,23000,0.011925917198843842,1,0
53411.0,24000,0.011925917198843842,1,0
53411.0,25000,0.011925917198843842,1,0
53411.0,26000,0.011925917198843842,1,0
53411.0,27000,0.011925917198843842,1,0
53411.0,28000,0.011925917198843842,1,0
53411.0,29000,0.011925917198843842,1,0
53411.0,30000,0.011925917198843842,1,0
53411.0,31000,0.011925917198843842,1,0
53411.0,32000,0.011925917198843842,1,0
53411.0,33000,0.011925917198843842,1,0
53411.0,34000,0.011925917198843842,1,0
53411.0,35000,0.011925917198843842,1,0
53411.0,36000,0.011925917198843842,1,0
53411.0,37000,0.011925917198843842,1,0
53411.0,38000,0.011925917198843842,1,0
53411.0,39000,0.011925917198843842,1,0
53411.0,40000,0.011925917198843842,1,0
53411.0,41000,0.011925917198843842,1,0
53411.0,42000,0.011925917198843842,1,0
53411.0,43000,0.011925917198843842,1,0
53411.0,44000,0.011925917198843842,1,0
53411.0,45000,0.011925917198843842,1,0
53411.0,46000,0.011925917198843842,1,0
53411.0,47000,0.011925917198843842,1,0
53411.0,48000,0.011925917198843842,1,0
53411.0,49000,0.011925917198843842,1,0
53411.0,50000,0.011925917198843842,1,0
53411.0,51000,0.011925917198843842,1,0
53411.0,52000,0.011925917198843842,1,0
53411.0,53000,0.011925917198843842,1,0
53411.0,54000,0.011925917198843842,1,0
53411.0,55000,0.011925917198843842,1,0
53411.0,56000,0.011925917198843842,1,0
53411.0,57000,0.011925917198843842,1,0
53411.0,58000,0.011925917198843842,1,0
53411.0,59000,0.011925917198843842,1,0
53411.0,60000,0.011925917198843842,1,0
53411.0,61000,0.011925917198843842,1,0
53411.0,62000,0.011925917198843842,1,0
53411.0,63000,0.011925917198843842,1,0
53411.0,64000,0.011925917198843842,1,0
53411.0,65000,0.011925917198843842,1,0
53411.0,66000,0.011925917198843842,1,0
53411.0,67000,0.011925917198843842,1,0
53411.0,68000,0.011925917198843842,1,0
53411.0,69000,0.011925917198843842,1,0
53411.0,70000,0.011925917198843842,1,0
53411.0,71000,0.011925917198843842,1,0
53411.0,72000,0.011925917198843842,1,0
53411.0,73000,0.011925917198843842,1,0
53411.0,74000,0.011925917198843842,1,0
53411.0,75000,0.011925917198843842,1,0
53411.0,76000,0.011925917198843842,1,0
53411.0,77000,0.011925917198843842,1,0
53411.0,78000,0.011925917198843842,1,0
53411.0,79000,0.011925917198843842,1,0
53411.0,80000,0.011925917198843842,1,0
53411.0,81000,0.011925917198843842,1,0
53411.0,82000,0.011925917198843842,1,0
53411.0,83000,0.011925917198843842,1,0
53411.0,84000,0.011925917198843842,1,0
53411.0,85000,0.011925917198843842,1,0
53411.0,86000,0.011925917198843842,1,0
53411.0,87000,0.011925917198843842,1,0
53411.0,88000,0.011925917198843842,1,0
53411.0,89000,0.002584474153555992,1,0
53895.0,0,0.22266332211248382,1,0
53895.0,1000,0.44532664422496765,1,0
53895.0,2000,0.3320100336625485,1,0
54117.0,30000,0.002032012412365966,1,0
54117.0,31000,0.006091402220340041,1,0
54117.0,32000,0.006091402220340041,1,0
54117.0,33000,0.006091402220340041,1,0
54117.0,34000,0.006091402220340041,1,0
54117.0,35000,0.006091402220340041,1,0
54117.0,36000,0.006091402220340041,1,0
54117.0,37000,0.006091402220340041,1,0
54117.0,38000,0.006091402220340041,1,0
54117.0,39000,0.006091402220340041,1,0
54117.0,40000,0.006091402220340041,1,0
54117.0,41000,0.006091402220340041,1,0
54117.0,42000,0.006091402220340041,1,0
54117.0,43000,0.006091402220340041,1,0
54117.0,44000,0.006091402220340041,1,0
54117.0,45000,0.006091402220340041,1,0
54117.0,46000,0.006091402220340041,1,0
54117.0,47000,0.006091402220340041,1,0
54117.0,48000,0.006091402220340041,1,0
54117.0,49000,0.006091402220340041,1,0
54117.0,50000,0.006091402220340041,1,0
54117.0,51000,0.006091402220340041,1,0
54117.0,52000,0.006091402220340041,1,0
54117.0,53000,0.006091402220340041,1,0
54117.0,54000,0.006091402220340041,1,0
54117.0,55000,0.006091402220340041,1,0
54117.0,56000,0.006091402220340041,1,0
54117.0,57000,0.006091402220340041,1,0
54117.0,58000,0.006091402220340041,1,0
54117.0,59000,0.006091402220340041,1,0
54117.0,60000,0.006091402220340041,1,0
54117.0,61000,0.006091402220340041,1,0
54117.0,62000,0.006091402220340041,1,0
54117.0,63000,0.006091402220340041,1,0
54117.0,64000,0.006091402220340041,1,0
54117.0,65000,0.006091402220340041,1,0
54117.0,66000,0.006091402220340041,1,0
54117.0,67000,0.006091402220340041,1,0
54117.0,68000,0.006091402220340041,1,0
54117.0,69000,0.006091402220340041,1,0
54117.0,70000,0.006091402220340041,1,0
54117.0,71000,0.006091402220340041,1,0
54117.0,72000,0.006091402220340041,1,0
54117.0,73000,0.006091402220340041,1,0
54117.0,74000,0.006091402220340041,1,0
54117.0,75000,0.006091402220340041,1,0
54117.0,76000,0.006091402220340041,1,0
54117.0,77000,0.006091402220340041,1,0
54117.0,78000,0.006091402220340041,1,0
54117.0,79000,0.006091402220340041,1,0
54117.0,80000,0.006091402220340041,1,0
54117.0,81000,0.006091402220340041,1,0
54117.0,82000,0.006091402220340041,1,0
54117.0,83000,0.006091402220340041,1,0
54117.0,84000,0.006091402220340041,1,0
54117.0,85000,0.006091402220340041,1,0
54117.0,86000,0.006091402220340041,1,0
54117.0,87000,0.006091402220340041,1,0
54117.0,88000,0.006091402220340041,1,0
54117.0,89000,0.006091402220340041,1,0
54117.0,90000,0.006091402220340041,1,0
54117.0,91000,0.006091402220340041,1,0
54117.0,92000,0.006091402220340041,1,0
54117.0,93000,0.006091402220340041,1,0
54117.0,94000,0.006091402220340041,1,0
54117.0,95000,0.006091402220340041,1,0
54117.0,96000,0.006091402220340041,1,0
54117.0,97000,0.006091402220340041,1,0
54117.0,98000,0.006091402220340041,1,0
54117.0,99000,0.006091402220340041,1,0
54117.0,100000,0.006091402220340041,1,0
54117.0,101000,0.006091402220340041,1,0
54117.0,102000,0.006091402220340041,1,0
54117.0,103000,0.006091402220340041,1,0
54117.0,104000,0.006091402220340041,1,0
54117.0,105000,0.006091402220340041,1,0
54117.0,106000,0.006091402220340041,1,0
54117.0,107000,0.006091402220340041,1,0
54117.0,108000,0.006091402220340041,1,0
54117.0,109000,0.006091402220340041,1,0
54117.0,110000,0.006091402220340041,1,0
54117.0,111000,0.006091402220340041,1,0
54117.0,112000,0.006091402220340041,1,0
54117.0,113000,0.006091402220340041,1,0
54117.0,114000,0.006091402220340041,1,0
54117.0,115000,0.006091402220340041,1,0
54117.0,116000,0.006091402220340041,1,0
54117.0,117000,0.006091402220340041,1,0
54117.0,118000,0.006091402220340041,1,0
54117.0,119000,0.006091402220340041,1,0
54117.0,120000,0.006091402220340041,1,0
54117.0,121000,0.006091402220340041,1,0
54117.0,122000,0.006091402220340041,1,0
54117.0,123000,0.006091402220340041,1,0
54117.0,124000,0.006091402220340041,1,0
54117.0,125000,0.006091402220340041,1,0
54117.0,126000,0.006091402220340041,1,0
54117.0,127000,0.006091402220340041,1,0
54117.0,128000,0.006091402220340041,1,0
54117.0,129000,0.006091402220340041,1,0
54117.0,130000,0.006091402220340041,1,0
54117.0,131000,0.006091402220340041,1,0
54117.0,132000,0.006091402220340041,1,0
54117.0,133000,0.006091402220340041,1,0
54117.0,134000,0.006091402220340041,1,0
54117.0,135000,0.006091402220340041,1,0
54117.0,136000,0.006091402220340041,1,0
54117.0,137000,0.006091402220340041,1,0
54117.0,138000,0.006091402220340041,1,0
54117.0,139000,0.006091402220340041,1,0
54117.0,140000,0.006091402220340041,1,0
54117.0,141000,0.006091402220340041,1,0
54117.0,142000,0.006091402220340041,1,0
54117.0,143000,0.006091402220340041,1,0
54117.0,144000,0.006091402220340041,1,0
54117.0,145000,0.006091402220340041,1,0
54117.0,146000,0.006091402220340041,1,0
54117.0,147000,0.006091402220340041,1,0
54117.0,148000,0.006091402220340041,1,0
54117.0,149000,0.006091402220340041,1,0
54117.0,150000,0.006091402220340041,1,0
54117.0,151000,0.006091402220340041,1,0
54117.0,152000,0.006091402220340041,1,0
54117.0,153000,0.006091402220340041,1,0
54117.0,154000,0.006091402220340041,1,0
54117.0,155000,0.006091402220340041,1,0
54117.0,156000,0.006091402220340041,1,0
54117.0,157000,0.006091402220340041,1,0
54117.0,158000,0.006091402220340041,1,0
54117.0,159000,0.006091402220340041,1,0
54117.0,160000,0.006091402220340041,1,0
54117.0,161000,0.006091402220340041,1,0
54117.0,162000,0.006091402220340041,1,0
54117.0,163000,0.006091402220340041,1,0
54117.0,164000,0.006091402220340041,1,0
54117.0,165000,0.006091402220340041,1,0
54117.0,166000,0.006091402220340041,1,0
54117.0,167000,0.006091402220340041,1,0
54117.0,168000,0.006091402220340041,1,0
54117.0,169000,0.006091402220340041,1,0
54117.0,170000,0.006091402220340041,1,0
54117.0,171000,0.006091402220340041,1,0
54117.0,172000,0.006091402220340041,1,0
54117.0,173000,0.006091402220340041,1,0
54117.0,174000,0.006091402220340041,1,0
54117.0,175000,0.006091402220340041,1,0
54117.0,176000,0.006091402220340041,1,0
54117.0,177000,0.006091402220340041,1,0
54117.0,178000,0.006091402220340041,1,0
54117.0,179000,0.006091402220340041,1,0
54117.0,180000,0.006091402220340041,1,0
54117.0,181000,0.006091402220340041,1,0
54117.0,182000,0.006091402220340041,1,0
54117.0,183000,0.006091402220340041,1,0
54117.0,184000,0.006091402220340041,1,0
54117.0,185000,0.006091402220340041,1,0
54117.0,186000,0.006091402220340041,1,0
54117.0,187000,0.006091402220340041,1,0
54117.0,188000,0.006091402220340041,1,0
54117.0,189000,0.006091402220340041,1,0
54117.0,190000,0.006091402220340041,1,0
54117.0,191000,0.006091402220340041,1,0
54117.0,192000,0.006091402220340041,1,0
54117.0,193000,0.006091402220340041,1,0
54117.0,194000,0.005069425672207426,1,0
54658.0,5000,0.009238159704467775,1,0
54658.0,6000,0.014564744308553614,1,0
54658.0,7000,0.014564744308553614,1,0
54658.0,8000,0.014564744308553614,1,0
54658.0,9000,0.014564744308553614,1,0
54658.0,10000,0.014564744308553614,1,0
54658.0,11000,0.014564744308553614,1,0
54658.0,12000,0.014564744308553614,1,0
54658.0,13000,0.014564744308553614,1,0
54658.0,14000,0.014564744308553614,1,0
54658.0,15000,0.014564744308553614,1,0
54658.0,16000,0.014564744308553614,1,0
54658.0,17000,0.014564744308553614,1,0
54658.0,18000,0.014564744308553614,1,0
54658.0,19000,0.014564744308553614,1,0
54658.0,20000,0.014564744308553614,1,0
54658.0,21000,0.014564744308553614,1,0
54658.0,22000,0.014564744308553614,1,0
54658.0,23000,0.014564744308553614,1,0
54658.0,24000,0.014564744308553614,1,0
54658.0,25000,0.014564744308553614,1,0
54658.0,26000,0.014564744308553614,1,0
54658.0,27000,0.014564744308553614,1,0
54658.0,28000,0.014564744308553614,1,0
54658.0,29000,0.014564744308553614,1,0
54658.0,30000,0.014564744308553614,1,0
54658.0,31000,0.014564744308553614,1,0
54658.0,32000,0.014564744308553614,1,0
54658.0,33000,0.014564744308553614,1,0
54658.0,34000,0.014564744308553614,1,0
54658.0,35000,0.014564744308553614,1,0
54658.0,36000,0.014564744308553614,1,0
54658.0,37000,0.014564744308553614,1,0
54658.0,38000,0.014564744308553614,1,0
54658.0,39000,0.014564744308553614,1,0
54658.0,40000,0.014564744308553614,1,0
54658.0,41000,0.014564744308553614,1,0
54658.0,42000,0.014564744308553614,1,0
54658.0,43000,0.014564744308553614,1,0
54658.0,44000,0.014564744308553614,1,0
54658.0,45000,0.014564744308553614,1,0
54658.0,46000,0.014564744308553614,1,0
54658.0,47000,0.014564744308553614,1,0
54658.0,48000,0.014564744308553614,1,0
54658.0,49000,0.014564744308553614,1,0
54658.0,50000,0.014564744308553614,1,0
54658.0,51000,0.014564744308553614,1,0
54658.0,52000,0.014564744308553614,1,0
54658.0,53000,0.014564744308553614,1,0
54658.0,54000,0.014564744308553614,1,0
54658.0,55000,0.014564744308553614,1,0
54658.0,56000,0.014564744308553614,1,0
54658.0,57000,0.014564744308553614,1,0
54658.0,58000,0.014564744308553614,1,0
54658.0,59000,0.014564744308553614,1,0
54658.0,60000,0.014564744308553614,1,0
54658.0,61000,0.014564744308553614,1,0
54658.0,62000,0.014564744308553614,1,0
54658.0,63000,0.014564744308553614,1,0
54658.0,64000,0.014564744308553614,1,0
54658.0,65000,0.014564744308553614,1,0
54658.0,66000,0.014564744308553614,1,0
54658.0,67000,0.014564744308553614,1,0
54658.0,68000,0.014564744308553614,1,0
54658.0,69000,0.014564744308553614,1,0
54658.0,70000,0.014564744308553614,1,0
54658.0,71000,0.014564744308553614,1,0
54658.0,72000,0.014564744308553614,1,0
54658.0,73000,0.014564744308553614,1,0
54658.0,74000,0.0003592273138865158,1,0
54850.0,11000,0.0076434658250537505,1,0
54850.0,12000,0.017112380524659014,1,0
54850.0,13000,0.017112380524659014,1,0
54850.0,14000,0.017112380524659014,1,0
54850.0,15000,0.017112380524659014,1,0
54850.0,16000,0.017112380524659014,1,0
54850.0,17000,0.017112380524659014,1,0
54850.0,18000,0.017112380524659014,1,0
54850.0,19000,0.017112380524659014,1,0
54850.0,20000,0.017112380524659014,1,0
54850.0,21000,0.017112380524659014,1,0
54850.0,22000,0.017112380524659014,1,0
54850.0,23000,0.017112380524659014,1,0
54850.0,24000,0.017112380524659014,1,0
54850.0,25000,0.017112380524659014,1,0
54850.0,26000,0.017112380524659014,1,0
54850.0,27000,0.017112380524659014,1,0
54850.0,28000,0.017112380524659014,1,0
54850.0,29000,0.017112380524659014,1,0
54850.0,30000,0.017112380524659014,1,0
54850.0,31000,0.017112380524659014,1,0
54850.0,32000,0.017112380524659014,1,0
54850.0,33000,0.017112380524659014,1,0
54850.0,34000,0.017112380524659014,1,0
54850.0,35000,0.017112380524659014,1,0
54850.0,36000,0.017112380524659014,1,0
54850.0,37000,0.017112380524659014,1,0
54850.0,38000,0.017112380524659014,1,0
54850.0,39000,0.017112380524659014,1,0
54850.0,40000,0.017112380524659014,1,0
54850.0,41000,0.017112380524659014,1,0
54850.0,42000,0.017112380524659014,1,0
54850.0,43000,0.017112380524659014,1,0
54850.0,44000,0.017112380524659014,1,0
54850.0,45000,0.017112380524659014,1,0
54850.0,46000,0.017112380524659014,1,0
54850.0,47000,0.017112380524659014,1,0
54850.0,48000,0.017112380524659014,1,0
54850.0,49000,0.017112380524659014,1,0
54850.0,50000,0.017112380524659014,1,0
54850.0,51000,0.017112380524659014,1,0
54850.0,52000,0.017112380524659014,1,0
54850.0,53000,0.017112380524659014,1,0
54850.0,54000,0.017112380524659014,1,0
54850.0,55000,0.017112380524659014,1,0
54850.0,56000,0.017112380524659014,1,0
54850.0,57000,0.017112380524659014,1,0
54850.0,58000,0.017112380524659014,1,0
54850.0,59000,0.017112380524659014,1,0
54850.0,60000,0.017112380524659014,1,0
54850.0,61000,0.017112380524659014,1,0
54850.0,62000,0.017112380524659014,1,0
54850.0,63000,0.017112380524659014,1,0
54850.0,64000,0.017112380524659014,1,0
54850.0,65000,0.017112380524659014,1,0
54850.0,66000,0.017112380524659014,1,0
54850.0,67000,0.017112380524659014,1,0
54850.0,68000,0.017112380524659014,1,0
54850.0,69000,0.016950844269382426,1,0
55288.0,0,0.011568530804018158,1,0
55288.0,1000,0.023137061608036316,1,0
55288.0,2000,0.023137061608036316,1,0
55288.0,3000,0.023137061608036316,1,0
55288.0,4000,0.023137061608036316,1,0
55288.0,5000,0.023137061608036316,1,0
55288.0,6000,0.023137061608036316,1,0
55288.0,7000,0.023137061608036316,1,0
55288.0,8000,0.023137061608036316,1,0
55288.0,9000,0.023137061608036316,1,0
55288.0,10000,0.023137061608036316,1,0
55288.0,11000,0.023137061608036316,1,0
55288.0,12000,0.023137061608036316,1,0
55288.0,13000,0.023137061608036316,1,0
55288.0,14000,0.023137061608036316,1,0
55288.0,15000,0.023137061608036316,1,0
55288.0,16000,0.023137061608036316,1,0
55288.0,17000,0.023137061608036316,1,0
55288.0,18000,0.023137061608036316,1,0
55288.0,19000,0.023137061608036316,1,0
55288.0,20000,0.023137061608036316,1,0
55288.0,21000,0.023137061608036316,1,0
55288.0,22000,0.023137061608036316,1,0
55288.0,23000,0.023137061608036316,1,0
55288.0,24000,0.023137061608036316,1,0
55288.0,25000,0.023137061608036316,1,0
55288.0,26000,0.023137061608036316,1,0
55288.0,27000,0.023137061608036316,1,0
55288.0,28000,0.023137061608036316,1,0
55288.0,29000,0.023137061608036316,1,0
55288.0,30000,0.023137061608036316,1,0
55288.0,31000,0.023137061608036316,1,0
55288.0,32000,0.023137061608036316,1,0
55288.0,33000,0.023137061608036316,1,0
55288.0,34000,0.023137061608036316,1,0
55288.0,35000,0.023137061608036316,1,0
55288.0,36000,0.023137061608036316,1,0
55288.0,37000,0.023137061608036316,1,0
55288.0,38000,0.023137061608036316,1,0
55288.0,39000,0.023137061608036316,1,0
55288.0,40000,0.023137061608036316,1,0
55288.0,41000,0.023137061608036316,1,0
55288.0,42000,0.023137061608036316,1,0
55288.0,43000,0.016674881658456646,1,0
55624.0,23000,0.004778181180510627,1,0
55624.0,24000,0.005825726444346548,1,0
55624.0,25000,0.005825726444346548,1,0
55624.0,26000,0.005825726444346548,1,0
55624.0,27000,0.005825726444346548,1,0
55624.0,28000,0.005825726444346548,1,0
55624.0,29000,0.005825726444346548,1,0
55624.0,30000,0.005825726444346548,1,0
55624.0,31000,0.005825726444346548,1,0
55624.0,32000,0.005825726444346548,1,0
55624.0,33000,0.005825726444346548,1,0
55624.0,34000,0.005825726444346548,1,0
55624.0,35000,0.005825726444346548,1,0
55624.0,36000,0.005825726444346548,1,0
55624.0,37000,0.005825726444346548,1,0
55624.0,38000,0.005825726444346548,1,0
55624.0,39000,0.005825726444346548,1,0
55624.0,40000,0.005825726444346548,1,0
55624.0,41000,0.005825726444346548,1,0
55624.0,42000,0.005825726444346548,1,0
55624.0,43000,0.005825726444346548,1,0
55624.0,44000,0.005825726444346548,1,0
55624.0,45000,0.005825726444346548,1,0
55624.0,46000,0.005825726444346548,1,0
55624.0,47000,0.005825726444346548,1,0
55624.0,48000,0.005825726444346548,1,0
55624.0,49000,0.005825726444346548,1,0
55624.0,50000,0.005825726444346548,1,0
55624.0,51000,0.005825726444346548,1,0
55624.0,52000,0.005825726444346548,1,0
55624.0,53000,0.005825726444346548,1,0
55624.0,54000,0.005825726444346548,1,0
55624.0,55000,0.005825726444346548,1,0
55624.0,56000,0.005825726444346548,1,0
55624.0,57000,0.005825726444346548,1,0
55624.0,58000,0.005825726444346548,1,0
55624.0,59000,0.005825726444346548,1,0
55624.0,60000,0.005825726444346548,1,0
55624.0,61000,0.005825726444346548,1,0
55624.0,62000,0.005825726444346548,1,0
55624.0,63000,0.005825726444346548,1,0
55624.0,64000,0.005825726444346548,1,0
55624.0,65000,0.005825726444346548,1,0
55624.0,66000,0.005825726444346548,1,0
55624.0,67000,0.005825726444346548,1,0
55624.0,68000,0.005825726444346548,1,0
55624.0,69000,0.005825726444346548,1,0
55624.0,70000,0.005825726444346548,1,0
55624.0,71000,0.005825726444346548,1,0
55624.0,72000,0.005825726444346548,1,0
55624.0,73000,0.005825726444346548,1,0
55624.0,74000,0.005825726444346548,1,0
55624.0,75000,0.005825726444346548,1,0
55624.0,76000,0.005825726444346548,1,0
55624.0,77000,0.005825726444346548,1,0
55624.0,78000,0.005825726444346548,1,0
55624.0,79000,0.005825726444346548,1,0
55624.0,80000,0.005825726444346548,1,0
55624.0,81000,0.005825726444346548,1,0
55624.0,82000,0.005825726444346548,1,0
55624.0,83000,0.005825726444346548,1,0
55624.0,84000,0.005825726444346548,1,0
55624.0,85000,0.005825726444346548,1,0
55624.0,86000,0.005825726444346548,1,0
55624.0,87000,0.005825726444346548,1,0
55624.0,88000,0.005825726444346548,1,0
55624.0,89000,0.005825726444346548,1,0
55624.0,90000,0.005825726444346548,1,0
55624.0,91000,0.005825726444346548,1,0
55624.0,92000,0.005825726444346548,1,0
55624.0,93000,0.005825726444346548,1,0
55624.0,94000,0.005825726444346548,1,0
55624.0,95000,0.005825726444346548,1,0
55624.0,96000,0.005825726444346548,1,0
55624.0,97000,0.005825726444346548,1,0
55624.0,98000,0.005825726444346548,1,0
55624.0,99000,0.005825726444346548,1,0
55624.0,100000,0.005825726444346548,1,0
55624.0,101000,0.005825726444346548,1,0
55624.0,102000,0.005825726444346548,1,0
55624.0,103000,0.005825726444346548,1,0
55624.0,104000,0.005825726444346548,1,0
55624.0,105000,0.005825726444346548,1,0
55624.0,106000,0.005825726444346548,1,0
55624.0,107000,0.005825726444346548,1,0
55624.0,108000,0.005825726444346548,1,0
55624.0,109000,0.005825726444346548,1,0
55624.0,110000,0.005825726444346548,1,0
55624.0,111000,0.005825726444346548,1,0
55624.0,112000,0.005825726444346548,1,0
55624.0,113000,0.005825726444346548,1,0
55624.0,114000,0.005825726444346548,1,0
55624.0,115000,0.005825726444346548,1,0
55624.0,116000,0.005825726444346548,1,0
55624.0,117000,0.005825726444346548,1,0
55624.0,118000,0.005825726444346548,1,0
55624.0,119000,0.005825726444346548,1,0
55624.0,120000,0.005825726444346548,1,0
55624.0,121000,0.005825726444346548,1,0
55624.0,122000,0.005825726444346548,1,0
55624.0,123000,0.005825726444346548,1,0
55624.0,124000,0.005825726444346548,1,0
55624.0,125000,0.005825726444346548,1,0
55624.0,126000,0.005825726444346548,1,0
55624.0,127000,0.005825726444346548,1,0
55624.0,128000,0.005825726444346548,1,0
55624.0,129000,0.005825726444346548,1,0
55624.0,130000,0.005825726444346548,1,0
55624.0,131000,0.005825726444346548,1,0
55624.0,132000,0.005825726444346548,1,0
55624.0,133000,0.005825726444346548,1,0
55624.0,134000,0.005825726444346548,1,0
55624.0,135000,0.005825726444346548,1,0
55624.0,136000,0.005825726444346548,1,0
55624.0,137000,0.005825726444346548,1,0
55624.0,138000,0.005825726444346548,1,0
55624.0,139000,0.005825726444346548,1,0
55624.0,140000,0.005825726444346548,1,0
55624.0,141000,0.005825726444346548,1,0
55624.0,142000,0.005825726444346548,1,0
55624.0,143000,0.005825726444346548,1,0
55624.0,144000,0.005825726444346548,1,0
55624.0,145000,0.005825726444346548,1,0
55624.0,146000,0.005825726444346548,1,0
55624.0,147000,0.005825726444346548,1,0
55624.0,148000,0.005825726444346548,1,0
55624.0,149000,0.005825726444346548,1,0
55624.0,150000,0.005825726444346548,1,0
55624.0,151000,0.005825726444346548,1,0
55624.0,152000,0.005825726444346548,1,0
55624.0,153000,0.005825726444346548,1,0
55624.0,154000,0.005825726444346548,1,0
55624.0,155000,0.005825726444346548,1,0
55624.0,156000,0.005825726444346548,1,0
55624.0,157000,0.005825726444346548,1,0
55624.0,158000,0.005825726444346548,1,0
55624.0,159000,0.005825726444346548,1,0
55624.0,160000,0.005825726444346548,1,0
55624.0,161000,0.005825726444346548,1,0
55624.0,162000,0.005825726444346548,1,0
55624.0,163000,0.005825726444346548,1,0
55624.0,164000,0.005825726444346548,1,0
55624.0,165000,0.005825726444346548,1,0
55624.0,166000,0.005825726444346548,1,0
55624.0,167000,0.005825726444346548,1,0
55624.0,168000,0.005825726444346548,1,0
55624.0,169000,0.005825726444346548,1,0
55624.0,170000,0.005825726444346548,1,0
55624.0,171000,0.005825726444346548,1,0
55624.0,172000,0.005825726444346548,1,0
55624.0,173000,0.005825726444346548,1,0
55624.0,174000,0.005825726444346548,1,0
55624.0,175000,0.005825726444346548,1,0
55624.0,176000,0.005825726444346548,1,0
55624.0,177000,0.005825726444346548,1,0
55624.0,178000,0.005825726444346548,1,0
55624.0,179000,0.005825726444346548,1,0
55624.0,180000,0.005825726444346548,1,0
55624.0,181000,0.005825726444346548,1,0
55624.0,182000,0.005825726444346548,1,0
55624.0,183000,0.005825726444346548,1,0
55624.0,184000,0.005825726444346548,1,0
55624.0,185000,0.005825726444346548,1,0
55624.0,186000,0.005825726444346548,1,0
55624.0,187000,0.005825726444346548,1,0
55624.0,188000,0.005825726444346548,1,0
55624.0,189000,0.005825726444346548,1,0
55624.0,190000,0.005825726444346548,1,0
55624.0,191000,0.005825726444346548,1,0
55624.0,192000,0.005825726444346548,1,0
55624.0,193000,0.005825726444346548,1,0
55624.0,194000,0.004848323280576184,1,0
56349.0,91000,6.994274476329634e-05,1,0
56349.0,92000,0.0030896922348647065,1,0
56349.0,93000,0.0030896922348647065,1,0
56349.0,94000,0.0030896922348647065,1,0
56349.0,95000,0.0030896922348647065,1,0
56349.0,96000,0.0030896922348647065,1,0
56349.0,97000,0.0030896922348647065,1,0
56349.0,98000,0.0030896922348647065,1,0
56349.0,99000,0.0030896922348647065,1,0
56349.0,100000,0.0030896922348647065,1,0
56349.0,101000,0.0030896922348647065,1,0
56349.0,102000,0.0030896922348647065,1,0
56349.0,103000,0.0030896922348647065,1,0
56349.0,104000,0.0030896922348647065,1,0
56349.0,105000,0.0030896922348647065,1,0
56349.0,106000,0.0030896922348647065,1,0
56349.0,107000,0.0030896922348647065,1,0
56349.0,108000,0.0030896922348647065,1,0
56349.0,109000,0.0030896922348647065,1,0
56349.0,110000,0.0030896922348647065,1,0
56349.0,111000,0.0030896922348647065,1,0
56349.0,112000,0.0030896922348647065,1,0
56349.0,113000,0.0030896922348647065,1,0
56349.0,114000,0.0030896922348647065,1,0
56349.0,115000,0.0030896922348647065,1,0
56349.0,116000,0.0030896922348647065,1,0
56349.0,117000,0.0030896922348647065,1,0
56349.0,118000,0.0030896922348647065,1,0
56349.0,119000,0.0030896922348647065,1,0
56349.0,120000,0.0030896922348647065,1,0
56349.0,121000,0.0030896922348647065,1,0
56349.0,122000,0.0030896922348647065,1,0
56349.0,123000,0.0030896922348647065,1,0
56349.0,124000,0.0030896922348647065,1,0
56349.0,125000,0.0030896922348647065,1,0
56349.0,126000,0.0030896922348647065,1,0
56349.0,127000,0.0030896922348647065,1,0
56349.0,128000,0.0030896922348647065,1,0
56349.0,129000,0.0030896922348647065,1,0
56349.0,130000,0.0030896922348647065,1,0
56349.0,131000,0.0030896922348647065,1,0
56349.0,132000,0.0030896922348647065,1,0
56349.0,133000,0.0030896922348647065,1,0
56349.0,134000,0.0030896922348647065,1,0
56349.0,135000,0.0030896922348647065,1,0
56349.0,136000,0.0030896922348647065,1,0
56349.0,137000,0.0030896922348647065,1,0
56349.0,138000,0.0030896922348647065,1,0
56349.0,139000,0.0030896922348647065,1,0
56349.0,140000,0.0030896922348647065,1,0
56349.0,141000,0.0030896922348647065,1,0
56349.0,142000,0.0030896922348647065,1,0
56349.0,143000,0.0030896922348647065,1,0
56349.0,144000,0.0030896922348647065,1,0
56349.0,145000,0.0030896922348647065,1,0
56349.0,146000,0.0030896922348647065,1,0
56349.0,147000,0.0030896922348647065,1,0
56349.0,148000,0.0030896922348647065,1,0
56349.0,149000,0.0030896922348647065,1,0
56349.0,150000,0.0030896922348647065,1,0
56349.0,151000,0.0030896922348647065,1,0
56349.0,152000,0.0030896922348647065,1,0
56349.0,153000,0.0030896922348647065,1,0
56349.0,154000,0.0030896922348647065,1,0
56349.0,155000,0.0030896922348647065,1,0
56349.0,156000,0.0030896922348647065,1,0
56349.0,157000,0.0030896922348647065,1,0
56349.0,158000,0.0030896922348647065,1,0
56349.0,159000,0.0030896922348647065,1,0
56349.0,160000,0.0030896922348647065,1,0
56349.0,161000,0.0030896922348647065,1,0
56349.0,162000,0.0030896922348647065,1,0
56349.0,163000,0.0030896922348647065,1,0
56349.0,164000,0.0030896922348647065,1,0
56349.0,165000,0.0030896922348647065,1,0
56349.0,166000,0.0030896922348647065,1,0
56349.0,167000,0.0030896922348647065,1,0
56349.0,168000,0.0030896922348647065,1,0
56349.0,169000,0.0030896922348647065,1,0
56349.0,170000,0.0030896922348647065,1,0
56349.0,171000,0.0030896922348647065,1,0
56349.0,172000,0.0030896922348647065,1,0
56349.0,173000,0.0030896922348647065,1,0
56349.0,174000,0.0030896922348647065,1,0
56349.0,175000,0.0030896922348647065,1,0
56349.0,176000,0.0030896922348647065,1,0
56349.0,177000,0.0030896922348647065,1,0
56349.0,178000,0.0030896922348647065,1,0
56349.0,179000,0.0030896922348647065,1,0
56349.0,180000,0.0030896922348647065,1,0
56349.0,181000,0.0030896922348647065,1,0
56349.0,182000,0.0030896922348647065,1,0
56349.0,183000,0.0030896922348647065,1,0
56349.0,184000,0.0030896922348647065,1,0
56349.0,185000,0.0030896922348647065,1,0
56349.0,186000,0.0030896922348647065,1,0
56349.0,187000,0.0030896922348647065,1,0
56349.0,188000,0.0030896922348647065,1,0
56349.0,189000,0.0030896922348647065,1,0
56349.0,190000,0.0030896922348647065,1,0
56349.0,191000,0.0030896922348647065,1,0
56349.0,192000,0.0030896922348647065,1,0
56349.0,193000,0.0030896922348647065,1,0
56349.0,194000,0.0030896922348647065,1,0
56349.0,195000,0.0030896922348647065,1,0
56349.0,196000,0.0030896922348647065,1,0
56349.0,197000,0.0030896922348647065,1,0
56349.0,198000,0.0030896922348647065,1,0
56349.0,199000,0.0030896922348647065,1,0
56349.0,200000,0.0030896922348647065,1,0
56349.0,201000,0.0030896922348647065,1,0
56349.0,202000,0.0030896922348647065,1,0
56349.0,203000,0.0030896922348647065,1,0
56349.0,204000,0.0030896922348647065,1,0
56349.0,205000,0.0030896922348647065,1,0
56349.0,206000,0.0030896922348647065,1,0
56349.0,207000,0.0030896922348647065,1,0
56349.0,208000,0.0030896922348647065,1,0
56349.0,209000,0.0030896922348647065,1,0
56349.0,210000,0.0030896922348647065,1,0
56349.0,211000,0.0030896922348647065,1,0
56349.0,212000,0.0030896922348647065,1,0
56349.0,213000,0.0030896922348647065,1,0
56349.0,214000,0.0030896922348647065,1,0
56349.0,215000,0.0030896922348647065,1,0
56349.0,216000,0.0030896922348647065,1,0
56349.0,217000,0.0030896922348647065,1,0
56349.0,218000,0.0030896922348647065,1,0
56349.0,219000,0.0030896922348647065,1,0
56349.0,220000,0.0030896922348647065,1,0
56349.0,221000,0.0030896922348647065,1,0
56349.0,222000,0.0030896922348647065,1,0
56349.0,223000,0.0030896922348647065,1,0
56349.0,224000,0.0030896922348647065,1,0
56349.0,225000,0.0030896922348647065,1,0
56349.0,226000,0.0030896922348647065,1,0
56349.0,227000,0.0030896922348647065,1,0
56349.0,228000,0.0030896922348647065,1,0
56349.0,229000,0.0030896922348647065,1,0
56349.0,230000,0.0030896922348647065,1,0
56349.0,231000,0.0030896922348647065,1,0
56349.0,232000,0.0030896922348647065,1,0
56349.0,233000,0.0030896922348647065,1,0
56349.0,234000,0.0030896922348647065,1,0
56349.0,235000,0.0030896922348647065,1,0
56349.0,236000,0.0030896922348647065,1,0
56349.0,237000,0.0030896922348647065,1,0
56349.0,238000,0.0030896922348647065,1,0
56349.0,239000,0.0030896922348647065,1,0
56349.0,240000,0.0030896922348647065,1,0
56349.0,241000,0.0030896922348647065,1,0
56349.0,242000,0.0030896922348647065,1,0
56349.0,243000,0.0030896922348647065,1,0
56349.0,244000,0.0030896922348647065,1,0
56349.0,245000,0.0030896922348647065,1,0
56349.0,246000,0.0030896922348647065,1,0
56349.0,247000,0.0030896922348647065,1,0
56349.0,248000,0.0030896922348647065,1,0
56349.0,249000,0.0030896922348647065,1,0
56349.0,250000,0.0030896922348647065,1,0
56349.0,251000,0.0030896922348647065,1,0
56349.0,252000,0.0030896922348647065,1,0
56349.0,253000,0.0030896922348647065,1,0
56349.0,254000,0.0030896922348647065,1,0
56349.0,255000,0.0030896922348647065,1,0
56349.0,256000,0.0030896922348647065,1,0
56349.0,257000,0.0030896922348647065,1,0
56349.0,258000,0.0030896922348647065,1,0
56349.0,259000,0.0030896922348647065,1,0
56349.0,260000,0.0030896922348647065,1,0
56349.0,261000,0.0030896922348647065,1,0
56349.0,262000,0.0030896922348647065,1,0
56349.0,263000,0.0030896922348647065,1,0
56349.0,264000,0.0030896922348647065,1,0
56349.0,265000,0.0030896922348647065,1,0
56349.0,266000,0.0030896922348647065,1,0
56349.0,267000,0.0030896922348647065,1,0
56349.0,268000,0.0030896922348647065,1,0
56349.0,269000,0.0030896922348647065,1,0
56349.0,270000,0.0030896922348647065,1,0
56349.0,271000,0.0030896922348647065,1,0
56349.0,272000,0.0030896922348647065,1,0
56349.0,273000,0.0030896922348647065,1,0
56349.0,274000,0.0030896922348647065,1,0
56349.0,275000,0.0030896922348647065,1,0
56349.0,276000,0.0030896922348647065,1,0
56349.0,277000,0.0030896922348647065,1,0
56349.0,278000,0.0030896922348647065,1,0
56349.0,279000,0.0030896922348647065,1,0
56349.0,280000,0.0030896922348647065,1,0
56349.0,281000,0.0030896922348647065,1,0
56349.0,282000,0.0030896922348647065,1,0
56349.0,283000,0.0030896922348647065,1,0
56349.0,284000,0.0030896922348647065,1,0
56349.0,285000,0.0030896922348647065,1,0
56349.0,286000,0.0030896922348647065,1,0
56349.0,287000,0.0030896922348647065,1,0
56349.0,288000,0.0030896922348647065,1,0
56349.0,289000,0.0030896922348647065,1,0
56349.0,290000,0.0030896922348647065,1,0
56349.0,291000,0.0030896922348647065,1,0
56349.0,292000,0.0030896922348647065,1,0
56349.0,293000,0.0030896922348647065,1,0
56349.0,294000,0.0030896922348647065,1,0
56349.0,295000,0.0030896922348647065,1,0
56349.0,296000,0.0030896922348647065,1,0
56349.0,297000,0.0030896922348647065,1,0
56349.0,298000,0.0030896922348647065,1,0
56349.0,299000,0.0030896922348647065,1,0
56349.0,300000,0.0030896922348647065,1,0
56349.0,301000,0.0030896922348647065,1,0
56349.0,302000,0.0030896922348647065,1,0
56349.0,303000,0.0030896922348647065,1,0
56349.0,304000,0.0030896922348647065,1,0
56349.0,305000,0.0030896922348647065,1,0
56349.0,306000,0.0030896922348647065,1,0
56349.0,307000,0.0030896922348647065,1,0
56349.0,308000,0.0030896922348647065,1,0
56349.0,309000,0.0030896922348647065,1,0
56349.0,310000,0.0030896922348647065,1,0
56349.0,311000,0.0030896922348647065,1,0
56349.0,312000,0.0030896922348647065,1,0
56349.0,313000,0.0030896922348647065,1,0
56349.0,314000,0.0030896922348647065,1,0
56349.0,315000,0.0030896922348647065,1,0
56349.0,316000,0.0030896922348647065,1,0
56349.0,317000,0.0030896922348647065,1,0
56349.0,318000,0.0030896922348647065,1,0
56349.0,319000,0.0030896922348647065,1,0
56349.0,320000,0.0030896922348647065,1,0
56349.0,321000,0.0030896922348647065,1,0
56349.0,322000,0.0030896922348647065,1,0
56349.0,323000,0.0030896922348647065,1,0
56349.0,324000,0.0030896922348647065,1,0
56349.0,325000,0.0030896922348647065,1,0
56349.0,326000,0.0030896922348647065,1,0
56349.0,327000,0.0030896922348647065,1,0
56349.0,328000,0.0030896922348647065,1,0
56349.0,329000,0.0030896922348647065,1,0
56349.0,330000,0.0030896922348647065,1,0
56349.0,331000,0.0030896922348647065,1,0
56349.0,332000,0.0030896922348647065,1,0
56349.0,333000,0.0030896922348647065,1,0
56349.0,334000,0.0030896922348647065,1,0
56349.0,335000,0.0030896922348647065,1,0
56349.0,336000,0.0030896922348647065,1,0
56349.0,337000,0.0030896922348647065,1,0
56349.0,338000,0.0030896922348647065,1,0
56349.0,339000,0.0030896922348647065,1,0
56349.0,340000,0.0030896922348647065,1,0
56349.0,341000,0.0030896922348647065,1,0
56349.0,342000,0.0030896922348647065,1,0
56349.0,343000,0.0030896922348647065,1,0
56349.0,344000,0.0030896922348647065,1,0
56349.0,345000,0.0030896922348647065,1,0
56349.0,346000,0.0030896922348647065,1,0
56349.0,347000,0.0030896922348647065,1,0
56349.0,348000,0.0030896922348647065,1,0
56349.0,349000,0.0030896922348647065,1,0
56349.0,350000,0.0030896922348647065,1,0
56349.0,351000,0.0030896922348647065,1,0
56349.0,352000,0.0030896922348647065,1,0
56349.0,353000,0.0030896922348647065,1,0
56349.0,354000,0.0030896922348647065,1,0
56349.0,355000,0.0030896922348647065,1,0
56349.0,356000,0.0030896922348647065,1,0
56349.0,357000,0.0030896922348647065,1,0
56349.0,358000,0.0030896922348647065,1,0
56349.0,359000,0.0030896922348647065,1,0
56349.0,360000,0.0030896922348647065,1,0
56349.0,361000,0.0030896922348647065,1,0
56349.0,362000,0.0030896922348647065,1,0
56349.0,363000,0.0030896922348647065,1,0
56349.0,364000,0.0030896922348647065,1,0
56349.0,365000,0.0030896922348647065,1,0
56349.0,366000,0.0030896922348647065,1,0
56349.0,367000,0.0030896922348647065,1,0
56349.0,368000,0.0030896922348647065,1,0
56349.0,369000,0.0030896922348647065,1,0
56349.0,370000,0.0030896922348647065,1,0
56349.0,371000,0.0030896922348647065,1,0
56349.0,372000,0.0030896922348647065,1,0
56349.0,373000,0.0030896922348647065,1,0
56349.0,374000,0.0030896922348647065,1,0
56349.0,375000,0.0030896922348647065,1,0
56349.0,376000,0.0030896922348647065,1,0
56349.0,377000,0.0030896922348647065,1,0
56349.0,378000,0.0030896922348647065,1,0
56349.0,379000,0.0030896922348647065,1,0
56349.0,380000,0.0030896922348647065,1,0
56349.0,381000,0.0030896922348647065,1,0
56349.0,382000,0.0030896922348647065,1,0
56349.0,383000,0.0030896922348647065,1,0
56349.0,384000,0.0030896922348647065,1,0
56349.0,385000,0.0030896922348647065,1,0
56349.0,386000,0.0030896922348647065,1,0
56349.0,387000,0.0030896922348647065,1,0
56349.0,388000,0.0030896922348647065,1,0
56349.0,389000,0.0030896922348647065,1,0
56349.0,390000,0.0030896922348647065,1,0
56349.0,391000,0.0030896922348647065,1,0
56349.0,392000,0.0030896922348647065,1,0
56349.0,393000,0.0030896922348647065,1,0
56349.0,394000,0.0030896922348647065,1,0
56349.0,395000,0.0030896922348647065,1,0
56349.0,396000,0.0030896922348647065,1,0
56349.0,397000,0.0030896922348647065,1,0
56349.0,398000,0.0030896922348647065,1,0
56349.0,399000,0.0030896922348647065,1,0
56349.0,400000,0.0030896922348647065,1,0
56349.0,401000,0.0030896922348647065,1,0
56349.0,402000,0.0030896922348647065,1,0
56349.0,403000,0.0030896922348647065,1,0
56349.0,404000,0.0030896922348647065,1,0
56349.0,405000,0.0030896922348647065,1,0
56349.0,406000,0.0030896922348647065,1,0
56349.0,407000,0.0030896922348647065,1,0
56349.0,408000,0.0030896922348647065,1,0
56349.0,409000,0.0030896922348647065,1,0
56349.0,410000,0.0030896922348647065,1,0
56349.0,411000,0.0030896922348647065,1,0
56349.0,412000,0.0030896922348647065,1,0
56349.0,413000,0.0030896922348647065,1,0
56349.0,414000,0.0030896922348647065,1,0
56349.0,415000,0.0019594653939365783,1,0
56504.0,91000,6.994274476329634e-05,1,0
56504.0,92000,0.0030896922348647065,1,0
56504.0,93000,0.0030896922348647065,1,0
56504.0,94000,0.0030896922348647065,1,0
56504.0,95000,0.0030896922348647065,1,0
56504.0,96000,0.0030896922348647065,1,0
56504.0,97000,0.0030896922348647065,1,0
56504.0,98000,0.0030896922348647065,1,0
56504.0,99000,0.0030896922348647065,1,0
56504.0,100000,0.0030896922348647065,1,0
56504.0,101000,0.0030896922348647065,1,0
56504.0,102000,0.0030896922348647065,1,0
56504.0,103000,0.0030896922348647065,1,0
56504.0,104000,0.0030896922348647065,1,0
56504.0,105000,0.0030896922348647065,1,0
56504.0,106000,0.0030896922348647065,1,0
56504.0,107000,0.0030896922348647065,1,0
56504.0,108000,0.0030896922348647065,1,0
56504.0,109000,0.0030896922348647065,1,0
56504.0,110000,0.0030896922348647065,1,0
56504.0,111000,0.0030896922348647065,1,0
56504.0,112000,0.0030896922348647065,1,0
56504.0,113000,0.0030896922348647065,1,0
56504.0,114000,0.0030896922348647065,1,0
56504.0,115000,0.0030896922348647065,1,0
56504.0,116000,0.0030896922348647065,1,0
56504.0,117000,0.0030896922348647065,1,0
56504.0,118000,0.0030896922348647065,1,0
56504.0,119000,0.0030896922348647065,1,0
56504.0,120000,0.0030896922348647065,1,0
56504.0,121000,0.0030896922348647065,1,0
56504.0,122000,0.0030896922348647065,1,0
56504.0,123000,0.0030896922348647065,1,0
56504.0,124000,0.0030896922348647065,1,0
56504.0,125000,0.0030896922348647065,1,0
56504.0,126000,0.0030896922348647065,1,0
56504.0,127000,0.0030896922348647065,1,0
56504.0,128000,0.0030896922348647065,1,0
56504.0,129000,0.0030896922348647065,1,0
56504.0,130000,0.0030896922348647065,1,0
56504.0,131000,0.0030896922348647065,1,0
56504.0,132000,0.0030896922348647065,1,0
56504.0,133000,0.0030896922348647065,1,0
56504.0,134000,0.0030896922348647065,1,0
56504.0,135000,0.0030896922348647065,1,0
56504.0,136000,0.0030896922348647065,1,0
56504.0,137000,0.0030896922348647065,1,0
56504.0,138000,0.0030896922348647065,1,0
56504.0,139000,0.0030896922348647065,1,0
56504.0,140000,0.0030896922348647065,1,0
56504.0,141000,0.0030896922348647065,1,0
56504.0,142000,0.0030896922348647065,1,0
56504.0,143000,0.0030896922348647065,1,0
56504.0,144000,0.0030896922348647065,1,0
56504.0,145000,0.0030896922348647065,1,0
56504.0,146000,0.0030896922348647065,1,0
56504.0,147000,0.0030896922348647065,1,0
56504.0,148000,0.0030896922348647065,1,0
56504.0,149000,0.0030896922348647065,1,0
56504.0,150000,0.0030896922348647065,1,0
56504.0,151000,0.0030896922348647065,1,0
56504.0,152000,0.0030896922348647065,1,0
56504.0,153000,0.0030896922348647065,1,0
56504.0,154000,0.0030896922348647065,1,0
56504.0,155000,0.0030896922348647065,1,0
56504.0,156000,0.0030896922348647065,1,0
56504.0,157000,0.0030896922348647065,1,0
56504.0,158000,0.0030896922348647065,1,0
56504.0,159000,0.0030896922348647065,1,0
56504.0,160000,0.0030896922348647065,1,0
56504.0,161000,0.0030896922348647065,1,0
56504.0,162000,0.0030896922348647065,1,0
56504.0,163000,0.0030896922348647065,1,0
56504.0,164000,0.0030896922348647065,1,0
56504.0,165000,0.0030896922348647065,1,0
56504.0,166000,0.0030896922348647065,1,0
56504.0,167000,0.0030896922348647065,1,0
56504.0,168000,0.0030896922348647065,1,0
56504.0,169000,0.0030896922348647065,1,0
56504.0,170000,0.0030896922348647065,1,0
56504.0,171000,0.0030896922348647065,1,0
56504.0,172000,0.0030896922348647065,1,0
56504.0,173000,0.0030896922348647065,1,0
56504.0,174000,0.0030896922348647065,1,0
56504.0,175000,0.0030896922348647065,1,0
56504.0,176000,0.0030896922348647065,1,0
56504.0,177000,0.0030896922348647065,1,0
56504.0,178000,0.0030896922348647065,1,0
56504.0,179000,0.0030896922348647065,1,0
56504.0,180000,0.0030896922348647065,1,0
56504.0,181000,0.0030896922348647065,1,0
56504.0,182000,0.0030896922348647065,1,0
56504.0,183000,0.0030896922348647065,1,0
56504.0,184000,0.0030896922348647065,1,0
56504.0,185000,0.0030896922348647065,1,0
56504.0,186000,0.0030896922348647065,1,0
56504.0,187000,0.0030896922348647065,1,0
56504.0,188000,0.0030896922348647065,1,0
56504.0,189000,0.0030896922348647065,1,0
56504.0,190000,0.0030896922348647065,1,0
56504.0,191000,0.0030896922348647065,1,0
56504.0,192000,0.0030896922348647065,1,0
56504.0,193000,0.0030896922348647065,1,0
56504.0,194000,0.0030896922348647065,1,0
56504.0,195000,0.0030896922348647065,1,0
56504.0,196000,0.0030896922348647065,1,0
56504.0,197000,0.0030896922348647065,1,0
56504.0,198000,0.0030896922348647065,1,0
56504.0,199000,0.0030896922348647065,1,0
56504.0,200000,0.0030896922348647065,1,0
56504.0,201000,0.0030896922348647065,1,0
56504.0,202000,0.0030896922348647065,1,0
56504.0,203000,0.0030896922348647065,1,0
56504.0,204000,0.0030896922348647065,1,0
56504.0,205000,0.0030896922348647065,1,0
56504.0,206000,0.0030896922348647065,1,0
56504.0,207000,0.0030896922348647065,1,0
56504.0,208000,0.0030896922348647065,1,0
56504.0,209000,0.0030896922348647065,1,0
56504.0,210000,0.0030896922348647065,1,0
56504.0,211000,0.0030896922348647065,1,0
56504.0,212000,0.0030896922348647065,1,0
56504.0,213000,0.0030896922348647065,1,0
56504.0,214000,0.0030896922348647065,1,0
56504.0,215000,0.0030896922348647065,1,0
56504.0,216000,0.0030896922348647065,1,0
56504.0,217000,0.0030896922348647065,1,0
56504.0,218000,0.0030896922348647065,1,0
56504.0,219000,0.0030896922348647065,1,0
56504.0,220000,0.0030896922348647065,1,0
56504.0,221000,0.0030896922348647065,1,0
56504.0,222000,0.0030896922348647065,1,0
56504.0,223000,0.0030896922348647065,1,0
56504.0,224000,0.0030896922348647065,1,0
56504.0,225000,0.0030896922348647065,1,0
56504.0,226000,0.0030896922348647065,1,0
56504.0,227000,0.0030896922348647065,1,0
56504.0,228000,0.0030896922348647065,1,0
56504.0,229000,0.0030896922348647065,1,0
56504.0,230000,0.0030896922348647065,1,0
56504.0,231000,0.0030896922348647065,1,0
56504.0,232000,0.0030896922348647065,1,0
56504.0,233000,0.0030896922348647065,1,0
56504.0,234000,0.0030896922348647065,1,0
56504.0,235000,0.0030896922348647065,1,0
56504.0,236000,0.0030896922348647065,1,0
56504.0,237000,0.0030896922348647065,1,0
56504.0,238000,0.0030896922348647065,1,0
56504.0,239000,0.0030896922348647065,1,0
56504.0,240000,0.0030896922348647065,1,0
56504.0,241000,0.0030896922348647065,1,0
56504.0,242000,0.0030896922348647065,1,0
56504.0,243000,0.0030896922348647065,1,0
56504.0,244000,0.0030896922348647065,1,0
56504.0,245000,0.0030896922348647065,1,0
56504.0,246000,0.0030896922348647065,1,0
56504.0,247000,0.0030896922348647065,1,0
56504.0,248000,0.0030896922348647065,1,0
56504.0,249000,0.0030896922348647065,1,0
56504.0,250000,0.0030896922348647065,1,0
56504.0,251000,0.0030896922348647065,1,0
56504.0,252000,0.0030896922348647065,1,0
56504.0,253000,0.0030896922348647065,1,0
56504.0,254000,0.0030896922348647065,1,0
56504.0,255000,0.0030896922348647065,1,0
56504.0,256000,0.0030896922348647065,1,0
56504.0,257000,0.0030896922348647065,1,0
56504.0,258000,0.0030896922348647065,1,0
56504.0,259000,0.0030896922348647065,1,0
56504.0,260000,0.0030896922348647065,1,0
56504.0,261000,0.0030896922348647065,1,0
56504.0,262000,0.0030896922348647065,1,0
56504.0,263000,0.0030896922348647065,1,0
56504.0,264000,0.0030896922348647065,1,0
56504.0,265000,0.0030896922348647065,1,0
56504.0,266000,0.0030896922348647065,1,0
56504.0,267000,0.0030896922348647065,1,0
56504.0,268000,0.0030896922348647065,1,0
56504.0,269000,0.0030896922348647065,1,0
56504.0,270000,0.0030896922348647065,1,0
56504.0,271000,0.0030896922348647065,1,0
56504.0,272000,0.0030896922348647065,1,0
56504.0,273000,0.0030896922348647065,1,0
56504.0,274000,0.0030896922348647065,1,0
56504.0,275000,0.0030896922348647065,1,0
56504.0,276000,0.0030896922348647065,1,0
56504.0,277000,0.0030896922348647065,1,0
56504.0,278000,0.0030896922348647065,1,0
56504.0,279000,0.0030896922348647065,1,0
56504.0,280000,0.0030896922348647065,1,0
56504.0,281000,0.0030896922348647065,1,0
56504.0,282000,0.0030896922348647065,1,0
56504.0,283000,0.0030896922348647065,1,0
56504.0,284000,0.0030896922348647065,1,0
56504.0,285000,0.0030896922348647065,1,0
56504.0,286000,0.0030896922348647065,1,0
56504.0,287000,0.0030896922348647065,1,0
56504.0,288000,0.0030896922348647065,1,0
56504.0,289000,0.0030896922348647065,1,0
56504.0,290000,0.0030896922348647065,1,0
56504.0,291000,0.0030896922348647065,1,0
56504.0,292000,0.0030896922348647065,1,0
56504.0,293000,0.0030896922348647065,1,0
56504.0,294000,0.0030896922348647065,1,0
56504.0,295000,0.0030896922348647065,1,0
56504.0,296000,0.0030896922348647065,1,0
56504.0,297000,0.0030896922348647065,1,0
56504.0,298000,0.0030896922348647065,1,0
56504.0,299000,0.0030896922348647065,1,0
56504.0,300000,0.0030896922348647065,1,0
56504.0,301000,0.0030896922348647065,1,0
56504.0,302000,0.0030896922348647065,1,0
56504.0,303000,0.0030896922348647065,1,0
56504.0,304000,0.0030896922348647065,1,0
56504.0,305000,0.0030896922348647065,1,0
56504.0,306000,0.0030896922348647065,1,0
56504.0,307000,0.0030896922348647065,1,0
56504.0,308000,0.0030896922348647065,1,0
56504.0,309000,0.0030896922348647065,1,0
56504.0,310000,0.0030896922348647065,1,0
56504.0,311000,0.0030896922348647065,1,0
56504.0,312000,0.0030896922348647065,1,0
56504.0,313000,0.0030896922348647065,1,0
56504.0,314000,0.0030896922348647065,1,0
56504.0,315000,0.0030896922348647065,1,0
56504.0,316000,0.0030896922348647065,1,0
56504.0,317000,0.0030896922348647065,1,0
56504.0,318000,0.0030896922348647065,1,0
56504.0,319000,0.0030896922348647065,1,0
56504.0,320000,0.0030896922348647065,1,0
56504.0,321000,0.0030896922348647065,1,0
56504.0,322000,0.0030896922348647065,1,0
56504.0,323000,0.0030896922348647065,1,0
56504.0,324000,0.0030896922348647065,1,0
56504.0,325000,0.0030896922348647065,1,0
56504.0,326000,0.0030896922348647065,1,0
56504.0,327000,0.0030896922348647065,1,0
56504.0,328000,0.0030896922348647065,1,0
56504.0,329000,0.0030896922348647065,1,0
56504.0,330000,0.0030896922348647065,1,0
56504.0,331000,0.0030896922348647065,1,0
56504.0,332000,0.0030896922348647065,1,0
56504.0,333000,0.0030896922348647065,1,0
56504.0,334000,0.0030896922348647065,1,0
56504.0,335000,0.0030896922348647065,1,0
56504.0,336000,0.0030896922348647065,1,0
56504.0,337000,0.0030896922348647065,1,0
56504.0,338000,0.0030896922348647065,1,0
56504.0,339000,0.0030896922348647065,1,0
56504.0,340000,0.0030896922348647065,1,0
56504.0,341000,0.0030896922348647065,1,0
56504.0,342000,0.0030896922348647065,1,0
56504.0,343000,0.0030896922348647065,1,0
56504.0,344000,0.0030896922348647065,1,0
56504.0,345000,0.0030896922348647065,1,0
56504.0,346000,0.0030896922348647065,1,0
56504.0,347000,0.0030896922348647065,1,0
56504.0,348000,0.0030896922348647065,1,0
56504.0,349000,0.0030896922348647065,1,0
56504.0,350000,0.0030896922348647065,1,0
56504.0,351000,0.0030896922348647065,1,0
56504.0,352000,0.0030896922348647065,1,0
56504.0,353000,0.0030896922348647065,1,0
56504.0,354000,0.0030896922348647065,1,0
56504.0,355000,0.0030896922348647065,1,0
56504.0,356000,0.0030896922348647065,1,0
56504.0,357000,0.0030896922348647065,1,0
56504.0,358000,0.0030896922348647065,1,0
56504.0,359000,0.0030896922348647065,1,0
56504.0,360000,0.0030896922348647065,1,0
56504.0,361000,0.0030896922348647065,1,0
56504.0,362000,0.0030896922348647065,1,0
56504.0,363000,0.0030896922348647065,1,0
56504.0,364000,0.0030896922348647065,1,0
56504.0,365000,0.0030896922348647065,1,0
56504.0,366000,0.0030896922348647065,1,0
56504.0,367000,0.0030896922348647065,1,0
56504.0,368000,0.0030896922348647065,1,0
56504.0,369000,0.0030896922348647065,1,0
56504.0,370000,0.0030896922348647065,1,0
56504.0,371000,0.0030896922348647065,1,0
56504.0,372000,0.0030896922348647065,1,0
56504.0,373000,0.0030896922348647065,1,0
56504.0,374000,0.0030896922348647065,1,0
56504.0,375000,0.0030896922348647065,1,0
56504.0,376000,0.0030896922348647065,1,0
56504.0,377000,0.0030896922348647065,1,0
56504.0,378000,0.0030896922348647065,1,0
56504.0,379000,0.0030896922348647065,1,0
56504.0,380000,0.0030896922348647065,1,0
56504.0,381000,0.0030896922348647065,1,0
56504.0,382000,0.0030896922348647065,1,0
56504.0,383000,0.0030896922348647065,1,0
56504.0,384000,0.0030896922348647065,1,0
56504.0,385000,0.0030896922348647065,1,0
56504.0,386000,0.0030896922348647065,1,0
56504.0,387000,0.0030896922348647065,1,0
56504.0,388000,0.0030896922348647065,1,0
56504.0,389000,0.0030896922348647065,1,0
56504.0,390000,0.0030896922348647065,1,0
56504.0,391000,0.0030896922348647065,1,0
56504.0,392000,0.0030896922348647065,1,0
56504.0,393000,0.0030896922348647065,1,0
56504.0,394000,0.0030896922348647065,1,0
56504.0,395000,0.0030896922348647065,1,0
56504.0,396000,0.0030896922348647065,1,0
56504.0,397000,0.0030896922348647065,1,0
56504.0,398000,0.0030896922348647065,1,0
56504.0,399000,0.0030896922348647065,1,0
56504.0,400000,0.0030896922348647065,1,0
56504.0,401000,0.0030896922348647065,1,0
56504.0,402000,0.0030896922348647065,1,0
56504.0,403000,0.0030896922348647065,1,0
56504.0,404000,0.0030896922348647065,1,0
56504.0,405000,0.0030896922348647065,1,0
56504.0,406000,0.0030896922348647065,1,0
56504.0,407000,0.0030896922348647065,1,0
56504.0,408000,0.0030896922348647065,1,0
56504.0,409000,0.0030896922348647065,1,0
56504.0,410000,0.0030896922348647065,1,0
56504.0,411000,0.0030896922348647065,1,0
56504.0,412000,0.0030896922348647065,1,0
56504.0,413000,0.0030896922348647065,1,0
56504.0,414000,0.0030896922348647065,1,0
56504.0,415000,0.0019594653939365783,1,0
57014.0,0,0.043171923501727334,1,0
57014.0,1000,0.08634384700345467,1,0
57014.0,2000,0.08634384700345467,1,0
57014.0,3000,0.08634384700345467,1,0
57014.0,4000,0.08634384700345467,1,0
57014.0,5000,0.08634384700345467,1,0
57014.0,6000,0.08634384700345467,1,0
57014.0,7000,0.08634384700345467,1,0
57014.0,8000,0.08634384700345467,1,0
57014.0,9000,0.08634384700345467,1,0
57014.0,10000,0.08634384700345467,1,0
57014.0,11000,0.08634384700345467,1,0
57014.0,12000,0.007045759460271269,1,0
57227.0,13000,0.0018549700883697014,1,0
57227.0,14000,0.004403892610445496,1,0
57227.0,15000,0.004403892610445496,1,0
57227.0,16000,0.004403892610445496,1,0
57227.0,17000,0.004403892610445496,1,0
57227.0,18000,0.004403892610445496,1,0
57227.0,19000,0.004403892610445496,1,0
57227.0,20000,0.004403892610445496,1,0
57227.0,21000,0.004403892610445496,1,0
57227.0,22000,0.004403892610445496,1,0
57227.0,23000,0.004403892610445496,1,0
57227.0,24000,0.004403892610445496,1,0
57227.0,25000,0.004403892610445496,1,0
57227.0,26000,0.004403892610445496,1,0
57227.0,27000,0.004403892610445496,1,0
57227.0,28000,0.004403892610445496,1,0
57227.0,29000,0.004403892610445496,1,0
57227.0,30000,0.004403892610445496,1,0
57227.0,31000,0.004403892610445496,1,0
57227.0,32000,0.004403892610445496,1,0
57227.0,33000,0.004403892610445496,1,0
57227.0,34000,0.004403892610445496,1,0
57227.0,35000,0.004403892610445496,1,0
57227.0,36000,0.004403892610445496,1,0
57227.0,37000,0.004403892610445496,1,0
57227.0,38000,0.004403892610445496,1,0
57227.0,39000,0.004403892610445496,1,0
57227.0,40000,0.004403892610445496,1,0
57227.0,41000,0.004403892610445496,1,0
57227.0,42000,0.004403892610445496,1,0
57227.0,43000,0.004403892610445496,1,0
57227.0,44000,0.004403892610445496,1,0
57227.0,45000,0.004403892610445496,1,0
57227.0,46000,0.004403892610445496,1,0
57227.0,47000,0.004403892610445496,1,0
57227.0,48000,0.004403892610445496,1,0
57227.0,49000,0.004403892610445496,1,0
57227.0,50000,0.004403892610445496,1,0
57227.0,51000,0.004403892610445496,1,0
57227.0,52000,0.004403892610445496,1,0
57227.0,53000,0.004403892610445496,1,0
57227.0,54000,0.004403892610445496,1,0
57227.0,55000,0.004403892610445496,1,0
57227.0,56000,0.004403892610445496,1,0
57227.0,57000,0.004403892610445496,1,0
57227.0,58000,0.004403892610445496,1,0
57227.0,59000,0.004403892610445496,1,0
57227.0,60000,0.004403892610445496,1,0
57227.0,61000,0.004403892610445496,1,0
57227.0,62000,0.004403892610445496,1,0
57227.0,63000,0.004403892610445496,1,0
57227.0,64000,0.004403892610445496,1,0
57227.0,65000,0.004403892610445496,1,0
57227.0,66000,0.004403892610445496,1,0
57227.0,67000,0.004403892610445496,1,0
57227.0,68000,0.004403892610445496,1,0
57227.0,69000,0.004403892610445496,1,0
57227.0,70000,0.004403892610445496,1,0
57227.0,71000,0.004403892610445496,1,0
57227.0,72000,0.004403892610445496,1,0
57227.0,73000,0.004403892610445496,1,0
57227.0,74000,0.004403892610445496,1,0
57227.0,75000,0.004403892610445496,1,0
57227.0,76000,0.004403892610445496,1,0
57227.0,77000,0.004403892610445496,1,0
57227.0,78000,0.004403892610445496,1,0
57227.0,79000,0.004403892610445496,1,0
57227.0,80000,0.004403892610445496,1,0
57227.0,81000,0.004403892610445496,1,0
57227.0,82000,0.004403892610445496,1,0
57227.0,83000,0.004403892610445496,1,0
57227.0,84000,0.004403892610445496,1,0
57227.0,85000,0.004403892610445496,1,0
57227.0,86000,0.004403892610445496,1,0
57227.0,87000,0.004403892610445496,1,0
57227.0,88000,0.004403892610445496,1,0
57227.0,89000,0.004403892610445496,1,0
57227.0,90000,0.004403892610445496,1,0
57227.0,91000,0.004403892610445496,1,0
57227.0,92000,0.004403892610445496,1,0
57227.0,93000,0.004403892610445496,1,0
57227.0,94000,0.004403892610445496,1,0
57227.0,95000,0.004403892610445496,1,0
57227.0,96000,0.004403892610445496,1,0
57227.0,97000,0.004403892610445496,1,0
57227.0,98000,0.004403892610445496,1,0
57227.0,99000,0.004403892610445496,1,0
57227.0,100000,0.004403892610445496,1,0
57227.0,101000,0.004403892610445496,1,0
57227.0,102000,0.004403892610445496,1,0
57227.0,103000,0.004403892610445496,1,0
57227.0,104000,0.004403892610445496,1,0
57227.0,105000,0.004403892610445496,1,0
57227.0,106000,0.004403892610445496,1,0
57227.0,107000,0.004403892610445496,1,0
57227.0,108000,0.004403892610445496,1,0
57227.0,109000,0.004403892610445496,1,0
57227.0,110000,0.004403892610445496,1,0
57227.0,111000,0.004403892610445496,1,0
57227.0,112000,0.004403892610445496,1,0
57227.0,113000,0.004403892610445496,1,0
57227.0,114000,0.004403892610445496,1,0
57227.0,115000,0.004403892610445496,1,0
57227.0,116000,0.004403892610445496,1,0
57227.0,117000,0.004403892610445496,1,0
57227.0,118000,0.004403892610445496,1,0
57227.0,119000,0.004403892610445496,1,0
57227.0,120000,0.004403892610445496,1,0
57227.0,121000,0.004403892610445496,1,0
57227.0,122000,0.004403892610445496,1,0
57227.0,123000,0.004403892610445496,1,0
57227.0,124000,0.004403892610445496,1,0
57227.0,125000,0.004403892610445496,1,0
57227.0,126000,0.004403892610445496,1,0
57227.0,127000,0.004403892610445496,1,0
57227.0,128000,0.004403892610445496,1,0
57227.0,129000,0.004403892610445496,1,0
57227.0,130000,0.004403892610445496,1,0
57227.0,131000,0.004403892610445496,1,0
57227.0,132000,0.004403892610445496,1,0
57227.0,133000,0.004403892610445496,1,0
57227.0,134000,0.004403892610445496,1,0
57227.0,135000,0.004403892610445496,1,0
57227.0,136000,0.004403892610445496,1,0
57227.0,137000,0.004403892610445496,1,0
57227.0,138000,0.004403892610445496,1,0
57227.0,139000,0.004403892610445496,1,0
57227.0,140000,0.004403892610445496,1,0
57227.0,141000,0.004403892610445496,1,0
57227.0,142000,0.004403892610445496,1,0
57227.0,143000,0.004403892610445496,1,0
57227.0,144000,0.004403892610445496,1,0
57227.0,145000,0.004403892610445496,1,0
57227.0,146000,0.004403892610445496,1,0
57227.0,147000,0.004403892610445496,1,0
57227.0,148000,0.004403892610445496,1,0
57227.0,149000,0.004403892610445496,1,0
57227.0,150000,0.004403892610445496,1,0
57227.0,151000,0.004403892610445496,1,0
57227.0,152000,0.004403892610445496,1,0
57227.0,153000,0.004403892610445496,1,0
57227.0,154000,0.004403892610445496,1,0
57227.0,155000,0.004403892610445496,1,0
57227.0,156000,0.004403892610445496,1,0
57227.0,157000,0.004403892610445496,1,0
57227.0,158000,0.004403892610445496,1,0
57227.0,159000,0.004403892610445496,1,0
57227.0,160000,0.004403892610445496,1,0
57227.0,161000,0.004403892610445496,1,0
57227.0,162000,0.004403892610445496,1,0
57227.0,163000,0.004403892610445496,1,0
57227.0,164000,0.004403892610445496,1,0
57227.0,165000,0.004403892610445496,1,0
57227.0,166000,0.004403892610445496,1,0
57227.0,167000,0.004403892610445496,1,0
57227.0,168000,0.004403892610445496,1,0
57227.0,169000,0.004403892610445496,1,0
57227.0,170000,0.004403892610445496,1,0
57227.0,171000,0.004403892610445496,1,0
57227.0,172000,0.004403892610445496,1,0
57227.0,173000,0.004403892610445496,1,0
57227.0,174000,0.004403892610445496,1,0
57227.0,175000,0.004403892610445496,1,0
57227.0,176000,0.004403892610445496,1,0
57227.0,177000,0.004403892610445496,1,0
57227.0,178000,0.004403892610445496,1,0
57227.0,179000,0.004403892610445496,1,0
57227.0,180000,0.004403892610445496,1,0
57227.0,181000,0.004403892610445496,1,0
57227.0,182000,0.004403892610445496,1,0
57227.0,183000,0.004403892610445496,1,0
57227.0,184000,0.004403892610445496,1,0
57227.0,185000,0.004403892610445496,1,0
57227.0,186000,0.004403892610445496,1,0
57227.0,187000,0.004403892610445496,1,0
57227.0,188000,0.004403892610445496,1,0
57227.0,189000,0.004403892610445496,1,0
57227.0,190000,0.004403892610445496,1,0
57227.0,191000,0.004403892610445496,1,0
57227.0,192000,0.004403892610445496,1,0
57227.0,193000,0.004403892610445496,1,0
57227.0,194000,0.004403892610445496,1,0
57227.0,195000,0.004403892610445496,1,0
57227.0,196000,0.004403892610445496,1,0
57227.0,197000,0.004403892610445496,1,0
57227.0,198000,0.004403892610445496,1,0
57227.0,199000,0.004403892610445496,1,0
57227.0,200000,0.004403892610445496,1,0
57227.0,201000,0.004403892610445496,1,0
57227.0,202000,0.004403892610445496,1,0
57227.0,203000,0.004403892610445496,1,0
57227.0,204000,0.004403892610445496,1,0
57227.0,205000,0.004403892610445496,1,0
57227.0,206000,0.004403892610445496,1,0
57227.0,207000,0.004403892610445496,1,0
57227.0,208000,0.004403892610445496,1,0
57227.0,209000,0.004403892610445496,1,0
57227.0,210000,0.004403892610445496,1,0
57227.0,211000,0.004403892610445496,1,0
57227.0,212000,0.004403892610445496,1,0
57227.0,213000,0.004403892610445496,1,0
57227.0,214000,0.004403892610445496,1,0
57227.0,215000,0.004403892610445496,1,0
57227.0,216000,0.004403892610445496,1,0
57227.0,217000,0.004403892610445496,1,0
57227.0,218000,0.004403892610445496,1,0
57227.0,219000,0.004403892610445496,1,0
57227.0,220000,0.004403892610445496,1,0
57227.0,221000,0.004403892610445496,1,0
57227.0,222000,0.004403892610445496,1,0
57227.0,223000,0.004403892610445496,1,0
57227.0,224000,0.004403892610445496,1,0
57227.0,225000,0.004403892610445496,1,0
57227.0,226000,0.004403892610445496,1,0
57227.0,227000,0.004403892610445496,1,0
57227.0,228000,0.004403892610445496,1,0
57227.0,229000,0.004403892610445496,1,0
57227.0,230000,0.004403892610445496,1,0
57227.0,231000,0.004403892610445496,1,0
57227.0,232000,0.004403892610445496,1,0
57227.0,233000,0.004403892610445496,1,0
57227.0,234000,0.004403892610445496,1,0
57227.0,235000,0.004403892610445496,1,0
57227.0,236000,0.004403892610445496,1,0
57227.0,237000,0.004403892610445496,1,0
57227.0,238000,0.004403892610445496,1,0
57227.0,239000,0.004403892610445496,1,0
57227.0,240000,0.0028652999509482203,1,0
57838.0,58000,0.017180381607637716,1,0
57838.0,59000,0.050648905425909656,1,0
57838.0,60000,0.050648905425909656,1,0
57838.0,61000,0.050648905425909656,1,0
57838.0,62000,0.050648905425909656,1,0
57838.0,63000,0.050648905425909656,1,0
57838.0,64000,0.050648905425909656,1,0
57838.0,65000,0.050648905425909656,1,0
57838.0,66000,0.050648905425909656,1,0
57838.0,67000,0.050648905425909656,1,0
57838.0,68000,0.050648905425909656,1,0
57838.0,69000,0.050648905425909656,1,0
57838.0,70000,0.050648905425909656,1,0
57838.0,71000,0.050648905425909656,1,0
57838.0,72000,0.050648905425909656,1,0
57838.0,73000,0.050648905425909656,1,0
57838.0,74000,0.050648905425909656,1,0
57838.0,75000,0.050648905425909656,1,0
57838.0,76000,0.050648905425909656,1,0
57838.0,77000,0.050648905425909656,1,0
57838.0,78000,0.020490415300078803,1,0
58029.0,78000,0.004165541449410202,1,0
58029.0,79000,0.006995712120819295,1,0
58029.0,80000,0.006995712120819295,1,0
58029.0,81000,0.006995712120819295,1,0
58029.0,82000,0.006995712120819295,1,0
58029.0,83000,0.006995712120819295,1,0
58029.0,84000,0.006995712120819295,1,0
58029.0,85000,0.006995712120819295,1,0
58029.0,86000,0.006995712120819295,1,0
58029.0,87000,0.006995712120819295,1,0
58029.0,88000,0.006995712120819295,1,0
58029.0,89000,0.006995712120819295,1,0
58029.0,90000,0.006995712120819295,1,0
58029.0,91000,0.006995712120819295,1,0
58029.0,92000,0.006995712120819295,1,0
58029.0,93000,0.006995712120819295,1,0
58029.0,94000,0.006995712120819295,1,0
58029.0,95000,0.006995712120819295,1,0
58029.0,96000,0.006995712120819295,1,0
58029.0,97000,0.006995712120819295,1,0
58029.0,98000,0.006995712120819295,1,0
58029.0,99000,0.006995712120819295,1,0
58029.0,100000,0.006995712120819295,1,0
58029.0,101000,0.006995712120819295,1,0
58029.0,102000,0.006995712120819295,1,0
58029.0,103000,0.006995712120819295,1,0
58029.0,104000,0.006995712120819295,1,0
58029.0,105000,0.006995712120819295,1,0
58029.0,106000,0.006995712120819295,1,0
58029.0,107000,0.006995712120819295,1,0
58029.0,108000,0.006995712120819295,1,0
58029.0,109000,0.006995712120819295,1,0
58029.0,110000,0.006995712120819295,1,0
58029.0,111000,0.006995712120819295,1,0
58029.0,112000,0.006995712120819295,1,0
58029.0,113000,0.006995712120819295,1,0
58029.0,114000,0.006995712120819295,1,0
58029.0,115000,0.006995712120819295,1,0
58029.0,116000,0.006995712120819295,1,0
58029.0,117000,0.006995712120819295,1,0
58029.0,118000,0.006995712120819295,1,0
58029.0,119000,0.006995712120819295,1,0
58029.0,120000,0.006995712120819295,1,0
58029.0,121000,0.006995712120819295,1,0
58029.0,122000,0.006995712120819295,1,0
58029.0,123000,0.006995712120819295,1,0
58029.0,124000,0.006995712120819295,1,0
58029.0,125000,0.006995712120819295,1,0
58029.0,126000,0.006995712120819295,1,0
58029.0,127000,0.006995712120819295,1,0
58029.0,128000,0.006995712120819295,1,0
58029.0,129000,0.006995712120819295,1,0
58029.0,130000,0.006995712120819295,1,0
58029.0,131000,0.006995712120819295,1,0
58029.0,132000,0.006995712120819295,1,0
58029.0,133000,0.006995712120819295,1,0
58029.0,134000,0.006995712120819295,1,0
58029.0,135000,0.006995712120819295,1,0
58029.0,136000,0.006995712120819295,1,0
58029.0,137000,0.006995712120819295,1,0
58029.0,138000,0.006995712120819295,1,0
58029.0,139000,0.006995712120819295,1,0
58029.0,140000,0.006995712120819295,1,0
58029.0,141000,0.006995712120819295,1,0
58029.0,142000,0.006995712120819295,1,0
58029.0,143000,0.006995712120819295,1,0
58029.0,144000,0.006995712120819295,1,0
58029.0,145000,0.006995712120819295,1,0
58029.0,146000,0.006995712120819295,1,0
58029.0,147000,0.006995712120819295,1,0
58029.0,148000,0.006995712120819295,1,0
58029.0,149000,0.006995712120819295,1,0
58029.0,150000,0.006995712120819295,1,0
58029.0,151000,0.006995712120819295,1,0
58029.0,152000,0.006995712120819295,1,0
58029.0,153000,0.006995712120819295,1,0
58029.0,154000,0.006995712120819295,1,0
58029.0,155000,0.006995712120819295,1,0
58029.0,156000,0.006995712120819295,1,0
58029.0,157000,0.006995712120819295,1,0
58029.0,158000,0.006995712120819295,1,0
58029.0,159000,0.006995712120819295,1,0
58029.0,160000,0.006995712120819295,1,0
58029.0,161000,0.006995712120819295,1,0
58029.0,162000,0.006995712120819295,1,0
58029.0,163000,0.006995712120819295,1,0
58029.0,164000,0.006995712120819295,1,0
58029.0,165000,0.006995712120819295,1,0
58029.0,166000,0.006995712120819295,1,0
58029.0,167000,0.006995712120819295,1,0
58029.0,168000,0.006995712120819295,1,0
58029.0,169000,0.006995712120819295,1,0
58029.0,170000,0.006995712120819295,1,0
58029.0,171000,0.006995712120819295,1,0
58029.0,172000,0.006995712120819295,1,0
58029.0,173000,0.006995712120819295,1,0
58029.0,174000,0.006995712120819295,1,0
58029.0,175000,0.006995712120819295,1,0
58029.0,176000,0.006995712120819295,1,0
58029.0,177000,0.006995712120819295,1,0
58029.0,178000,0.006995712120819295,1,0
58029.0,179000,0.006995712120819295,1,0
58029.0,180000,0.006995712120819295,1,0
58029.0,181000,0.006995712120819295,1,0
58029.0,182000,0.006995712120819295,1,0
58029.0,183000,0.006995712120819295,1,0
58029.0,184000,0.006995712120819295,1,0
58029.0,185000,0.006995712120819295,1,0
58029.0,186000,0.006995712120819295,1,0
58029.0,187000,0.006995712120819295,1,0
58029.0,188000,0.006995712120819295,1,0
58029.0,189000,0.006995712120819295,1,0
58029.0,190000,0.006995712120819295,1,0
58029.0,191000,0.006995712120819295,1,0
58029.0,192000,0.006995712120819295,1,0
58029.0,193000,0.006995712120819295,1,0
58029.0,194000,0.006995712120819295,1,0
58029.0,195000,0.006995712120819295,1,0
58029.0,196000,0.006995712120819295,1,0
58029.0,197000,0.006995712120819295,1,0
58029.0,198000,0.006995712120819295,1,0
58029.0,199000,0.006995712120819295,1,0
58029.0,200000,0.006995712120819295,1,0
58029.0,201000,0.006995712120819295,1,0
58029.0,202000,0.006995712120819295,1,0
58029.0,203000,0.006995712120819295,1,0
58029.0,204000,0.006995712120819295,1,0
58029.0,205000,0.006995712120819295,1,0
58029.0,206000,0.006995712120819295,1,0
58029.0,207000,0.006995712120819295,1,0
58029.0,208000,0.006995712120819295,1,0
58029.0,209000,0.006995712120819295,1,0
58029.0,210000,0.006995712120819295,1,0
58029.0,211000,0.006995712120819295,1,0
58029.0,212000,0.006995712120819295,1,0
58029.0,213000,0.006995712120819295,1,0
58029.0,214000,0.006995712120819295,1,0
58029.0,215000,0.006995712120819295,1,0
58029.0,216000,0.006995712120819295,1,0
58029.0,217000,0.006995712120819295,1,0
58029.0,218000,0.006995712120819295,1,0
58029.0,219000,0.006995712120819295,1,0
58029.0,220000,0.006995712120819295,1,0
58029.0,221000,0.0024433373942499828,1,0
58293.0,13000,0.006497593100424955,1,0
58293.0,14000,0.015425964235246526,1,0
58293.0,15000,0.015425964235246526,1,0
58293.0,16000,0.015425964235246526,1,0
58293.0,17000,0.015425964235246526,1,0
58293.0,18000,0.015425964235246526,1,0
58293.0,19000,0.015425964235246526,1,0
58293.0,20000,0.015425964235246526,1,0
58293.0,21000,0.015425964235246526,1,0
58293.0,22000,0.015425964235246526,1,0
58293.0,23000,0.015425964235246526,1,0
58293.0,24000,0.015425964235246526,1,0
58293.0,25000,0.015425964235246526,1,0
58293.0,26000,0.015425964235246526,1,0
58293.0,27000,0.015425964235246526,1,0
58293.0,28000,0.015425964235246526,1,0
58293.0,29000,0.015425964235246526,1,0
58293.0,30000,0.015425964235246526,1,0
58293.0,31000,0.015425964235246526,1,0
58293.0,32000,0.015425964235246526,1,0
58293.0,33000,0.015425964235246526,1,0
58293.0,34000,0.015425964235246526,1,0
58293.0,35000,0.015425964235246526,1,0
58293.0,36000,0.015425964235246526,1,0
58293.0,37000,0.015425964235246526,1,0
58293.0,38000,0.015425964235246526,1,0
58293.0,39000,0.015425964235246526,1,0
58293.0,40000,0.015425964235246526,1,0
58293.0,41000,0.015425964235246526,1,0
58293.0,42000,0.015425964235246526,1,0
58293.0,43000,0.015425964235246526,1,0
58293.0,44000,0.015425964235246526,1,0
58293.0,45000,0.015425964235246526,1,0
58293.0,46000,0.015425964235246526,1,0
58293.0,47000,0.015425964235246526,1,0
58293.0,48000,0.015425964235246526,1,0
58293.0,49000,0.015425964235246526,1,0
58293.0,50000,0.015425964235246526,1,0
58293.0,51000,0.015425964235246526,1,0
58293.0,52000,0.015425964235246526,1,0
58293.0,53000,0.015425964235246526,1,0
58293.0,54000,0.015425964235246526,1,0
58293.0,55000,0.015425964235246526,1,0
58293.0,56000,0.015425964235246526,1,0
58293.0,57000,0.015425964235246526,1,0
58293.0,58000,0.015425964235246526,1,0
58293.0,59000,0.015425964235246526,1,0
58293.0,60000,0.015425964235246526,1,0
58293.0,61000,0.015425964235246526,1,0
58293.0,62000,0.015425964235246526,1,0
58293.0,63000,0.015425964235246526,1,0
58293.0,64000,0.015425964235246526,1,0
58293.0,65000,0.015425964235246526,1,0
58293.0,66000,0.015425964235246526,1,0
58293.0,67000,0.015425964235246526,1,0
58293.0,68000,0.015425964235246526,1,0
58293.0,69000,0.015425964235246526,1,0
58293.0,70000,0.015425964235246526,1,0
58293.0,71000,0.015425964235246526,1,0
58293.0,72000,0.015425964235246526,1,0
58293.0,73000,0.015425964235246526,1,0
58293.0,74000,0.015425964235246526,1,0
58293.0,75000,0.015425964235246526,1,0
58293.0,76000,0.015425964235246526,1,0
58293.0,77000,0.015425964235246526,1,0
58293.0,78000,0.0062406958437974365,1,0
58688.0,14000,0.0014887885547668117,1,0
58688.0,15000,0.002681924046721577,1,0
58688.0,16000,0.002681924046721577,1,0
58688.0,17000,0.002681924046721577,1,0
58688.0,18000,0.002681924046721577,1,0
58688.0,19000,0.002681924046721577,1,0
58688.0,20000,0.002681924046721577,1,0
58688.0,21000,0.002681924046721577,1,0
58688.0,22000,0.002681924046721577,1,0
58688.0,23000,0.002681924046721577,1,0
58688.0,24000,0.002681924046721577,1,0
58688.0,25000,0.002681924046721577,1,0
58688.0,26000,0.002681924046721577,1,0
58688.0,27000,0.002681924046721577,1,0
58688.0,28000,0.002681924046721577,1,0
58688.0,29000,0.002681924046721577,1,0
58688.0,30000,0.002681924046721577,1,0
58688.0,31000,0.002681924046721577,1,0
58688.0,32000,0.002681924046721577,1,0
58688.0,33000,0.002681924046721577,1,0
58688.0,34000,0.002681924046721577,1,0
58688.0,35000,0.002681924046721577,1,0
58688.0,36000,0.002681924046721577,1,0
58688.0,37000,0.002681924046721577,1,0
58688.0,38000,0.002681924046721577,1,0
58688.0,39000,0.002681924046721577,1,0
58688.0,40000,0.002681924046721577,1,0
58688.0,41000,0.002681924046721577,1,0
58688.0,42000,0.002681924046721577,1,0
58688.0,43000,0.002681924046721577,1,0
58688.0,44000,0.002681924046721577,1,0
58688.0,45000,0.002681924046721577,1,0
58688.0,46000,0.002681924046721577,1,0
58688.0,47000,0.002681924046721577,1,0
58688.0,48000,0.002681924046721577,1,0
58688.0,49000,0.002681924046721577,1,0
58688.0,50000,0.002681924046721577,1,0
58688.0,51000,0.002681924046721577,1,0
58688.0,52000,0.002681924046721577,1,0
58688.0,53000,0.002681924046721577,1,0
58688.0,54000,0.002681924046721577,1,0
58688.0,55000,0.002681924046721577,1,0
58688.0,56000,0.002681924046721577,1,0
58688.0,57000,0.002681924046721577,1,0
58688.0,58000,0.002681924046721577,1,0
58688.0,59000,0.002681924046721577,1,0
58688.0,60000,0.002681924046721577,1,0
58688.0,61000,0.002681924046721577,1,0
58688.0,62000,0.002681924046721577,1,0
58688.0,63000,0.002681924046721577,1,0
58688.0,64000,0.002681924046721577,1,0
58688.0,65000,0.002681924046721577,1,0
58688.0,66000,0.002681924046721577,1,0
58688.0,67000,0.002681924046721577,1,0
58688.0,68000,0.002681924046721577,1,0
58688.0,69000,0.002681924046721577,1,0
58688.0,70000,0.002681924046721577,1,0
58688.0,71000,0.002681924046721577,1,0
58688.0,72000,0.002681924046721577,1,0
58688.0,73000,0.002681924046721577,1,0
58688.0,74000,0.002681924046721577,1,0
58688.0,75000,0.002681924046721577,1,0
58688.0,76000,0.002681924046721577,1,0
58688.0,77000,0.002681924046721577,1,0
58688.0,78000,0.002681924046721577,1,0
58688.0,79000,0.002681924046721577,1,0
58688.0,80000,0.002681924046721577,1,0
58688.0,81000,0.002681924046721577,1,0
58688.0,82000,0.002681924046721577,1,0
58688.0,83000,0.002681924046721577,1,0
58688.0,84000,0.002681924046721577,1,0
58688.0,85000,0.002681924046721577,1,0
58688.0,86000,0.002681924046721577,1,0
58688.0,87000,0.002681924046721577,1,0
58688.0,88000,0.002681924046721577,1,0
58688.0,89000,0.002681924046721577,1,0
58688.0,90000,0.002681924046721577,1,0
58688.0,91000,0.002681924046721577,1,0
58688.0,92000,0.002681924046721577,1,0
58688.0,93000,0.002681924046721577,1,0
58688.0,94000,0.002681924046721577,1,0
58688.0,95000,0.002681924046721577,1,0
58688.0,96000,0.002681924046721577,1,0
58688.0,97000,0.002681924046721577,1,0
58688.0,98000,0.002681924046721577,1,0
58688.0,99000,0.002681924046721577,1,0
58688.0,100000,0.002681924046721577,1,0
58688.0,101000,0.002681924046721577,1,0
58688.0,102000,0.002681924046721577,1,0
58688.0,103000,0.002681924046721577,1,0
58688.0,104000,0.002681924046721577,1,0
58688.0,105000,0.002681924046721577,1,0
58688.0,106000,0.002681924046721577,1,0
58688.0,107000,0.002681924046721577,1,0
58688.0,108000,0.002681924046721577,1,0
58688.0,109000,0.002681924046721577,1,0
58688.0,110000,0.002681924046721577,1,0
58688.0,111000,0.002681924046721577,1,0
58688.0,112000,0.002681924046721577,1,0
58688.0,113000,0.002681924046721577,1,0
58688.0,114000,0.002681924046721577,1,0
58688.0,115000,0.002681924046721577,1,0
58688.0,116000,0.002681924046721577,1,0
58688.0,117000,0.002681924046721577,1,0
58688.0,118000,0.002681924046721577,1,0
58688.0,119000,0.002681924046721577,1,0
58688.0,120000,0.002681924046721577,1,0
58688.0,121000,0.002681924046721577,1,0
58688.0,122000,0.002681924046721577,1,0
58688.0,123000,0.002681924046721577,1,0
58688.0,124000,0.002681924046721577,1,0
58688.0,125000,0.002681924046721577,1,0
58688.0,126000,0.002681924046721577,1,0
58688.0,127000,0.002681924046721577,1,0
58688.0,128000,0.002681924046721577,1,0
58688.0,129000,0.002681924046721577,1,0
58688.0,130000,0.002681924046721577,1,0
58688.0,131000,0.002681924046721577,1,0
58688.0,132000,0.002681924046721577,1,0
58688.0,133000,0.002681924046721577,1,0
58688.0,134000,0.002681924046721577,1,0
58688.0,135000,0.002681924046721577,1,0
58688.0,136000,0.002681924046721577,1,0
58688.0,137000,0.002681924046721577,1,0
58688.0,138000,0.002681924046721577,1,0
58688.0,139000,0.002681924046721577,1,0
58688.0,140000,0.002681924046721577,1,0
58688.0,141000,0.002681924046721577,1,0
58688.0,142000,0.002681924046721577,1,0
58688.0,143000,0.002681924046721577,1,0
58688.0,144000,0.002681924046721577,1,0
58688.0,145000,0.002681924046721577,1,0
58688.0,146000,0.002681924046721577,1,0
58688.0,147000,0.002681924046721577,1,0
58688.0,148000,0.002681924046721577,1,0
58688.0,149000,0.002681924046721577,1,0
58688.0,150000,0.002681924046721577,1,0
58688.0,151000,0.002681924046721577,1,0
58688.0,152000,0.002681924046721577,1,0
58688.0,153000,0.002681924046721577,1,0
58688.0,154000,0.002681924046721577,1,0
58688.0,155000,0.002681924046721577,1,0
58688.0,156000,0.002681924046721577,1,0
58688.0,157000,0.002681924046721577,1,0
58688.0,158000,0.002681924046721577,1,0
58688.0,159000,0.002681924046721577,1,0
58688.0,160000,0.002681924046721577,1,0
58688.0,161000,0.002681924046721577,1,0
58688.0,162000,0.002681924046721577,1,0
58688.0,163000,0.002681924046721577,1,0
58688.0,164000,0.002681924046721577,1,0
58688.0,165000,0.002681924046721577,1,0
58688.0,166000,0.002681924046721577,1,0
58688.0,167000,0.002681924046721577,1,0
58688.0,168000,0.002681924046721577,1,0
58688.0,169000,0.002681924046721577,1,0
58688.0,170000,0.002681924046721577,1,0
58688.0,171000,0.002681924046721577,1,0
58688.0,172000,0.002681924046721577,1,0
58688.0,173000,0.002681924046721577,1,0
58688.0,174000,0.002681924046721577,1,0
58688.0,175000,0.002681924046721577,1,0
58688.0,176000,0.002681924046721577,1,0
58688.0,177000,0.002681924046721577,1,0
58688.0,178000,0.002681924046721577,1,0
58688.0,179000,0.002681924046721577,1,0
58688.0,180000,0.002681924046721577,1,0
58688.0,181000,0.002681924046721577,1,0
58688.0,182000,0.002681924046721577,1,0
58688.0,183000,0.002681924046721577,1,0
58688.0,184000,0.002681924046721577,1,0
58688.0,185000,0.002681924046721577,1,0
58688.0,186000,0.002681924046721577,1,0
58688.0,187000,0.002681924046721577,1,0
58688.0,188000,0.002681924046721577,1,0
58688.0,189000,0.002681924046721577,1,0
58688.0,190000,0.002681924046721577,1,0
58688.0,191000,0.002681924046721577,1,0
58688.0,192000,0.002681924046721577,1,0
58688.0,193000,0.002681924046721577,1,0
58688.0,194000,0.002681924046721577,1,0
58688.0,195000,0.002681924046721577,1,0
58688.0,196000,0.002681924046721577,1,0
58688.0,197000,0.002681924046721577,1,0
58688.0,198000,0.002681924046721577,1,0
58688.0,199000,0.002681924046721577,1,0
58688.0,200000,0.002681924046721577,1,0
58688.0,201000,0.002681924046721577,1,0
58688.0,202000,0.002681924046721577,1,0
58688.0,203000,0.002681924046721577,1,0
58688.0,204000,0.002681924046721577,1,0
58688.0,205000,0.002681924046721577,1,0
58688.0,206000,0.002681924046721577,1,0
58688.0,207000,0.002681924046721577,1,0
58688.0,208000,0.002681924046721577,1,0
58688.0,209000,0.002681924046721577,1,0
58688.0,210000,0.002681924046721577,1,0
58688.0,211000,0.002681924046721577,1,0
58688.0,212000,0.002681924046721577,1,0
58688.0,213000,0.002681924046721577,1,0
58688.0,214000,0.002681924046721577,1,0
58688.0,215000,0.002681924046721577,1,0
58688.0,216000,0.002681924046721577,1,0
58688.0,217000,0.002681924046721577,1,0
58688.0,218000,0.002681924046721577,1,0
58688.0,219000,0.002681924046721577,1,0
58688.0,220000,0.002681924046721577,1,0
58688.0,221000,0.002681924046721577,1,0
58688.0,222000,0.002681924046721577,1,0
58688.0,223000,0.002681924046721577,1,0
58688.0,224000,0.002681924046721577,1,0
58688.0,225000,0.002681924046721577,1,0
58688.0,226000,0.002681924046721577,1,0
58688.0,227000,0.002681924046721577,1,0
58688.0,228000,0.002681924046721577,1,0
58688.0,229000,0.002681924046721577,1,0
58688.0,230000,0.002681924046721577,1,0
58688.0,231000,0.002681924046721577,1,0
58688.0,232000,0.002681924046721577,1,0
58688.0,233000,0.002681924046721577,1,0
58688.0,234000,0.002681924046721577,1,0
58688.0,235000,0.002681924046721577,1,0
58688.0,236000,0.002681924046721577,1,0
58688.0,237000,0.002681924046721577,1,0
58688.0,238000,0.002681924046721577,1,0
58688.0,239000,0.002681924046721577,1,0
58688.0,240000,0.002681924046721577,1,0
58688.0,241000,0.002681924046721577,1,0
58688.0,242000,0.002681924046721577,1,0
58688.0,243000,0.002681924046721577,1,0
58688.0,244000,0.002681924046721577,1,0
58688.0,245000,0.002681924046721577,1,0
58688.0,246000,0.002681924046721577,1,0
58688.0,247000,0.002681924046721577,1,0
58688.0,248000,0.002681924046721577,1,0
58688.0,249000,0.002681924046721577,1,0
58688.0,250000,0.002681924046721577,1,0
58688.0,251000,0.002681924046721577,1,0
58688.0,252000,0.002681924046721577,1,0
58688.0,253000,0.002681924046721577,1,0
58688.0,254000,0.002681924046721577,1,0
58688.0,255000,0.002681924046721577,1,0
58688.0,256000,0.002681924046721577,1,0
58688.0,257000,0.002681924046721577,1,0
58688.0,258000,0.002681924046721577,1,0
58688.0,259000,0.002681924046721577,1,0
58688.0,260000,0.002681924046721577,1,0
58688.0,261000,0.002681924046721577,1,0
58688.0,262000,0.002681924046721577,1,0
58688.0,263000,0.002681924046721577,1,0
58688.0,264000,0.002681924046721577,1,0
58688.0,265000,0.002681924046721577,1,0
58688.0,266000,0.002681924046721577,1,0
58688.0,267000,0.002681924046721577,1,0
58688.0,268000,0.002681924046721577,1,0
58688.0,269000,0.002681924046721577,1,0
58688.0,270000,0.002681924046721577,1,0
58688.0,271000,0.002681924046721577,1,0
58688.0,272000,0.002681924046721577,1,0
58688.0,273000,0.002681924046721577,1,0
58688.0,274000,0.002681924046721577,1,0
58688.0,275000,0.002681924046721577,1,0
58688.0,276000,0.002681924046721577,1,0
58688.0,277000,0.002681924046721577,1,0
58688.0,278000,0.002681924046721577,1,0
58688.0,279000,0.002681924046721577,1,0
58688.0,280000,0.002681924046721577,1,0
58688.0,281000,0.002681924046721577,1,0
58688.0,282000,0.002681924046721577,1,0
58688.0,283000,0.002681924046721577,1,0
58688.0,284000,0.002681924046721577,1,0
58688.0,285000,0.002681924046721577,1,0
58688.0,286000,0.002681924046721577,1,0
58688.0,287000,0.002681924046721577,1,0
58688.0,288000,0.002681924046721577,1,0
58688.0,289000,0.002681924046721577,1,0
58688.0,290000,0.002681924046721577,1,0
58688.0,291000,0.002681924046721577,1,0
58688.0,292000,0.002681924046721577,1,0
58688.0,293000,0.002681924046721577,1,0
58688.0,294000,0.002681924046721577,1,0
58688.0,295000,0.002681924046721577,1,0
58688.0,296000,0.002681924046721577,1,0
58688.0,297000,0.002681924046721577,1,0
58688.0,298000,0.002681924046721577,1,0
58688.0,299000,0.002681924046721577,1,0
58688.0,300000,0.002681924046721577,1,0
58688.0,301000,0.002681924046721577,1,0
58688.0,302000,0.002681924046721577,1,0
58688.0,303000,0.002681924046721577,1,0
58688.0,304000,0.002681924046721577,1,0
58688.0,305000,0.002681924046721577,1,0
58688.0,306000,0.002681924046721577,1,0
58688.0,307000,0.002681924046721577,1,0
58688.0,308000,0.002681924046721577,1,0
58688.0,309000,0.002681924046721577,1,0
58688.0,310000,0.002681924046721577,1,0
58688.0,311000,0.002681924046721577,1,0
58688.0,312000,0.002681924046721577,1,0
58688.0,313000,0.002681924046721577,1,0
58688.0,314000,0.002681924046721577,1,0
58688.0,315000,0.002681924046721577,1,0
58688.0,316000,0.002681924046721577,1,0
58688.0,317000,0.002681924046721577,1,0
58688.0,318000,0.002681924046721577,1,0
58688.0,319000,0.002681924046721577,1,0
58688.0,320000,0.002681924046721577,1,0
58688.0,321000,0.002681924046721577,1,0
58688.0,322000,0.002681924046721577,1,0
58688.0,323000,0.002681924046721577,1,0
58688.0,324000,0.002681924046721577,1,0
58688.0,325000,0.002681924046721577,1,0
58688.0,326000,0.002681924046721577,1,0
58688.0,327000,0.002681924046721577,1,0
58688.0,328000,0.002681924046721577,1,0
58688.0,329000,0.002681924046721577,1,0
58688.0,330000,0.002681924046721577,1,0
58688.0,331000,0.002681924046721577,1,0
58688.0,332000,0.002681924046721577,1,0
58688.0,333000,0.002681924046721577,1,0
58688.0,334000,0.002681924046721577,1,0
58688.0,335000,0.002681924046721577,1,0
58688.0,336000,0.002681924046721577,1,0
58688.0,337000,0.002681924046721577,1,0
58688.0,338000,0.002681924046721577,1,0
58688.0,339000,0.002681924046721577,1,0
58688.0,340000,0.002681924046721577,1,0
58688.0,341000,0.002681924046721577,1,0
58688.0,342000,0.002681924046721577,1,0
58688.0,343000,0.002681924046721577,1,0
58688.0,344000,0.002681924046721577,1,0
58688.0,345000,0.002681924046721577,1,0
58688.0,346000,0.002681924046721577,1,0
58688.0,347000,0.002681924046721577,1,0
58688.0,348000,0.002681924046721577,1,0
58688.0,349000,0.002681924046721577,1,0
58688.0,350000,0.002681924046721577,1,0
58688.0,351000,0.002681924046721577,1,0
58688.0,352000,0.002681924046721577,1,0
58688.0,353000,0.002681924046721577,1,0
58688.0,354000,0.002681924046721577,1,0
58688.0,355000,0.002681924046721577,1,0
58688.0,356000,0.002681924046721577,1,0
58688.0,357000,0.002681924046721577,1,0
58688.0,358000,0.002681924046721577,1,0
58688.0,359000,0.002681924046721577,1,0
58688.0,360000,0.002681924046721577,1,0
58688.0,361000,0.002681924046721577,1,0
58688.0,362000,0.002681924046721577,1,0
58688.0,363000,0.002681924046721577,1,0
58688.0,364000,0.002681924046721577,1,0
58688.0,365000,0.002681924046721577,1,0
58688.0,366000,0.002681924046721577,1,0
58688.0,367000,0.002681924046721577,1,0
58688.0,368000,0.002681924046721577,1,0
58688.0,369000,0.002681924046721577,1,0
58688.0,370000,0.002681924046721577,1,0
58688.0,371000,0.002681924046721577,1,0
58688.0,372000,0.002681924046721577,1,0
58688.0,373000,0.002681924046721577,1,0
58688.0,374000,0.002681924046721577,1,0
58688.0,375000,0.002681924046721577,1,0
58688.0,376000,0.002681924046721577,1,0
58688.0,377000,0.002681924046721577,1,0
58688.0,378000,0.002681924046721577,1,0
58688.0,379000,0.002681924046721577,1,0
58688.0,380000,0.002681924046721577,1,0
58688.0,381000,0.002681924046721577,1,0
58688.0,382000,0.002681924046721577,1,0
58688.0,383000,0.002681924046721577,1,0
58688.0,384000,0.002681924046721577,1,0
58688.0,385000,0.002681924046721577,1,0
58688.0,386000,0.002681924046721577,1,0
58688.0,387000,0.0008354660648064507,1,0
62705.0,5000,0.008365242586992446,1,0
62705.0,6000,0.01123168593866811,1,0
62705.0,7000,0.01123168593866811,1,0
62705.0,8000,0.01123168593866811,1,0
62705.0,9000,0.01123168593866811,1,0
62705.0,10000,0.01123168593866811,1,0
62705.0,11000,0.01123168593866811,1,0
62705.0,12000,0.01123168593866811,1,0
62705.0,13000,0.01123168593866811,1,0
62705.0,14000,0.01123168593866811,1,0
62705.0,15000,0.01123168593866811,1,0
62705.0,16000,0.01123168593866811,1,0
62705.0,17000,0.01123168593866811,1,0
62705.0,18000,0.01123168593866811,1,0
62705.0,19000,0.01123168593866811,1,0
62705.0,20000,0.01123168593866811,1,0
62705.0,21000,0.01123168593866811,1,0
62705.0,22000,0.01123168593866811,1,0
62705.0,23000,0.01123168593866811,1,0
62705.0,24000,0.01123168593866811,1,0
62705.0,25000,0.01123168593866811,1,0
62705.0,26000,0.01123168593866811,1,0
62705.0,27000,0.01123168593866811,1,0
62705.0,28000,0.01123168593866811,1,0
62705.0,29000,0.01123168593866811,1,0
62705.0,30000,0.01123168593866811,1,0
62705.0,31000,0.01123168593866811,1,0
62705.0,32000,0.01123168593866811,1,0
62705.0,33000,0.01123168593866811,1,0
62705.0,34000,0.01123168593866811,1,0
62705.0,35000,0.01123168593866811,1,0
62705.0,36000,0.01123168593866811,1,0
62705.0,37000,0.01123168593866811,1,0
62705.0,38000,0.01123168593866811,1,0
62705.0,39000,0.01123168593866811,1,0
62705.0,40000,0.01123168593866811,1,0
62705.0,41000,0.01123168593866811,1,0
62705.0,42000,0.01123168593866811,1,0
62705.0,43000,0.01123168593866811,1,0
62705.0,44000,0.01123168593866811,1,0
62705.0,45000,0.01123168593866811,1,0
62705.0,46000,0.01123168593866811,1,0
62705.0,47000,0.01123168593866811,1,0
62705.0,48000,0.01123168593866811,1,0
62705.0,49000,0.01123168593866811,1,0
62705.0,50000,0.01123168593866811,1,0
62705.0,51000,0.01123168593866811,1,0
62705.0,52000,0.01123168593866811,1,0
62705.0,53000,0.01123168593866811,1,0
62705.0,54000,0.01123168593866811,1,0
62705.0,55000,0.01123168593866811,1,0
62705.0,56000,0.01123168593866811,1,0
62705.0,57000,0.01123168593866811,1,0
62705.0,58000,0.01123168593866811,1,0
62705.0,59000,0.01123168593866811,1,0
62705.0,60000,0.01123168593866811,1,0
62705.0,61000,0.01123168593866811,1,0
62705.0,62000,0.01123168593866811,1,0
62705.0,63000,0.01123168593866811,1,0
62705.0,64000,0.01123168593866811,1,0
62705.0,65000,0.01123168593866811,1,0
62705.0,66000,0.01123168593866811,1,0
62705.0,67000,0.01123168593866811,1,0
62705.0,68000,0.01123168593866811,1,0
62705.0,69000,0.01123168593866811,1,0
62705.0,70000,0.01123168593866811,1,0
62705.0,71000,0.01123168593866811,1,0
62705.0,72000,0.01123168593866811,1,0
62705.0,73000,0.01123168593866811,1,0
62705.0,74000,0.01123168593866811,1,0
62705.0,75000,0.01123168593866811,1,0
62705.0,76000,0.01123168593866811,1,0
62705.0,77000,0.01123168593866811,1,0
62705.0,78000,0.01123168593866811,1,0
62705.0,79000,0.01123168593866811,1,0
62705.0,80000,0.01123168593866811,1,0
62705.0,81000,0.01123168593866811,1,0
62705.0,82000,0.01123168593866811,1,0
62705.0,83000,0.01123168593866811,1,0
62705.0,84000,0.01123168593866811,1,0
62705.0,85000,0.01123168593866811,1,0
62705.0,86000,0.01123168593866811,1,0
62705.0,87000,0.01123168593866811,1,0
62705.0,88000,0.01123168593866811,1,0
62705.0,89000,0.01123168593866811,1,0
62705.0,90000,0.01123168593866811,1,0
62705.0,91000,0.01123168593866811,1,0
62705.0,92000,0.01123168593866811,1,0
62705.0,93000,0.01123168593866811,1,0
62705.0,94000,0.003246394810213955,1,0
62818.0,11000,0.005339099335534893,1,0
62818.0,12000,0.011953307776840186,1,0
62818.0,13000,0.011953307776840186,1,0
62818.0,14000,0.011953307776840186,1,0
62818.0,15000,0.011953307776840186,1,0
62818.0,16000,0.011953307776840186,1,0
62818.0,17000,0.011953307776840186,1,0
62818.0,18000,0.011953307776840186,1,0
62818.0,19000,0.011953307776840186,1,0
62818.0,20000,0.011953307776840186,1,0
62818.0,21000,0.011953307776840186,1,0
62818.0,22000,0.011953307776840186,1,0
62818.0,23000,0.011953307776840186,1,0
62818.0,24000,0.011953307776840186,1,0
62818.0,25000,0.011953307776840186,1,0
62818.0,26000,0.011953307776840186,1,0
62818.0,27000,0.011953307776840186,1,0
62818.0,28000,0.011953307776840186,1,0
62818.0,29000,0.011953307776840186,1,0
62818.0,30000,0.011953307776840186,1,0
62818.0,31000,0.011953307776840186,1,0
62818.0,32000,0.011953307776840186,1,0
62818.0,33000,0.011953307776840186,1,0
62818.0,34000,0.011953307776840186,1,0
62818.0,35000,0.011953307776840186,1,0
62818.0,36000,0.011953307776840186,1,0
62818.0,37000,0.011953307776840186,1,0
62818.0,38000,0.011953307776840186,1,0
62818.0,39000,0.011953307776840186,1,0
62818.0,40000,0.011953307776840186,1,0
62818.0,41000,0.011953307776840186,1,0
62818.0,42000,0.011953307776840186,1,0
62818.0,43000,0.011953307776840186,1,0
62818.0,44000,0.011953307776840186,1,0
62818.0,45000,0.011953307776840186,1,0
62818.0,46000,0.011953307776840186,1,0
62818.0,47000,0.011953307776840186,1,0
62818.0,48000,0.011953307776840186,1,0
62818.0,49000,0.011953307776840186,1,0
62818.0,50000,0.011953307776840186,1,0
62818.0,51000,0.011953307776840186,1,0
62818.0,52000,0.011953307776840186,1,0
62818.0,53000,0.011953307776840186,1,0
62818.0,54000,0.011953307776840186,1,0
62818.0,55000,0.011953307776840186,1,0
62818.0,56000,0.011953307776840186,1,0
62818.0,57000,0.011953307776840186,1,0
62818.0,58000,0.011953307776840186,1,0
62818.0,59000,0.011953307776840186,1,0
62818.0,60000,0.011953307776840186,1,0
62818.0,61000,0.011953307776840186,1,0
62818.0,62000,0.011953307776840186,1,0
62818.0,63000,0.011953307776840186,1,0
62818.0,64000,0.011953307776840186,1,0
62818.0,65000,0.011953307776840186,1,0
62818.0,66000,0.011953307776840186,1,0
62818.0,67000,0.011953307776840186,1,0
62818.0,68000,0.011953307776840186,1,0
62818.0,69000,0.011953307776840186,1,0
62818.0,70000,0.011953307776840186,1,0
62818.0,71000,0.011953307776840186,1,0
62818.0,72000,0.011953307776840186,1,0
62818.0,73000,0.011953307776840186,1,0
62818.0,74000,0.011953307776840186,1,0
62818.0,75000,0.011953307776840186,1,0
62818.0,76000,0.011953307776840186,1,0
62818.0,77000,0.011953307776840186,1,0
62818.0,78000,0.011953307776840186,1,0
62818.0,79000,0.011953307776840186,1,0
62818.0,80000,0.011953307776840186,1,0
62818.0,81000,0.011953307776840186,1,0
62818.0,82000,0.011953307776840186,1,0
62818.0,83000,0.011953307776840186,1,0
62818.0,84000,0.011953307776840186,1,0
62818.0,85000,0.011953307776840186,1,0
62818.0,86000,0.011953307776840186,1,0
62818.0,87000,0.011953307776840186,1,0
62818.0,88000,0.011953307776840186,1,0
62818.0,89000,0.011953307776840186,1,0
62818.0,90000,0.011953307776840186,1,0
62818.0,91000,0.011953307776840186,1,0
62818.0,92000,0.011953307776840186,1,0
62818.0,93000,0.011953307776840186,1,0
62818.0,94000,0.011953307776840186,1,0
62818.0,95000,0.0025363551867297646,1,0
63005.0,1000,0.015524693182709551,1,0
63005.0,2000,0.08333201422928137,1,0
63005.0,3000,0.08333201422928137,1,0
63005.0,4000,0.08333201422928137,1,0
63005.0,5000,0.08333201422928137,1,0
63005.0,6000,0.08333201422928137,1,0
63005.0,7000,0.08333201422928137,1,0
63005.0,8000,0.08333201422928137,1,0
63005.0,9000,0.08333201422928137,1,0
63005.0,10000,0.08333201422928137,1,0
63005.0,11000,0.08333201422928137,1,0
63005.0,12000,0.08333201422928137,1,0
63005.0,13000,0.06782315029519545,1,0
63473.0,24000,0.01901198645415921,1,0
63473.0,25000,0.05757987376751517,1,0
63473.0,26000,0.05757987376751517,1,0
63473.0,27000,0.05757987376751517,1,0
63473.0,28000,0.05757987376751517,1,0
63473.0,29000,0.05757987376751517,1,0
63473.0,30000,0.05757987376751517,1,0
63473.0,31000,0.05757987376751517,1,0
63473.0,32000,0.05757987376751517,1,0
63473.0,33000,0.05757987376751517,1,0
63473.0,34000,0.05757987376751517,1,0
63473.0,35000,0.05757987376751517,1,0
63473.0,36000,0.05757987376751517,1,0
63473.0,37000,0.05757987376751517,1,0
63473.0,38000,0.05757987376751517,1,0
63473.0,39000,0.05757987376751517,1,0
63473.0,40000,0.05757987376751517,1,0
63473.0,41000,0.05757987376751517,1,0
63473.0,42000,0.0021301594980828766,1,0
64913.0,0,0.07585707371518917,1,0
64913.0,1000,0.15171414743037834,1,0
64913.0,2000,0.15171414743037834,1,0
64913.0,3000,0.15171414743037834,1,0
64913.0,4000,0.15171414743037834,1,0
64913.0,5000,0.15171414743037834,1,0
64913.0,6000,0.15171414743037834,1,0
64913.0,7000,0.013858041702540878,1,0
65036.0,7000,0.20364368433380234,1,0
65036.0,8000,0.22411504942174731,1,0
65036.0,9000,0.22411504942174731,1,0
65036.0,10000,0.22411504942174731,1,0
65036.0,11000,0.1240111674009557,1,0
65301.0,0,0.07585707371518917,1,0
65301.0,1000,0.15171414743037834,1,0
65301.0,2000,0.15171414743037834,1,0
65301.0,3000,0.15171414743037834,1,0
65301.0,4000,0.15171414743037834,1,0
65301.0,5000,0.15171414743037834,1,0
65301.0,6000,0.15171414743037834,1,0
65301.0,7000,0.013858041702540878,1,0
65542.0,45000,0.00365549130176893,1,0
65542.0,46000,0.03296856135032019,1,0
65542.0,47000,0.03296856135032019,1,0
65542.0,48000,0.03296856135032019,1,0
65542.0,49000,0.03296856135032019,1,0
65542.0,50000,0.03296856135032019,1,0
65542.0,51000,0.03296856135032019,1,0
65542.0,52000,0.03296856135032019,1,0
65542.0,53000,0.03296856135032019,1,0
65542.0,54000,0.03296856135032019,1,0
65542.0,55000,0.03296856135032019,1,0
65542.0,56000,0.03296856135032019,1,0
65542.0,57000,0.03296856135032019,1,0
65542.0,58000,0.03296856135032019,1,0
65542.0,59000,0.03296856135032019,1,0
65542.0,60000,0.03296856135032019,1,0
65542.0,61000,0.03296856135032019,1,0
65542.0,62000,0.03296856135032019,1,0
65542.0,63000,0.03296856135032019,1,0
65542.0,64000,0.03296856135032019,1,0
65542.0,65000,0.03296856135032019,1,0
65542.0,66000,0.03296856135032019,1,0
65542.0,67000,0.03296856135032019,1,0
65542.0,68000,0.03296856135032019,1,0
65542.0,69000,0.03296856135032019,1,0
65542.0,70000,0.03296856135032019,1,0
65542.0,71000,0.03296856135032019,1,0
65542.0,72000,0.03296856135032019,1,0
65542.0,73000,0.03296856135032019,1,0
65542.0,74000,0.03296856135032019,1,0
65542.0,75000,0.03296856135032019,1,0
65542.0,76000,0.00728766818862538,1,0
66869.0,14000,0.005044366101573872,1,0
66869.0,15000,0.032210550917640954,1,0
66869.0,16000,0.032210550917640954,1,0
66869.0,17000,0.032210550917640954,1,0
66869.0,18000,0.032210550917640954,1,0
66869.0,19000,0.032210550917640954,1,0
66869.0,20000,0.032210550917640954,1,0
66869.0,21000,0.032210550917640954,1,0
66869.0,22000,0.032210550917640954,1,0
66869.0,23000,0.032210550917640954,1,0
66869.0,24000,0.032210550917640954,1,0
66869.0,25000,0.032210550917640954,1,0
66869.0,26000,0.032210550917640954,1,0
66869.0,27000,0.032210550917640954,1,0
66869.0,28000,0.032210550917640954,1,0
66869.0,29000,0.032210550917640954,1,0
66869.0,30000,0.032210550917640954,1,0
66869.0,31000,0.032210550917640954,1,0
66869.0,32000,0.032210550917640954,1,0
66869.0,33000,0.032210550917640954,1,0
66869.0,34000,0.032210550917640954,1,0
66869.0,35000,0.032210550917640954,1,0
66869.0,36000,0.032210550917640954,1,0
66869.0,37000,0.032210550917640954,1,0
66869.0,38000,0.032210550917640954,1,0
66869.0,39000,0.032210550917640954,1,0
66869.0,40000,0.032210550917640954,1,0
66869.0,41000,0.032210550917640954,1,0
66869.0,42000,0.032210550917640954,1,0
66869.0,43000,0.032210550917640954,1,0
66869.0,44000,0.032210550917640954,1,0
66869.0,45000,0.028639106369197583,1,0
67017.0,42000,0.014445567408520642,1,0
67017.0,43000,0.015000509179202048,1,0
67017.0,44000,0.015000509179202048,1,0
67017.0,45000,0.015000509179202048,1,0
67017.0,46000,0.015000509179202048,1,0
67017.0,47000,0.015000509179202048,1,0
67017.0,48000,0.015000509179202048,1,0
67017.0,49000,0.015000509179202048,1,0
67017.0,50000,0.015000509179202048,1,0
67017.0,51000,0.015000509179202048,1,0
67017.0,52000,0.015000509179202048,1,0
67017.0,53000,0.015000509179202048,1,0
67017.0,54000,0.015000509179202048,1,0
67017.0,55000,0.015000509179202048,1,0
67017.0,56000,0.015000509179202048,1,0
67017.0,57000,0.015000509179202048,1,0
67017.0,58000,0.015000509179202048,1,0
67017.0,59000,0.015000509179202048,1,0
67017.0,60000,0.015000509179202048,1,0
67017.0,61000,0.015000509179202048,1,0
67017.0,62000,0.015000509179202048,1,0
67017.0,63000,0.015000509179202048,1,0
67017.0,64000,0.015000509179202048,1,0
67017.0,65000,0.015000509179202048,1,0
67017.0,66000,0.015000509179202048,1,0
67017.0,67000,0.015000509179202048,1,0
67017.0,68000,0.015000509179202048,1,0
67017.0,69000,0.015000509179202048,1,0
67017.0,70000,0.015000509179202048,1,0
67017.0,71000,0.015000509179202048,1,0
67017.0,72000,0.015000509179202048,1,0
67017.0,73000,0.015000509179202048,1,0
67017.0,74000,0.015000509179202048,1,0
67017.0,75000,0.015000509179202048,1,0
67017.0,76000,0.015000509179202048,1,0
67017.0,77000,0.015000509179202048,1,0
67017.0,78000,0.015000509179202048,1,0
67017.0,79000,0.015000509179202048,1,0
67017.0,80000,0.015000509179202048,1,0
67017.0,81000,0.015000509179202048,1,0
67017.0,82000,0.015000509179202048,1,0
67017.0,83000,0.015000509179202048,1,0
67017.0,84000,0.015000509179202048,1,0
67017.0,85000,0.015000509179202048,1,0
67017.0,86000,0.015000509179202048,1,0
67017.0,87000,0.015000509179202048,1,0
67017.0,88000,0.015000509179202048,1,0
67017.0,89000,0.015000509179202048,1,0
67017.0,90000,0.015000509179202048,1,0
67017.0,91000,0.015000509179202048,1,0
67017.0,92000,0.015000509179202048,1,0
67017.0,93000,0.015000509179202048,1,0
67017.0,94000,0.015000509179202048,1,0
67017.0,95000,0.015000509179202048,1,0
67017.0,96000,0.015000509179202048,1,0
67017.0,97000,0.015000509179202048,1,0
67017.0,98000,0.015000509179202048,1,0
67017.0,99000,0.015000509179202048,1,0
67017.0,100000,0.015000509179202048,1,0
67017.0,101000,0.015000509179202048,1,0
67017.0,102000,0.015000509179202048,1,0
67017.0,103000,0.015000509179202048,1,0
67017.0,104000,0.015000509179202048,1,0
67017.0,105000,0.015000509179202048,1,0
67017.0,106000,0.015000509179202048,1,0
67017.0,107000,0.015000509179202048,1,0
67017.0,108000,0.010521335943346283,1,0
68123.0,17000,0.0013308496219667813,1,0
68123.0,18000,0.0058634323869455685,1,0
68123.0,19000,0.0058634323869455685,1,0
68123.0,20000,0.0058634323869455685,1,0
68123.0,21000,0.0058634323869455685,1,0
68123.0,22000,0.0058634323869455685,1,0
68123.0,23000,0.0058634323869455685,1,0
68123.0,24000,0.0058634323869455685,1,0
68123.0,25000,0.0058634323869455685,1,0
68123.0,26000,0.0058634323869455685,1,0
68123.0,27000,0.0058634323869455685,1,0
68123.0,28000,0.0058634323869455685,1,0
68123.0,29000,0.0058634323869455685,1,0
68123.0,30000,0.0058634323869455685,1,0
68123.0,31000,0.0058634323869455685,1,0
68123.0,32000,0.0058634323869455685,1,0
68123.0,33000,0.0058634323869455685,1,0
68123.0,34000,0.0058634323869455685,1,0
68123.0,35000,0.0058634323869455685,1,0
68123.0,36000,0.0058634323869455685,1,0
68123.0,37000,0.0058634323869455685,1,0
68123.0,38000,0.0058634323869455685,1,0
68123.0,39000,0.0058634323869455685,1,0
68123.0,40000,0.0058634323869455685,1,0
68123.0,41000,0.0058634323869455685,1,0
68123.0,42000,0.0058634323869455685,1,0
68123.0,43000,0.0058634323869455685,1,0
68123.0,44000,0.0058634323869455685,1,0
68123.0,45000,0.0058634323869455685,1,0
68123.0,46000,0.0058634323869455685,1,0
68123.0,47000,0.0058634323869455685,1,0
68123.0,48000,0.0058634323869455685,1,0
68123.0,49000,0.0058634323869455685,1,0
68123.0,50000,0.0058634323869455685,1,0
68123.0,51000,0.0058634323869455685,1,0
68123.0,52000,0.0058634323869455685,1,0
68123.0,53000,0.0058634323869455685,1,0
68123.0,54000,0.0058634323869455685,1,0
68123.0,55000,0.0058634323869455685,1,0
68123.0,56000,0.0058634323869455685,1,0
68123.0,57000,0.0058634323869455685,1,0
68123.0,58000,0.0058634323869455685,1,0
68123.0,59000,0.0058634323869455685,1,0
68123.0,60000,0.0058634323869455685,1,0
68123.0,61000,0.0058634323869455685,1,0
68123.0,62000,0.0058634323869455685,1,0
68123.0,63000,0.0058634323869455685,1,0
68123.0,64000,0.0058634323869455685,1,0
68123.0,65000,0.0058634323869455685,1,0
68123.0,66000,0.0058634323869455685,1,0
68123.0,67000,0.0058634323869455685,1,0
68123.0,68000,0.0058634323869455685,1,0
68123.0,69000,0.0058634323869455685,1,0
68123.0,70000,0.0058634323869455685,1,0
68123.0,71000,0.0058634323869455685,1,0
68123.0,72000,0.0058634323869455685,1,0
68123.0,73000,0.0058634323869455685,1,0
68123.0,74000,0.0058634323869455685,1,0
68123.0,75000,0.0058634323869455685,1,0
68123.0,76000,0.0058634323869455685,1,0
68123.0,77000,0.0058634323869455685,1,0
68123.0,78000,0.0058634323869455685,1,0
68123.0,79000,0.0058634323869455685,1,0
68123.0,80000,0.0058634323869455685,1,0
68123.0,81000,0.0058634323869455685,1,0
68123.0,82000,0.0058634323869455685,1,0
68123.0,83000,0.0058634323869455685,1,0
68123.0,84000,0.0058634323869455685,1,0
68123.0,85000,0.0058634323869455685,1,0
68123.0,86000,0.0058634323869455685,1,0
68123.0,87000,0.0058634323869455685,1,0
68123.0,88000,0.0058634323869455685,1,0
68123.0,89000,0.0058634323869455685,1,0
68123.0,90000,0.0058634323869455685,1,0
68123.0,91000,0.0058634323869455685,1,0
68123.0,92000,0.0058634323869455685,1,0
68123.0,93000,0.0058634323869455685,1,0
68123.0,94000,0.0058634323869455685,1,0
68123.0,95000,0.0058634323869455685,1,0
68123.0,96000,0.0058634323869455685,1,0
68123.0,97000,0.0058634323869455685,1,0
68123.0,98000,0.0058634323869455685,1,0
68123.0,99000,0.0058634323869455685,1,0
68123.0,100000,0.0058634323869455685,1,0
68123.0,101000,0.0058634323869455685,1,0
68123.0,102000,0.0058634323869455685,1,0
68123.0,103000,0.0058634323869455685,1,0
68123.0,104000,0.0058634323869455685,1,0
68123.0,105000,0.0058634323869455685,1,0
68123.0,106000,0.0058634323869455685,1,0
68123.0,107000,0.0058634323869455685,1,0
68123.0,108000,0.0058634323869455685,1,0
68123.0,109000,0.0058634323869455685,1,0
68123.0,110000,0.0058634323869455685,1,0
68123.0,111000,0.0058634323869455685,1,0
68123.0,112000,0.0058634323869455685,1,0
68123.0,113000,0.0058634323869455685,1,0
68123.0,114000,0.0058634323869455685,1,0
68123.0,115000,0.0058634323869455685,1,0
68123.0,116000,0.0058634323869455685,1,0
68123.0,117000,0.0058634323869455685,1,0
68123.0,118000,0.0058634323869455685,1,0
68123.0,119000,0.0058634323869455685,1,0
68123.0,120000,0.0058634323869455685,1,0
68123.0,121000,0.0058634323869455685,1,0
68123.0,122000,0.0058634323869455685,1,0
68123.0,123000,0.0058634323869455685,1,0
68123.0,124000,0.0058634323869455685,1,0
68123.0,125000,0.0058634323869455685,1,0
68123.0,126000,0.0058634323869455685,1,0
68123.0,127000,0.0058634323869455685,1,0
68123.0,128000,0.0058634323869455685,1,0
68123.0,129000,0.0058634323869455685,1,0
68123.0,130000,0.0058634323869455685,1,0
68123.0,131000,0.0058634323869455685,1,0
68123.0,132000,0.0058634323869455685,1,0
68123.0,133000,0.0058634323869455685,1,0
68123.0,134000,0.0058634323869455685,1,0
68123.0,135000,0.0058634323869455685,1,0
68123.0,136000,0.0058634323869455685,1,0
68123.0,137000,0.0058634323869455685,1,0
68123.0,138000,0.0058634323869455685,1,0
68123.0,139000,0.0058634323869455685,1,0
68123.0,140000,0.0058634323869455685,1,0
68123.0,141000,0.0058634323869455685,1,0
68123.0,142000,0.0058634323869455685,1,0
68123.0,143000,0.0058634323869455685,1,0
68123.0,144000,0.0058634323869455685,1,0
68123.0,145000,0.0058634323869455685,1,0
68123.0,146000,0.0058634323869455685,1,0
68123.0,147000,0.0058634323869455685,1,0
68123.0,148000,0.0058634323869455685,1,0
68123.0,149000,0.0058634323869455685,1,0
68123.0,150000,0.0058634323869455685,1,0
68123.0,151000,0.0058634323869455685,1,0
68123.0,152000,0.0058634323869455685,1,0
68123.0,153000,0.0058634323869455685,1,0
68123.0,154000,0.0058634323869455685,1,0
68123.0,155000,0.0058634323869455685,1,0
68123.0,156000,0.0058634323869455685,1,0
68123.0,157000,0.0058634323869455685,1,0
68123.0,158000,0.0058634323869455685,1,0
68123.0,159000,0.0058634323869455685,1,0
68123.0,160000,0.0058634323869455685,1,0
68123.0,161000,0.0058634323869455685,1,0
68123.0,162000,0.0058634323869455685,1,0
68123.0,163000,0.0058634323869455685,1,0
68123.0,164000,0.0058634323869455685,1,0
68123.0,165000,0.0058634323869455685,1,0
68123.0,166000,0.0058634323869455685,1,0
68123.0,167000,0.0058634323869455685,1,0
68123.0,168000,0.0058634323869455685,1,0
68123.0,169000,0.0058634323869455685,1,0
68123.0,170000,0.0058634323869455685,1,0
68123.0,171000,0.0058634323869455685,1,0
68123.0,172000,0.0058634323869455685,1,0
68123.0,173000,0.0058634323869455685,1,0
68123.0,174000,0.0058634323869455685,1,0
68123.0,175000,0.0058634323869455685,1,0
68123.0,176000,0.0058634323869455685,1,0
68123.0,177000,0.0058634323869455685,1,0
68123.0,178000,0.0058634323869455685,1,0
68123.0,179000,0.0058634323869455685,1,0
68123.0,180000,0.0058634323869455685,1,0
68123.0,181000,0.0058634323869455685,1,0
68123.0,182000,0.0058634323869455685,1,0
68123.0,183000,0.0058634323869455685,1,0
68123.0,184000,0.0058634323869455685,1,0
68123.0,185000,0.0058634323869455685,1,0
68123.0,186000,0.0058634323869455685,1,0
68123.0,187000,0.0058634323869455685,1,0
68123.0,188000,0.0018856445972865769,1,0
68758.0,2000,0.03487334763111944,1,0
68758.0,3000,0.06533033143626157,1,0
68758.0,4000,0.06533033143626157,1,0
68758.0,5000,0.06533033143626157,1,0
68758.0,6000,0.06533033143626157,1,0
68758.0,7000,0.06533033143626157,1,0
68758.0,8000,0.06533033143626157,1,0
68758.0,9000,0.06533033143626157,1,0
68758.0,10000,0.06533033143626157,1,0
68758.0,11000,0.06533033143626157,1,0
68758.0,12000,0.06533033143626157,1,0
68758.0,13000,0.06533033143626157,1,0
68758.0,14000,0.06533033143626157,1,0
68758.0,15000,0.06533033143626157,1,0
68758.0,16000,0.06533033143626157,1,0
68758.0,17000,0.05050201226121855,1,0
69195.0,1000,0.18468116538831647,1,0
69195.0,2000,0.42371677135611197,1,0
69195.0,3000,0.39160206325557156,1,0
69556.0,1000,0.03217666450771557,1,0
69556.0,2000,0.07556307620061144,1,0
69556.0,3000,0.07556307620061144,1,0
69556.0,4000,0.07556307620061144,1,0
69556.0,5000,0.07556307620061144,1,0
69556.0,6000,0.07556307620061144,1,0
69556.0,7000,0.07556307620061144,1,0
69556.0,8000,0.07556307620061144,1,0
69556.0,9000,0.07556307620061144,1,0
69556.0,10000,0.07556307620061144,1,0
69556.0,11000,0.07556307620061144,1,0
69556.0,12000,0.07556307620061144,1,0
69556.0,13000,0.07556307620061144,1,0
69556.0,14000,0.061066421084947226,1,0
69667.0,29000,0.004611390704573077,1,0
69667.0,30000,0.012647660996702977,1,0
69667.0,31000,0.012647660996702977,1,0
69667.0,32000,0.012647660996702977,1,0
69667.0,33000,0.012647660996702977,1,0
69667.0,34000,0.012647660996702977,1,0
69667.0,35000,0.012647660996702977,1,0
69667.0,36000,0.012647660996702977,1,0
69667.0,37000,0.012647660996702977,1,0
69667.0,38000,0.012647660996702977,1,0
69667.0,39000,0.012647660996702977,1,0
69667.0,40000,0.012647660996702977,1,0
69667.0,41000,0.012647660996702977,1,0
69667.0,42000,0.012647660996702977,1,0
69667.0,43000,0.012647660996702977,1,0
69667.0,44000,0.012647660996702977,1,0
69667.0,45000,0.012647660996702977,1,0
69667.0,46000,0.012647660996702977,1,0
69667.0,47000,0.012647660996702977,1,0
69667.0,48000,0.012647660996702977,1,0
69667.0,49000,0.012647660996702977,1,0
69667.0,50000,0.012647660996702977,1,0
69667.0,51000,0.012647660996702977,1,0
69667.0,52000,0.012647660996702977,1,0
69667.0,53000,0.012647660996702977,1,0
69667.0,54000,0.012647660996702977,1,0
69667.0,55000,0.012647660996702977,1,0
69667.0,56000,0.012647660996702977,1,0
69667.0,57000,0.012647660996702977,1,0
69667.0,58000,0.012647660996702977,1,0
69667.0,59000,0.012647660996702977,1,0
69667.0,60000,0.012647660996702977,1,0
69667.0,61000,0.012647660996702977,1,0
69667.0,62000,0.012647660996702977,1,0
69667.0,63000,0.012647660996702977,1,0
69667.0,64000,0.012647660996702977,1,0
69667.0,65000,0.012647660996702977,1,0
69667.0,66000,0.012647660996702977,1,0
69667.0,67000,0.012647660996702977,1,0
69667.0,68000,0.012647660996702977,1,0
69667.0,69000,0.012647660996702977,1,0
69667.0,70000,0.012647660996702977,1,0
69667.0,71000,0.012647660996702977,1,0
69667.0,72000,0.012647660996702977,1,0
69667.0,73000,0.012647660996702977,1,0
69667.0,74000,0.012647660996702977,1,0
69667.0,75000,0.012647660996702977,1,0
69667.0,76000,0.012647660996702977,1,0
69667.0,77000,0.012647660996702977,1,0
69667.0,78000,0.012647660996702977,1,0
69667.0,79000,0.012647660996702977,1,0
69667.0,80000,0.012647660996702977,1,0
69667.0,81000,0.012647660996702977,1,0
69667.0,82000,0.012647660996702977,1,0
69667.0,83000,0.012647660996702977,1,0
69667.0,84000,0.012647660996702977,1,0
69667.0,85000,0.012647660996702977,1,0
69667.0,86000,0.012647660996702977,1,0
69667.0,87000,0.012647660996702977,1,0
69667.0,88000,0.012647660996702977,1,0
69667.0,89000,0.012647660996702977,1,0
69667.0,90000,0.012647660996702977,1,0
69667.0,91000,0.012647660996702977,1,0
69667.0,92000,0.012647660996702977,1,0
69667.0,93000,0.012647660996702977,1,0
69667.0,94000,0.012647660996702977,1,0
69667.0,95000,0.012647660996702977,1,0
69667.0,96000,0.012647660996702977,1,0
69667.0,97000,0.012647660996702977,1,0
69667.0,98000,0.012647660996702977,1,0
69667.0,99000,0.012647660996702977,1,0
69667.0,100000,0.012647660996702977,1,0
69667.0,101000,0.012647660996702977,1,0
69667.0,102000,0.012647660996702977,1,0
69667.0,103000,0.012647660996702977,1,0
69667.0,104000,0.012647660996702977,1,0
69667.0,105000,0.012647660996702977,1,0
69667.0,106000,0.012647660996702977,1,0
69667.0,107000,0.012647660996702977,1,0
69667.0,108000,0.008871051552594603,1,0
69858.0,17000,0.49499164024307546,1,0
69858.0,18000,0.5050083597569245,1,0
69921.0,3000,0.01039516082200308,1,0
69921.0,4000,0.1371522346532732,1,0
69921.0,5000,0.1371522346532732,1,0
69921.0,6000,0.1371522346532732,1,0
69921.0,7000,0.1371522346532732,1,0
69921.0,8000,0.1371522346532732,1,0
69921.0,9000,0.1371522346532732,1,0
69921.0,10000,0.1371522346532732,1,0
69921.0,11000,0.02953919660508465,1,0
70053.0,112000,0.0013304217987013913,1,0
70053.0,113000,0.007274360753042814,1,0
70053.0,114000,0.007274360753042814,1,0
70053.0,115000,0.007274360753042814,1,0
70053.0,116000,0.007274360753042814,1,0
70053.0,117000,0.007274360753042814,1,0
70053.0,118000,0.007274360753042814,1,0
70053.0,119000,0.007274360753042814,1,0
70053.0,120000,0.007274360753042814,1,0
70053.0,121000,0.007274360753042814,1,0
70053.0,122000,0.007274360753042814,1,0
70053.0,123000,0.007274360753042814,1,0
70053.0,124000,0.007274360753042814,1,0
70053.0,125000,0.007274360753042814,1,0
70053.0,126000,0.007274360753042814,1,0
70053.0,127000,0.007274360753042814,1,0
70053.0,128000,0.007274360753042814,1,0
70053.0,129000,0.007274360753042814,1,0
70053.0,130000,0.007274360753042814,1,0
70053.0,131000,0.007274360753042814,1,0
70053.0,132000,0.007274360753042814,1,0
70053.0,133000,0.007274360753042814,1,0
70053.0,134000,0.007274360753042814,1,0
70053.0,135000,0.007274360753042814,1,0
70053.0,136000,0.007274360753042814,1,0
70053.0,137000,0.007274360753042814,1,0
70053.0,138000,0.007274360753042814,1,0
70053.0,139000,0.007274360753042814,1,0
70053.0,140000,0.007274360753042814,1,0
70053.0,141000,0.007274360753042814,1,0
70053.0,142000,0.007274360753042814,1,0
70053.0,143000,0.007274360753042814,1,0
70053.0,144000,0.007274360753042814,1,0
70053.0,145000,0.007274360753042814,1,0
70053.0,146000,0.007274360753042814,1,0
70053.0,147000,0.007274360753042814,1,0
70053.0,148000,0.007274360753042814,1,0
70053.0,149000,0.007274360753042814,1,0
70053.0,150000,0.007274360753042814,1,0
70053.0,151000,0.007274360753042814,1,0
70053.0,152000,0.007274360753042814,1,0
70053.0,153000,0.007274360753042814,1,0
70053.0,154000,0.007274360753042814,1,0
70053.0,155000,0.007274360753042814,1,0
70053.0,156000,0.007274360753042814,1,0
70053.0,157000,0.007274360753042814,1,0
70053.0,158000,0.007274360753042814,1,0
70053.0,159000,0.007274360753042814,1,0
70053.0,160000,0.007274360753042814,1,0
70053.0,161000,0.007274360753042814,1,0
70053.0,162000,0.007274360753042814,1,0
70053.0,163000,0.007274360753042814,1,0
70053.0,164000,0.007274360753042814,1,0
70053.0,165000,0.007274360753042814,1,0
70053.0,166000,0.007274360753042814,1,0
70053.0,167000,0.007274360753042814,1,0
70053.0,168000,0.007274360753042814,1,0
70053.0,169000,0.007274360753042814,1,0
70053.0,170000,0.007274360753042814,1,0
70053.0,171000,0.007274360753042814,1,0
70053.0,172000,0.007274360753042814,1,0
70053.0,173000,0.007274360753042814,1,0
70053.0,174000,0.007274360753042814,1,0
70053.0,175000,0.007274360753042814,1,0
70053.0,176000,0.007274360753042814,1,0
70053.0,177000,0.007274360753042814,1,0
70053.0,178000,0.007274360753042814,1,0
70053.0,179000,0.007274360753042814,1,0
70053.0,180000,0.007274360753042814,1,0
70053.0,181000,0.007274360753042814,1,0
70053.0,182000,0.007274360753042814,1,0
70053.0,183000,0.007274360753042814,1,0
70053.0,184000,0.007274360753042814,1,0
70053.0,185000,0.007274360753042814,1,0
70053.0,186000,0.007274360753042814,1,0
70053.0,187000,0.007274360753042814,1,0
70053.0,188000,0.007274360753042814,1,0
70053.0,189000,0.007274360753042814,1,0
70053.0,190000,0.007274360753042814,1,0
70053.0,191000,0.007274360753042814,1,0
70053.0,192000,0.007274360753042814,1,0
70053.0,193000,0.007274360753042814,1,0
70053.0,194000,0.007274360753042814,1,0
70053.0,195000,0.007274360753042814,1,0
70053.0,196000,0.007274360753042814,1,0
70053.0,197000,0.007274360753042814,1,0
70053.0,198000,0.007274360753042814,1,0
70053.0,199000,0.007274360753042814,1,0
70053.0,200000,0.007274360753042814,1,0
70053.0,201000,0.007274360753042814,1,0
70053.0,202000,0.007274360753042814,1,0
70053.0,203000,0.007274360753042814,1,0
70053.0,204000,0.007274360753042814,1,0
70053.0,205000,0.007274360753042814,1,0
70053.0,206000,0.007274360753042814,1,0
70053.0,207000,0.007274360753042814,1,0
70053.0,208000,0.007274360753042814,1,0
70053.0,209000,0.007274360753042814,1,0
70053.0,210000,0.007274360753042814,1,0
70053.0,211000,0.007274360753042814,1,0
70053.0,212000,0.007274360753042814,1,0
70053.0,213000,0.007274360753042814,1,0
70053.0,214000,0.007274360753042814,1,0
70053.0,215000,0.007274360753042814,1,0
70053.0,216000,0.007274360753042814,1,0
70053.0,217000,0.007274360753042814,1,0
70053.0,218000,0.007274360753042814,1,0
70053.0,219000,0.007274360753042814,1,0
70053.0,220000,0.007274360753042814,1,0
70053.0,221000,0.007274360753042814,1,0
70053.0,222000,0.007274360753042814,1,0
70053.0,223000,0.007274360753042814,1,0
70053.0,224000,0.007274360753042814,1,0
70053.0,225000,0.007274360753042814,1,0
70053.0,226000,0.007274360753042814,1,0
70053.0,227000,0.007274360753042814,1,0
70053.0,228000,0.007274360753042814,1,0
70053.0,229000,0.007274360753042814,1,0
70053.0,230000,0.007274360753042814,1,0
70053.0,231000,0.007274360753042814,1,0
70053.0,232000,0.007274360753042814,1,0
70053.0,233000,0.007274360753042814,1,0
70053.0,234000,0.007274360753042814,1,0
70053.0,235000,0.007274360753042814,1,0
70053.0,236000,0.007274360753042814,1,0
70053.0,237000,0.007274360753042814,1,0
70053.0,238000,0.007274360753042814,1,0
70053.0,239000,0.007274360753042814,1,0
70053.0,240000,0.007274360753042814,1,0
70053.0,241000,0.007274360753042814,1,0
70053.0,242000,0.007274360753042814,1,0
70053.0,243000,0.007274360753042814,1,0
70053.0,244000,0.007274360753042814,1,0
70053.0,245000,0.007274360753042814,1,0
70053.0,246000,0.007274360753042814,1,0
70053.0,247000,0.007274360753042814,1,0
70053.0,248000,0.007274360753042814,1,0
70053.0,249000,0.007274360753042814,1,0
70053.0,250000,0.002082155034432943,1,0
71310.0,14000,0.003602007586555496,1,0
71310.0,15000,0.018775281026308863,1,0
71310.0,16000,0.018775281026308863,1,0
71310.0,17000,0.018775281026308863,1,0
71310.0,18000,0.018775281026308863,1,0
71310.0,19000,0.018775281026308863,1,0
71310.0,20000,0.018775281026308863,1,0
71310.0,21000,0.018775281026308863,1,0
71310.0,22000,0.018775281026308863,1,0
71310.0,23000,0.018775281026308863,1,0
71310.0,24000,0.018775281026308863,1,0
71310.0,25000,0.018775281026308863,1,0
71310.0,26000,0.018775281026308863,1,0
71310.0,27000,0.018775281026308863,1,0
71310.0,28000,0.018775281026308863,1,0
71310.0,29000,0.018775281026308863,1,0
71310.0,30000,0.018775281026308863,1,0
71310.0,31000,0.018775281026308863,1,0
71310.0,32000,0.018775281026308863,1,0
71310.0,33000,0.018775281026308863,1,0
71310.0,34000,0.018775281026308863,1,0
71310.0,35000,0.018775281026308863,1,0
71310.0,36000,0.018775281026308863,1,0
71310.0,37000,0.018775281026308863,1,0
71310.0,38000,0.018775281026308863,1,0
71310.0,39000,0.018775281026308863,1,0
71310.0,40000,0.018775281026308863,1,0
71310.0,41000,0.018775281026308863,1,0
71310.0,42000,0.018775281026308863,1,0
71310.0,43000,0.018775281026308863,1,0
71310.0,44000,0.018775281026308863,1,0
71310.0,45000,0.018775281026308863,1,0
71310.0,46000,0.018775281026308863,1,0
71310.0,47000,0.018775281026308863,1,0
71310.0,48000,0.018775281026308863,1,0
71310.0,49000,0.018775281026308863,1,0
71310.0,50000,0.018775281026308863,1,0
71310.0,51000,0.018775281026308863,1,0
71310.0,52000,0.018775281026308863,1,0
71310.0,53000,0.018775281026308863,1,0
71310.0,54000,0.018775281026308863,1,0
71310.0,55000,0.018775281026308863,1,0
71310.0,56000,0.018775281026308863,1,0
71310.0,57000,0.018775281026308863,1,0
71310.0,58000,0.018775281026308863,1,0
71310.0,59000,0.018775281026308863,1,0
71310.0,60000,0.018775281026308863,1,0
71310.0,61000,0.018775281026308863,1,0
71310.0,62000,0.018775281026308863,1,0
71310.0,63000,0.018775281026308863,1,0
71310.0,64000,0.018775281026308863,1,0
71310.0,65000,0.018775281026308863,1,0
71310.0,66000,0.018775281026308863,1,0
71310.0,67000,0.018775281026308863,1,0
71310.0,68000,0.001308098019074757,1,0
71359.0,0,0.6142337665803731,1,0
71359.0,1000,0.3857662334196269,1,0
72183.0,0,0.034859253019961005,1,0
72183.0,1000,0.06971850603992201,1,0
72183.0,2000,0.06971850603992201,1,0
72183.0,3000,0.06971850603992201,1,0
72183.0,4000,0.06971850603992201,1,0
72183.0,5000,0.06971850603992201,1,0
72183.0,6000,0.06971850603992201,1,0
72183.0,7000,0.06971850603992201,1,0
72183.0,8000,0.06971850603992201,1,0
72183.0,9000,0.06971850603992201,1,0
72183.0,10000,0.06971850603992201,1,0
72183.0,11000,0.06971850603992201,1,0
72183.0,12000,0.06971850603992201,1,0
72183.0,13000,0.06971850603992201,1,0
72183.0,14000,0.058800168461052904,1,0
73767.0,4000,0.019803658624159726,1,0
73767.0,5000,0.03978813048284794,1,0
73767.0,6000,0.03978813048284794,1,0
73767.0,7000,0.03978813048284794,1,0
73767.0,8000,0.03978813048284794,1,0
73767.0,9000,0.03978813048284794,1,0
73767.0,10000,0.03978813048284794,1,0
73767.0,11000,0.03978813048284794,1,0
73767.0,12000,0.03978813048284794,1,0
73767.0,13000,0.03978813048284794,1,0
73767.0,14000,0.03978813048284794,1,0
73767.0,15000,0.03978813048284794,1,0
73767.0,16000,0.03978813048284794,1,0
73767.0,17000,0.03978813048284794,1,0
73767.0,18000,0.03978813048284794,1,0
73767.0,19000,0.03978813048284794,1,0
73767.0,20000,0.03978813048284794,1,0
73767.0,21000,0.03978813048284794,1,0
73767.0,22000,0.03978813048284794,1,0
73767.0,23000,0.03978813048284794,1,0
73767.0,24000,0.03978813048284794,1,0
73767.0,25000,0.03978813048284794,1,0
73767.0,26000,0.03978813048284794,1,0
73767.0,27000,0.03978813048284794,1,0
73767.0,28000,0.03978813048284794,1,0
73767.0,29000,0.025281209787489697,1,0
73858.0,0,0.5180241264633207,1,0
73858.0,1000,0.4819758735366793,1,0
74309.0,4000,0.035054826110893327,1,0
74309.0,5000,0.06292843281430259,1,0
74309.0,6000,0.06292843281430259,1,0
74309.0,7000,0.06292843281430259,1,0
74309.0,8000,0.06292843281430259,1,0
74309.0,9000,0.06292843281430259,1,0
74309.0,10000,0.06292843281430259,1,0
74309.0,11000,0.06292843281430259,1,0
74309.0,12000,0.06292843281430259,1,0
74309.0,13000,0.06292843281430259,1,0
74309.0,14000,0.06292843281430259,1,0
74309.0,15000,0.06292843281430259,1,0
74309.0,16000,0.06292843281430259,1,0
74309.0,17000,0.06292843281430259,1,0
74309.0,18000,0.06292843281430259,1,0
74309.0,19000,0.06292843281430259,1,0
74309.0,20000,0.021018681674567948,1,0
76156.0,68000,0.004707253454881782,1,0
76156.0,69000,0.005059774460533552,1,0
76156.0,70000,0.005059774460533552,1,0
76156.0,71000,0.005059774460533552,1,0
76156.0,72000,0.005059774460533552,1,0
76156.0,73000,0.005059774460533552,1,0
76156.0,74000,0.005059774460533552,1,0
76156.0,75000,0.005059774460533552,1,0
76156.0,76000,0.005059774460533552,1,0
76156.0,77000,0.005059774460533552,1,0
76156.0,78000,0.005059774460533552,1,0
76156.0,79000,0.005059774460533552,1,0
76156.0,80000,0.005059774460533552,1,0
76156.0,81000,0.005059774460533552,1,0
76156.0,82000,0.005059774460533552,1,0
76156.0,83000,0.005059774460533552,1,0
76156.0,84000,0.005059774460533552,1,0
76156.0,85000,0.005059774460533552,1,0
76156.0,86000,0.005059774460533552,1,0
76156.0,87000,0.005059774460533552,1,0
76156.0,88000,0.005059774460533552,1,0
76156.0,89000,0.005059774460533552,1,0
76156.0,90000,0.005059774460533552,1,0
76156.0,91000,0.005059774460533552,1,0
76156.0,92000,0.005059774460533552,1,0
76156.0,93000,0.005059774460533552,1,0
76156.0,94000,0.005059774460533552,1,0
76156.0,95000,0.005059774460533552,1,0
76156.0,96000,0.005059774460533552,1,0
76156.0,97000,0.005059774460533552,1,0
76156.0,98000,0.005059774460533552,1,0
76156.0,99000,0.005059774460533552,1,0
76156.0,100000,0.005059774460533552,1,0
76156.0,101000,0.005059774460533552,1,0
76156.0,102000,0.005059774460533552,1,0
76156.0,103000,0.005059774460533552,1,0
76156.0,104000,0.005059774460533552,1,0
76156.0,105000,0.005059774460533552,1,0
76156.0,106000,0.005059774460533552,1,0
76156.0,107000,0.005059774460533552,1,0
76156.0,108000,0.005059774460533552,1,0
76156.0,109000,0.005059774460533552,1,0
76156.0,110000,0.005059774460533552,1,0
76156.0,111000,0.005059774460533552,1,0
76156.0,112000,0.005059774460533552,1,0
76156.0,113000,0.005059774460533552,1,0
76156.0,114000,0.005059774460533552,1,0
76156.0,115000,0.005059774460533552,1,0
76156.0,116000,0.005059774460533552,1,0
76156.0,117000,0.005059774460533552,1,0
76156.0,118000,0.005059774460533552,1,0
76156.0,119000,0.005059774460533552,1,0
76156.0,120000,0.005059774460533552,1,0
76156.0,121000,0.005059774460533552,1,0
76156.0,122000,0.005059774460533552,1,0
76156.0,123000,0.005059774460533552,1,0
76156.0,124000,0.005059774460533552,1,0
76156.0,125000,0.005059774460533552,1,0
76156.0,126000,0.005059774460533552,1,0
76156.0,127000,0.005059774460533552,1,0
76156.0,128000,0.005059774460533552,1,0
76156.0,129000,0.005059774460533552,1,0
76156.0,130000,0.005059774460533552,1,0
76156.0,131000,0.005059774460533552,1,0
76156.0,132000,0.005059774460533552,1,0
76156.0,133000,0.005059774460533552,1,0
76156.0,134000,0.005059774460533552,1,0
76156.0,135000,0.005059774460533552,1,0
76156.0,136000,0.005059774460533552,1,0
76156.0,137000,0.005059774460533552,1,0
76156.0,138000,0.005059774460533552,1,0
76156.0,139000,0.005059774460533552,1,0
76156.0,140000,0.005059774460533552,1,0
76156.0,141000,0.005059774460533552,1,0
76156.0,142000,0.005059774460533552,1,0
76156.0,143000,0.005059774460533552,1,0
76156.0,144000,0.005059774460533552,1,0
76156.0,145000,0.005059774460533552,1,0
76156.0,146000,0.005059774460533552,1,0
76156.0,147000,0.005059774460533552,1,0
76156.0,148000,0.005059774460533552,1,0
76156.0,149000,0.005059774460533552,1,0
76156.0,150000,0.005059774460533552,1,0
76156.0,151000,0.005059774460533552,1,0
76156.0,152000,0.005059774460533552,1,0
76156.0,153000,0.005059774460533552,1,0
76156.0,154000,0.005059774460533552,1,0
76156.0,155000,0.005059774460533552,1,0
76156.0,156000,0.005059774460533552,1,0
76156.0,157000,0.005059774460533552,1,0
76156.0,158000,0.005059774460533552,1,0
76156.0,159000,0.005059774460533552,1,0
76156.0,160000,0.005059774460533552,1,0
76156.0,161000,0.005059774460533552,1,0
76156.0,162000,0.005059774460533552,1,0
76156.0,163000,0.005059774460533552,1,0
76156.0,164000,0.005059774460533552,1,0
76156.0,165000,0.005059774460533552,1,0
76156.0,166000,0.005059774460533552,1,0
76156.0,167000,0.005059774460533552,1,0
76156.0,168000,0.005059774460533552,1,0
76156.0,169000,0.005059774460533552,1,0
76156.0,170000,0.005059774460533552,1,0
76156.0,171000,0.005059774460533552,1,0
76156.0,172000,0.005059774460533552,1,0
76156.0,173000,0.005059774460533552,1,0
76156.0,174000,0.005059774460533552,1,0
76156.0,175000,0.005059774460533552,1,0
76156.0,176000,0.005059774460533552,1,0
76156.0,177000,0.005059774460533552,1,0
76156.0,178000,0.005059774460533552,1,0
76156.0,179000,0.005059774460533552,1,0
76156.0,180000,0.005059774460533552,1,0
76156.0,181000,0.005059774460533552,1,0
76156.0,182000,0.005059774460533552,1,0
76156.0,183000,0.005059774460533552,1,0
76156.0,184000,0.005059774460533552,1,0
76156.0,185000,0.005059774460533552,1,0
76156.0,186000,0.005059774460533552,1,0
76156.0,187000,0.005059774460533552,1,0
76156.0,188000,0.005059774460533552,1,0
76156.0,189000,0.005059774460533552,1,0
76156.0,190000,0.005059774460533552,1,0
76156.0,191000,0.005059774460533552,1,0
76156.0,192000,0.005059774460533552,1,0
76156.0,193000,0.005059774460533552,1,0
76156.0,194000,0.005059774460533552,1,0
76156.0,195000,0.005059774460533552,1,0
76156.0,196000,0.005059774460533552,1,0
76156.0,197000,0.005059774460533552,1,0
76156.0,198000,0.005059774460533552,1,0
76156.0,199000,0.005059774460533552,1,0
76156.0,200000,0.005059774460533552,1,0
76156.0,201000,0.005059774460533552,1,0
76156.0,202000,0.005059774460533552,1,0
76156.0,203000,0.005059774460533552,1,0
76156.0,204000,0.005059774460533552,1,0
76156.0,205000,0.005059774460533552,1,0
76156.0,206000,0.005059774460533552,1,0
76156.0,207000,0.005059774460533552,1,0
76156.0,208000,0.005059774460533552,1,0
76156.0,209000,0.005059774460533552,1,0
76156.0,210000,0.005059774460533552,1,0
76156.0,211000,0.005059774460533552,1,0
76156.0,212000,0.005059774460533552,1,0
76156.0,213000,0.005059774460533552,1,0
76156.0,214000,0.005059774460533552,1,0
76156.0,215000,0.005059774460533552,1,0
76156.0,216000,0.005059774460533552,1,0
76156.0,217000,0.005059774460533552,1,0
76156.0,218000,0.005059774460533552,1,0
76156.0,219000,0.005059774460533552,1,0
76156.0,220000,0.005059774460533552,1,0
76156.0,221000,0.005059774460533552,1,0
76156.0,222000,0.005059774460533552,1,0
76156.0,223000,0.005059774460533552,1,0
76156.0,224000,0.005059774460533552,1,0
76156.0,225000,0.005059774460533552,1,0
76156.0,226000,0.005059774460533552,1,0
76156.0,227000,0.005059774460533552,1,0
76156.0,228000,0.005059774460533552,1,0
76156.0,229000,0.005059774460533552,1,0
76156.0,230000,0.005059774460533552,1,0
76156.0,231000,0.005059774460533552,1,0
76156.0,232000,0.005059774460533552,1,0
76156.0,233000,0.005059774460533552,1,0
76156.0,234000,0.005059774460533552,1,0
76156.0,235000,0.005059774460533552,1,0
76156.0,236000,0.005059774460533552,1,0
76156.0,237000,0.005059774460533552,1,0
76156.0,238000,0.005059774460533552,1,0
76156.0,239000,0.005059774460533552,1,0
76156.0,240000,0.005059774460533552,1,0
76156.0,241000,0.005059774460533552,1,0
76156.0,242000,0.005059774460533552,1,0
76156.0,243000,0.005059774460533552,1,0
76156.0,244000,0.005059774460533552,1,0
76156.0,245000,0.005059774460533552,1,0
76156.0,246000,0.005059774460533552,1,0
76156.0,247000,0.005059774460533552,1,0
76156.0,248000,0.005059774460533552,1,0
76156.0,249000,0.005059774460533552,1,0
76156.0,250000,0.005059774460533552,1,0
76156.0,251000,0.005059774460533552,1,0
76156.0,252000,0.005059774460533552,1,0
76156.0,253000,0.005059774460533552,1,0
76156.0,254000,0.005059774460533552,1,0
76156.0,255000,0.005059774460533552,1,0
76156.0,256000,0.005059774460533552,1,0
76156.0,257000,0.005059774460533552,1,0
76156.0,258000,0.005059774460533552,1,0
76156.0,259000,0.005059774460533552,1,0
76156.0,260000,0.005059774460533552,1,0
76156.0,261000,0.005059774460533552,1,0
76156.0,262000,0.005059774460533552,1,0
76156.0,263000,0.005059774460533552,1,0
76156.0,264000,0.005059774460533552,1,0
76156.0,265000,0.0035769522805420774,1,0
76514.0,56000,0.0011102450395951825,1,0
76514.0,57000,0.004786087896186071,1,0
76514.0,58000,0.004786087896186071,1,0
76514.0,59000,0.004786087896186071,1,0
76514.0,60000,0.004786087896186071,1,0
76514.0,61000,0.004786087896186071,1,0
76514.0,62000,0.004786087896186071,1,0
76514.0,63000,0.004786087896186071,1,0
76514.0,64000,0.004786087896186071,1,0
76514.0,65000,0.004786087896186071,1,0
76514.0,66000,0.004786087896186071,1,0
76514.0,67000,0.004786087896186071,1,0
76514.0,68000,0.004786087896186071,1,0
76514.0,69000,0.004786087896186071,1,0
76514.0,70000,0.004786087896186071,1,0
76514.0,71000,0.004786087896186071,1,0
76514.0,72000,0.004786087896186071,1,0
76514.0,73000,0.004786087896186071,1,0
76514.0,74000,0.004786087896186071,1,0
76514.0,75000,0.004786087896186071,1,0
76514.0,76000,0.004786087896186071,1,0
76514.0,77000,0.004786087896186071,1,0
76514.0,78000,0.004786087896186071,1,0
76514.0,79000,0.004786087896186071,1,0
76514.0,80000,0.004786087896186071,1,0
76514.0,81000,0.004786087896186071,1,0
76514.0,82000,0.004786087896186071,1,0
76514.0,83000,0.004786087896186071,1,0
76514.0,84000,0.004786087896186071,1,0
76514.0,85000,0.004786087896186071,1,0
76514.0,86000,0.004786087896186071,1,0
76514.0,87000,0.004786087896186071,1,0
76514.0,88000,0.004786087896186071,1,0
76514.0,89000,0.004786087896186071,1,0
76514.0,90000,0.004786087896186071,1,0
76514.0,91000,0.004786087896186071,1,0
76514.0,92000,0.004786087896186071,1,0
76514.0,93000,0.004786087896186071,1,0
76514.0,94000,0.004786087896186071,1,0
76514.0,95000,0.004786087896186071,1,0
76514.0,96000,0.004786087896186071,1,0
76514.0,97000,0.004786087896186071,1,0
76514.0,98000,0.004786087896186071,1,0
76514.0,99000,0.004786087896186071,1,0
76514.0,100000,0.004786087896186071,1,0
76514.0,101000,0.004786087896186071,1,0
76514.0,102000,0.004786087896186071,1,0
76514.0,103000,0.004786087896186071,1,0
76514.0,104000,0.004786087896186071,1,0
76514.0,105000,0.004786087896186071,1,0
76514.0,106000,0.004786087896186071,1,0
76514.0,107000,0.004786087896186071,1,0
76514.0,108000,0.004786087896186071,1,0
76514.0,109000,0.004786087896186071,1,0
76514.0,110000,0.004786087896186071,1,0
76514.0,111000,0.004786087896186071,1,0
76514.0,112000,0.004786087896186071,1,0
76514.0,113000,0.004786087896186071,1,0
76514.0,114000,0.004786087896186071,1,0
76514.0,115000,0.004786087896186071,1,0
76514.0,116000,0.004786087896186071,1,0
76514.0,117000,0.004786087896186071,1,0
76514.0,118000,0.004786087896186071,1,0
76514.0,119000,0.004786087896186071,1,0
76514.0,120000,0.004786087896186071,1,0
76514.0,121000,0.004786087896186071,1,0
76514.0,122000,0.004786087896186071,1,0
76514.0,123000,0.004786087896186071,1,0
76514.0,124000,0.004786087896186071,1,0
76514.0,125000,0.004786087896186071,1,0
76514.0,126000,0.004786087896186071,1,0
76514.0,127000,0.004786087896186071,1,0
76514.0,128000,0.004786087896186071,1,0
76514.0,129000,0.004786087896186071,1,0
76514.0,130000,0.004786087896186071,1,0
76514.0,131000,0.004786087896186071,1,0
76514.0,132000,0.004786087896186071,1,0
76514.0,133000,0.004786087896186071,1,0
76514.0,134000,0.004786087896186071,1,0
76514.0,135000,0.004786087896186071,1,0
76514.0,136000,0.004786087896186071,1,0
76514.0,137000,0.004786087896186071,1,0
76514.0,138000,0.004786087896186071,1,0
76514.0,139000,0.004786087896186071,1,0
76514.0,140000,0.004786087896186071,1,0
76514.0,141000,0.004786087896186071,1,0
76514.0,142000,0.004786087896186071,1,0
76514.0,143000,0.004786087896186071,1,0
76514.0,144000,0.004786087896186071,1,0
76514.0,145000,0.004786087896186071,1,0
76514.0,146000,0.004786087896186071,1,0
76514.0,147000,0.004786087896186071,1,0
76514.0,148000,0.004786087896186071,1,0
76514.0,149000,0.004786087896186071,1,0
76514.0,150000,0.004786087896186071,1,0
76514.0,151000,0.004786087896186071,1,0
76514.0,152000,0.004786087896186071,1,0
76514.0,153000,0.004786087896186071,1,0
76514.0,154000,0.004786087896186071,1,0
76514.0,155000,0.004786087896186071,1,0
76514.0,156000,0.004786087896186071,1,0
76514.0,157000,0.004786087896186071,1,0
76514.0,158000,0.004786087896186071,1,0
76514.0,159000,0.004786087896186071,1,0
76514.0,160000,0.004786087896186071,1,0
76514.0,161000,0.004786087896186071,1,0
76514.0,162000,0.004786087896186071,1,0
76514.0,163000,0.004786087896186071,1,0
76514.0,164000,0.004786087896186071,1,0
76514.0,165000,0.004786087896186071,1,0
76514.0,166000,0.004786087896186071,1,0
76514.0,167000,0.004786087896186071,1,0
76514.0,168000,0.004786087896186071,1,0
76514.0,169000,0.004786087896186071,1,0
76514.0,170000,0.004786087896186071,1,0
76514.0,171000,0.004786087896186071,1,0
76514.0,172000,0.004786087896186071,1,0
76514.0,173000,0.004786087896186071,1,0
76514.0,174000,0.004786087896186071,1,0
76514.0,175000,0.004786087896186071,1,0
76514.0,176000,0.004786087896186071,1,0
76514.0,177000,0.004786087896186071,1,0
76514.0,178000,0.004786087896186071,1,0
76514.0,179000,0.004786087896186071,1,0
76514.0,180000,0.004786087896186071,1,0
76514.0,181000,0.004786087896186071,1,0
76514.0,182000,0.004786087896186071,1,0
76514.0,183000,0.004786087896186071,1,0
76514.0,184000,0.004786087896186071,1,0
76514.0,185000,0.004786087896186071,1,0
76514.0,186000,0.004786087896186071,1,0
76514.0,187000,0.004786087896186071,1,0
76514.0,188000,0.004786087896186071,1,0
76514.0,189000,0.004786087896186071,1,0
76514.0,190000,0.004786087896186071,1,0
76514.0,191000,0.004786087896186071,1,0
76514.0,192000,0.004786087896186071,1,0
76514.0,193000,0.004786087896186071,1,0
76514.0,194000,0.004786087896186071,1,0
76514.0,195000,0.004786087896186071,1,0
76514.0,196000,0.004786087896186071,1,0
76514.0,197000,0.004786087896186071,1,0
76514.0,198000,0.004786087896186071,1,0
76514.0,199000,0.004786087896186071,1,0
76514.0,200000,0.004786087896186071,1,0
76514.0,201000,0.004786087896186071,1,0
76514.0,202000,0.004786087896186071,1,0
76514.0,203000,0.004786087896186071,1,0
76514.0,204000,0.004786087896186071,1,0
76514.0,205000,0.004786087896186071,1,0
76514.0,206000,0.004786087896186071,1,0
76514.0,207000,0.004786087896186071,1,0
76514.0,208000,0.004786087896186071,1,0
76514.0,209000,0.004786087896186071,1,0
76514.0,210000,0.004786087896186071,1,0
76514.0,211000,0.004786087896186071,1,0
76514.0,212000,0.004786087896186071,1,0
76514.0,213000,0.004786087896186071,1,0
76514.0,214000,0.004786087896186071,1,0
76514.0,215000,0.004786087896186071,1,0
76514.0,216000,0.004786087896186071,1,0
76514.0,217000,0.004786087896186071,1,0
76514.0,218000,0.004786087896186071,1,0
76514.0,219000,0.004786087896186071,1,0
76514.0,220000,0.004786087896186071,1,0
76514.0,221000,0.004786087896186071,1,0
76514.0,222000,0.004786087896186071,1,0
76514.0,223000,0.004786087896186071,1,0
76514.0,224000,0.004786087896186071,1,0
76514.0,225000,0.004786087896186071,1,0
76514.0,226000,0.004786087896186071,1,0
76514.0,227000,0.004786087896186071,1,0
76514.0,228000,0.004786087896186071,1,0
76514.0,229000,0.004786087896186071,1,0
76514.0,230000,0.004786087896186071,1,0
76514.0,231000,0.004786087896186071,1,0
76514.0,232000,0.004786087896186071,1,0
76514.0,233000,0.004786087896186071,1,0
76514.0,234000,0.004786087896186071,1,0
76514.0,235000,0.004786087896186071,1,0
76514.0,236000,0.004786087896186071,1,0
76514.0,237000,0.004786087896186071,1,0
76514.0,238000,0.004786087896186071,1,0
76514.0,239000,0.004786087896186071,1,0
76514.0,240000,0.004786087896186071,1,0
76514.0,241000,0.004786087896186071,1,0
76514.0,242000,0.004786087896186071,1,0
76514.0,243000,0.004786087896186071,1,0
76514.0,244000,0.004786087896186071,1,0
76514.0,245000,0.004786087896186071,1,0
76514.0,246000,0.004786087896186071,1,0
76514.0,247000,0.004786087896186071,1,0
76514.0,248000,0.004786087896186071,1,0
76514.0,249000,0.004786087896186071,1,0
76514.0,250000,0.004786087896186071,1,0
76514.0,251000,0.004786087896186071,1,0
76514.0,252000,0.004786087896186071,1,0
76514.0,253000,0.004786087896186071,1,0
76514.0,254000,0.004786087896186071,1,0
76514.0,255000,0.004786087896186071,1,0
76514.0,256000,0.004786087896186071,1,0
76514.0,257000,0.004786087896186071,1,0
76514.0,258000,0.004786087896186071,1,0
76514.0,259000,0.004786087896186071,1,0
76514.0,260000,0.004786087896186071,1,0
76514.0,261000,0.004786087896186071,1,0
76514.0,262000,0.004786087896186071,1,0
76514.0,263000,0.004786087896186071,1,0
76514.0,264000,0.004786087896186071,1,0
76514.0,265000,0.003383472553701997,1,0
77202.0,68000,0.00836450276189567,1,0
77202.0,69000,0.008990911123727657,1,0
77202.0,70000,0.008990911123727657,1,0
77202.0,71000,0.008990911123727657,1,0
77202.0,72000,0.008990911123727657,1,0
77202.0,73000,0.008990911123727657,1,0
77202.0,74000,0.008990911123727657,1,0
77202.0,75000,0.008990911123727657,1,0
77202.0,76000,0.008990911123727657,1,0
77202.0,77000,0.008990911123727657,1,0
77202.0,78000,0.008990911123727657,1,0
77202.0,79000,0.008990911123727657,1,0
77202.0,80000,0.008990911123727657,1,0
77202.0,81000,0.008990911123727657,1,0
77202.0,82000,0.008990911123727657,1,0
77202.0,83000,0.008990911123727657,1,0
77202.0,84000,0.008990911123727657,1,0
77202.0,85000,0.008990911123727657,1,0
77202.0,86000,0.008990911123727657,1,0
77202.0,87000,0.008990911123727657,1,0
77202.0,88000,0.008990911123727657,1,0
77202.0,89000,0.008990911123727657,1,0
77202.0,90000,0.008990911123727657,1,0
77202.0,91000,0.008990911123727657,1,0
77202.0,92000,0.008990911123727657,1,0
77202.0,93000,0.008990911123727657,1,0
77202.0,94000,0.008990911123727657,1,0
77202.0,95000,0.008990911123727657,1,0
77202.0,96000,0.008990911123727657,1,0
77202.0,97000,0.008990911123727657,1,0
77202.0,98000,0.008990911123727657,1,0
77202.0,99000,0.008990911123727657,1,0
77202.0,100000,0.008990911123727657,1,0
77202.0,101000,0.008990911123727657,1,0
77202.0,102000,0.008990911123727657,1,0
77202.0,103000,0.008990911123727657,1,0
77202.0,104000,0.008990911123727657,1,0
77202.0,105000,0.008990911123727657,1,0
77202.0,106000,0.008990911123727657,1,0
77202.0,107000,0.008990911123727657,1,0
77202.0,108000,0.008990911123727657,1,0
77202.0,109000,0.008990911123727657,1,0
77202.0,110000,0.008990911123727657,1,0
77202.0,111000,0.008990911123727657,1,0
77202.0,112000,0.008990911123727657,1,0
77202.0,113000,0.008990911123727657,1,0
77202.0,114000,0.008990911123727657,1,0
77202.0,115000,0.008990911123727657,1,0
77202.0,116000,0.008990911123727657,1,0
77202.0,117000,0.008990911123727657,1,0
77202.0,118000,0.008990911123727657,1,0
77202.0,119000,0.008990911123727657,1,0
77202.0,120000,0.008990911123727657,1,0
77202.0,121000,0.008990911123727657,1,0
77202.0,122000,0.008990911123727657,1,0
77202.0,123000,0.008990911123727657,1,0
77202.0,124000,0.008990911123727657,1,0
77202.0,125000,0.008990911123727657,1,0
77202.0,126000,0.008990911123727657,1,0
77202.0,127000,0.008990911123727657,1,0
77202.0,128000,0.008990911123727657,1,0
77202.0,129000,0.008990911123727657,1,0
77202.0,130000,0.008990911123727657,1,0
77202.0,131000,0.008990911123727657,1,0
77202.0,132000,0.008990911123727657,1,0
77202.0,133000,0.008990911123727657,1,0
77202.0,134000,0.008990911123727657,1,0
77202.0,135000,0.008990911123727657,1,0
77202.0,136000,0.008990911123727657,1,0
77202.0,137000,0.008990911123727657,1,0
77202.0,138000,0.008990911123727657,1,0
77202.0,139000,0.008990911123727657,1,0
77202.0,140000,0.008990911123727657,1,0
77202.0,141000,0.008990911123727657,1,0
77202.0,142000,0.008990911123727657,1,0
77202.0,143000,0.008990911123727657,1,0
77202.0,144000,0.008990911123727657,1,0
77202.0,145000,0.008990911123727657,1,0
77202.0,146000,0.008990911123727657,1,0
77202.0,147000,0.008990911123727657,1,0
77202.0,148000,0.008990911123727657,1,0
77202.0,149000,0.008990911123727657,1,0
77202.0,150000,0.008990911123727657,1,0
77202.0,151000,0.008990911123727657,1,0
77202.0,152000,0.008990911123727657,1,0
77202.0,153000,0.008990911123727657,1,0
77202.0,154000,0.008990911123727657,1,0
77202.0,155000,0.008990911123727657,1,0
77202.0,156000,0.008990911123727657,1,0
77202.0,157000,0.008990911123727657,1,0
77202.0,158000,0.008990911123727657,1,0
77202.0,159000,0.008990911123727657,1,0
77202.0,160000,0.008990911123727657,1,0
77202.0,161000,0.008990911123727657,1,0
77202.0,162000,0.008990911123727657,1,0
77202.0,163000,0.008990911123727657,1,0
77202.0,164000,0.008990911123727657,1,0
77202.0,165000,0.008990911123727657,1,0
77202.0,166000,0.008990911123727657,1,0
77202.0,167000,0.008990911123727657,1,0
77202.0,168000,0.008990911123727657,1,0
77202.0,169000,0.008990911123727657,1,0
77202.0,170000,0.008990911123727657,1,0
77202.0,171000,0.008990911123727657,1,0
77202.0,172000,0.008990911123727657,1,0
77202.0,173000,0.008990911123727657,1,0
77202.0,174000,0.008990911123727657,1,0
77202.0,175000,0.008990911123727657,1,0
77202.0,176000,0.008990911123727657,1,0
77202.0,177000,0.008990911123727657,1,0
77202.0,178000,0.008990911123727657,1,0
77202.0,179000,0.0026352736280620143,1,0
77307.0,20000,0.011223459401587184,1,0
77307.0,21000,0.03447143138468757,1,0
77307.0,22000,0.03447143138468757,1,0
77307.0,23000,0.03447143138468757,1,0
77307.0,24000,0.03447143138468757,1,0
77307.0,25000,0.03447143138468757,1,0
77307.0,26000,0.03447143138468757,1,0
77307.0,27000,0.03447143138468757,1,0
77307.0,28000,0.03447143138468757,1,0
77307.0,29000,0.03447143138468757,1,0
77307.0,30000,0.03447143138468757,1,0
77307.0,31000,0.03447143138468757,1,0
77307.0,32000,0.03447143138468757,1,0
77307.0,33000,0.03447143138468757,1,0
77307.0,34000,0.03447143138468757,1,0
77307.0,35000,0.03447143138468757,1,0
77307.0,36000,0.03447143138468757,1,0
77307.0,37000,0.03447143138468757,1,0
77307.0,38000,0.03447143138468757,1,0
77307.0,39000,0.03447143138468757,1,0
77307.0,40000,0.03447143138468757,1,0
77307.0,41000,0.03447143138468757,1,0
77307.0,42000,0.03447143138468757,1,0
77307.0,43000,0.03447143138468757,1,0
77307.0,44000,0.03447143138468757,1,0
77307.0,45000,0.03447143138468757,1,0
77307.0,46000,0.03447143138468757,1,0
77307.0,47000,0.03447143138468757,1,0
77307.0,48000,0.03447143138468757,1,0
77307.0,49000,0.02357646182716082,1,0
77407.0,10000,0.1725015424804471,1,0
77407.0,11000,0.19993197067239332,1,0
77407.0,12000,0.19993197067239332,1,0
77407.0,13000,0.19993197067239332,1,0
77407.0,14000,0.19993197067239332,1,0
77407.0,15000,0.02777057482997957,1,0
78131.0,1000,0.08768403095021836,1,0
78131.0,2000,0.35628431221201606,1,0
78131.0,3000,0.35628431221201606,1,0
78131.0,4000,0.19974734462574947,1,0
78420.0,14000,0.028109212983486682,1,0
78420.0,15000,0.05341529779608122,1,0
78420.0,16000,0.05341529779608122,1,0
78420.0,17000,0.05341529779608122,1,0
78420.0,18000,0.05341529779608122,1,0
78420.0,19000,0.05341529779608122,1,0
78420.0,20000,0.05341529779608122,1,0
78420.0,21000,0.05341529779608122,1,0
78420.0,22000,0.05341529779608122,1,0
78420.0,23000,0.05341529779608122,1,0
78420.0,24000,0.05341529779608122,1,0
78420.0,25000,0.05341529779608122,1,0
78420.0,26000,0.05341529779608122,1,0
78420.0,27000,0.05341529779608122,1,0
78420.0,28000,0.05341529779608122,1,0
78420.0,29000,0.05341529779608122,1,0
78420.0,30000,0.05341529779608122,1,0
78420.0,31000,0.05341529779608122,1,0
78420.0,32000,0.05341529779608122,1,0
78420.0,33000,0.010415426687051364,1,0
78565.0,10000,0.1725015424804471,1,0
78565.0,11000,0.19993197067239332,1,0
78565.0,12000,0.19993197067239332,1,0
78565.0,13000,0.19993197067239332,1,0
78565.0,14000,0.19993197067239332,1,0
78565.0,15000,0.02777057482997957,1,0
79534.0,0,0.013212648332973661,1,0
79534.0,1000,0.026425296665947322,1,0
79534.0,2000,0.026425296665947322,1,0
79534.0,3000,0.026425296665947322,1,0
79534.0,4000,0.026425296665947322,1,0
79534.0,5000,0.026425296665947322,1,0
79534.0,6000,0.026425296665947322,1,0
79534.0,7000,0.026425296665947322,1,0
79534.0,8000,0.026425296665947322,1,0
79534.0,9000,0.026425296665947322,1,0
79534.0,10000,0.026425296665947322,1,0
79534.0,11000,0.026425296665947322,1,0
79534.0,12000,0.026425296665947322,1,0
79534.0,13000,0.026425296665947322,1,0
79534.0,14000,0.026425296665947322,1,0
79534.0,15000,0.026425296665947322,1,0
79534.0,16000,0.026425296665947322,1,0
79534.0,17000,0.026425296665947322,1,0
79534.0,18000,0.026425296665947322,1,0
79534.0,19000,0.026425296665947322,1,0
79534.0,20000,0.026425296665947322,1,0
79534.0,21000,0.026425296665947322,1,0
79534.0,22000,0.026425296665947322,1,0
79534.0,23000,0.026425296665947322,1,0
79534.0,24000,0.026425296665947322,1,0
79534.0,25000,0.026425296665947322,1,0
79534.0,26000,0.026425296665947322,1,0
79534.0,27000,0.026425296665947322,1,0
79534.0,28000,0.026425296665947322,1,0
79534.0,29000,0.026425296665947322,1,0
79534.0,30000,0.026425296665947322,1,0
79534.0,31000,0.026425296665947322,1,0
79534.0,32000,0.026425296665947322,1,0
79534.0,33000,0.026425296665947322,1,0
79534.0,34000,0.026425296665947322,1,0
79534.0,35000,0.026425296665947322,1,0
79534.0,36000,0.026425296665947322,1,0
79534.0,37000,0.026425296665947322,1,0
79534.0,38000,0.009051375026975401,1,0
80191.0,33000,0.004653211558765602,1,0
80191.0,34000,0.005780312236039157,1,0
80191.0,35000,0.005780312236039157,1,0
80191.0,36000,0.005780312236039157,1,0
80191.0,37000,0.005780312236039157,1,0
80191.0,38000,0.005780312236039157,1,0
80191.0,39000,0.005780312236039157,1,0
80191.0,40000,0.005780312236039157,1,0
80191.0,41000,0.005780312236039157,1,0
80191.0,42000,0.005780312236039157,1,0
80191.0,43000,0.005780312236039157,1,0
80191.0,44000,0.005780312236039157,1,0
80191.0,45000,0.005780312236039157,1,0
80191.0,46000,0.005780312236039157,1,0
80191.0,47000,0.005780312236039157,1,0
80191.0,48000,0.005780312236039157,1,0
80191.0,49000,0.005780312236039157,1,0
80191.0,50000,0.005780312236039157,1,0
80191.0,51000,0.005780312236039157,1,0
80191.0,52000,0.005780312236039157,1,0
80191.0,53000,0.005780312236039157,1,0
80191.0,54000,0.005780312236039157,1,0
80191.0,55000,0.005780312236039157,1,0
80191.0,56000,0.005780312236039157,1,0
80191.0,57000,0.005780312236039157,1,0
80191.0,58000,0.005780312236039157,1,0
80191.0,59000,0.005780312236039157,1,0
80191.0,60000,0.005780312236039157,1,0
80191.0,61000,0.005780312236039157,1,0
80191.0,62000,0.005780312236039157,1,0
80191.0,63000,0.005780312236039157,1,0
80191.0,64000,0.005780312236039157,1,0
80191.0,65000,0.005780312236039157,1,0
80191.0,66000,0.005780312236039157,1,0
80191.0,67000,0.005780312236039157,1,0
80191.0,68000,0.005780312236039157,1,0
80191.0,69000,0.005780312236039157,1,0
80191.0,70000,0.005780312236039157,1,0
80191.0,71000,0.005780312236039157,1,0
80191.0,72000,0.005780312236039157,1,0
80191.0,73000,0.005780312236039157,1,0
80191.0,74000,0.005780312236039157,1,0
80191.0,75000,0.005780312236039157,1,0
80191.0,76000,0.005780312236039157,1,0
80191.0,77000,0.005780312236039157,1,0
80191.0,78000,0.005780312236039157,1,0
80191.0,79000,0.005780312236039157,1,0
80191.0,80000,0.005780312236039157,1,0
80191.0,81000,0.005780312236039157,1,0
80191.0,82000,0.005780312236039157,1,0
80191.0,83000,0.005780312236039157,1,0
80191.0,84000,0.005780312236039157,1,0
80191.0,85000,0.005780312236039157,1,0
80191.0,86000,0.005780312236039157,1,0
80191.0,87000,0.005780312236039157,1,0
80191.0,88000,0.005780312236039157,1,0
80191.0,89000,0.005780312236039157,1,0
80191.0,90000,0.005780312236039157,1,0
80191.0,91000,0.005780312236039157,1,0
80191.0,92000,0.005780312236039157,1,0
80191.0,93000,0.005780312236039157,1,0
80191.0,94000,0.005780312236039157,1,0
80191.0,95000,0.005780312236039157,1,0
80191.0,96000,0.005780312236039157,1,0
80191.0,97000,0.005780312236039157,1,0
80191.0,98000,0.005780312236039157,1,0
80191.0,99000,0.005780312236039157,1,0
80191.0,100000,0.005780312236039157,1,0
80191.0,101000,0.005780312236039157,1,0
80191.0,102000,0.005780312236039157,1,0
80191.0,103000,0.005780312236039157,1,0
80191.0,104000,0.005780312236039157,1,0
80191.0,105000,0.005780312236039157,1,0
80191.0,106000,0.005780312236039157,1,0
80191.0,107000,0.005780312236039157,1,0
80191.0,108000,0.005780312236039157,1,0
80191.0,109000,0.005780312236039157,1,0
80191.0,110000,0.005780312236039157,1,0
80191.0,111000,0.005780312236039157,1,0
80191.0,112000,0.005780312236039157,1,0
80191.0,113000,0.005780312236039157,1,0
80191.0,114000,0.005780312236039157,1,0
80191.0,115000,0.005780312236039157,1,0
80191.0,116000,0.005780312236039157,1,0
80191.0,117000,0.005780312236039157,1,0
80191.0,118000,0.005780312236039157,1,0
80191.0,119000,0.005780312236039157,1,0
80191.0,120000,0.005780312236039157,1,0
80191.0,121000,0.005780312236039157,1,0
80191.0,122000,0.005780312236039157,1,0
80191.0,123000,0.005780312236039157,1,0
80191.0,124000,0.005780312236039157,1,0
80191.0,125000,0.005780312236039157,1,0
80191.0,126000,0.005780312236039157,1,0
80191.0,127000,0.005780312236039157,1,0
80191.0,128000,0.005780312236039157,1,0
80191.0,129000,0.005780312236039157,1,0
80191.0,130000,0.005780312236039157,1,0
80191.0,131000,0.005780312236039157,1,0
80191.0,132000,0.005780312236039157,1,0
80191.0,133000,0.005780312236039157,1,0
80191.0,134000,0.005780312236039157,1,0
80191.0,135000,0.005780312236039157,1,0
80191.0,136000,0.005780312236039157,1,0
80191.0,137000,0.005780312236039157,1,0
80191.0,138000,0.005780312236039157,1,0
80191.0,139000,0.005780312236039157,1,0
80191.0,140000,0.005780312236039157,1,0
80191.0,141000,0.005780312236039157,1,0
80191.0,142000,0.005780312236039157,1,0
80191.0,143000,0.005780312236039157,1,0
80191.0,144000,0.005780312236039157,1,0
80191.0,145000,0.005780312236039157,1,0
80191.0,146000,0.005780312236039157,1,0
80191.0,147000,0.005780312236039157,1,0
80191.0,148000,0.005780312236039157,1,0
80191.0,149000,0.005780312236039157,1,0
80191.0,150000,0.005780312236039157,1,0
80191.0,151000,0.005780312236039157,1,0
80191.0,152000,0.005780312236039157,1,0
80191.0,153000,0.005780312236039157,1,0
80191.0,154000,0.005780312236039157,1,0
80191.0,155000,0.005780312236039157,1,0
80191.0,156000,0.005780312236039157,1,0
80191.0,157000,0.005780312236039157,1,0
80191.0,158000,0.005780312236039157,1,0
80191.0,159000,0.005780312236039157,1,0
80191.0,160000,0.005780312236039157,1,0
80191.0,161000,0.005780312236039157,1,0
80191.0,162000,0.005780312236039157,1,0
80191.0,163000,0.005780312236039157,1,0
80191.0,164000,0.005780312236039157,1,0
80191.0,165000,0.005780312236039157,1,0
80191.0,166000,0.005780312236039157,1,0
80191.0,167000,0.005780312236039157,1,0
80191.0,168000,0.005780312236039157,1,0
80191.0,169000,0.005780312236039157,1,0
80191.0,170000,0.005780312236039157,1,0
80191.0,171000,0.005780312236039157,1,0
80191.0,172000,0.005780312236039157,1,0
80191.0,173000,0.005780312236039157,1,0
80191.0,174000,0.005780312236039157,1,0
80191.0,175000,0.005780312236039157,1,0
80191.0,176000,0.005780312236039157,1,0
80191.0,177000,0.005780312236039157,1,0
80191.0,178000,0.005780312236039157,1,0
80191.0,179000,0.005780312236039157,1,0
80191.0,180000,0.005780312236039157,1,0
80191.0,181000,0.005780312236039157,1,0
80191.0,182000,0.005780312236039157,1,0
80191.0,183000,0.005780312236039157,1,0
80191.0,184000,0.005780312236039157,1,0
80191.0,185000,0.005780312236039157,1,0
80191.0,186000,0.005780312236039157,1,0
80191.0,187000,0.005780312236039157,1,0
80191.0,188000,0.005780312236039157,1,0
80191.0,189000,0.005780312236039157,1,0
80191.0,190000,0.005780312236039157,1,0
80191.0,191000,0.005780312236039157,1,0
80191.0,192000,0.005780312236039157,1,0
80191.0,193000,0.005780312236039157,1,0
80191.0,194000,0.005780312236039157,1,0
80191.0,195000,0.005780312236039157,1,0
80191.0,196000,0.005780312236039157,1,0
80191.0,197000,0.005780312236039157,1,0
80191.0,198000,0.005780312236039157,1,0
80191.0,199000,0.005780312236039157,1,0
80191.0,200000,0.005780312236039157,1,0
80191.0,201000,0.005780312236039157,1,0
80191.0,202000,0.005780312236039157,1,0
80191.0,203000,0.005780312236039157,1,0
80191.0,204000,0.005780312236039157,1,0
80191.0,205000,0.005780312236039157,1,0
80191.0,206000,0.0011330838424993418,1,0
81034.0,0,0.0011567217615077107,1,0
81034.0,1000,0.07142878113010878,1,0
81034.0,2000,0.07142878113010878,1,0
81034.0,3000,0.07142878113010878,1,0
81034.0,4000,0.07142878113010878,1,0
81034.0,5000,0.07142878113010878,1,0
81034.0,6000,0.07142878113010878,1,0
81034.0,7000,0.07142878113010878,1,0
81034.0,8000,0.07142878113010878,1,0
81034.0,9000,0.07142878113010878,1,0
81034.0,10000,0.07142878113010878,1,0
81034.0,11000,0.07142878113010878,1,0
81034.0,12000,0.07142878113010878,1,0
81034.0,13000,0.07142878113010878,1,0
81034.0,14000,0.07026912354707816,1,0
81446.0,33000,0.001314367555110289,1,0
81446.0,34000,0.012461051497252768,1,0
81446.0,35000,0.012461051497252768,1,0
81446.0,36000,0.012461051497252768,1,0
81446.0,37000,0.012461051497252768,1,0
81446.0,38000,0.012461051497252768,1,0
81446.0,39000,0.012461051497252768,1,0
81446.0,40000,0.012461051497252768,1,0
81446.0,41000,0.012461051497252768,1,0
81446.0,42000,0.012461051497252768,1,0
81446.0,43000,0.012461051497252768,1,0
81446.0,44000,0.012461051497252768,1,0
81446.0,45000,0.012461051497252768,1,0
81446.0,46000,0.012461051497252768,1,0
81446.0,47000,0.012461051497252768,1,0
81446.0,48000,0.012461051497252768,1,0
81446.0,49000,0.012461051497252768,1,0
81446.0,50000,0.012461051497252768,1,0
81446.0,51000,0.012461051497252768,1,0
81446.0,52000,0.012461051497252768,1,0
81446.0,53000,0.012461051497252768,1,0
81446.0,54000,0.012461051497252768,1,0
81446.0,55000,0.012461051497252768,1,0
81446.0,56000,0.012461051497252768,1,0
81446.0,57000,0.012461051497252768,1,0
81446.0,58000,0.012461051497252768,1,0
81446.0,59000,0.012461051497252768,1,0
81446.0,60000,0.012461051497252768,1,0
81446.0,61000,0.012461051497252768,1,0
81446.0,62000,0.012461051497252768,1,0
81446.0,63000,0.012461051497252768,1,0
81446.0,64000,0.012461051497252768,1,0
81446.0,65000,0.012461051497252768,1,0
81446.0,66000,0.012461051497252768,1,0
81446.0,67000,0.012461051497252768,1,0
81446.0,68000,0.012461051497252768,1,0
81446.0,69000,0.012461051497252768,1,0
81446.0,70000,0.012461051497252768,1,0
81446.0,71000,0.012461051497252768,1,0
81446.0,72000,0.012461051497252768,1,0
81446.0,73000,0.012461051497252768,1,0
81446.0,74000,0.012461051497252768,1,0
81446.0,75000,0.012461051497252768,1,0
81446.0,76000,0.012461051497252768,1,0
81446.0,77000,0.012461051497252768,1,0
81446.0,78000,0.012461051497252768,1,0
81446.0,79000,0.012461051497252768,1,0
81446.0,80000,0.012461051497252768,1,0
81446.0,81000,0.012461051497252768,1,0
81446.0,82000,0.012461051497252768,1,0
81446.0,83000,0.012461051497252768,1,0
81446.0,84000,0.012461051497252768,1,0
81446.0,85000,0.012461051497252768,1,0
81446.0,86000,0.012461051497252768,1,0
81446.0,87000,0.012461051497252768,1,0
81446.0,88000,0.012461051497252768,1,0
81446.0,89000,0.012461051497252768,1,0
81446.0,90000,0.012461051497252768,1,0
81446.0,91000,0.012461051497252768,1,0
81446.0,92000,0.012461051497252768,1,0
81446.0,93000,0.012461051497252768,1,0
81446.0,94000,0.012461051497252768,1,0
81446.0,95000,0.012461051497252768,1,0
81446.0,96000,0.012461051497252768,1,0
81446.0,97000,0.012461051497252768,1,0
81446.0,98000,0.012461051497252768,1,0
81446.0,99000,0.012461051497252768,1,0
81446.0,100000,0.012461051497252768,1,0
81446.0,101000,0.012461051497252768,1,0
81446.0,102000,0.012461051497252768,1,0
81446.0,103000,0.012461051497252768,1,0
81446.0,104000,0.012461051497252768,1,0
81446.0,105000,0.012461051497252768,1,0
81446.0,106000,0.012461051497252768,1,0
81446.0,107000,0.012461051497252768,1,0
81446.0,108000,0.012461051497252768,1,0
81446.0,109000,0.012461051497252768,1,0
81446.0,110000,0.012461051497252768,1,0
81446.0,111000,0.012461051497252768,1,0
81446.0,112000,0.012461051497252768,1,0
81446.0,113000,0.012461051497252768,1,0
81446.0,114000,0.001801512664668321,1,0
81497.0,36000,0.00574890302984524,1,0
81497.0,37000,0.019048057826779857,1,0
81497.0,38000,0.019048057826779857,1,0
81497.0,39000,0.019048057826779857,1,0
81497.0,40000,0.019048057826779857,1,0
81497.0,41000,0.019048057826779857,1,0
81497.0,42000,0.019048057826779857,1,0
81497.0,43000,0.019048057826779857,1,0
81497.0,44000,0.019048057826779857,1,0
81497.0,45000,0.019048057826779857,1,0
81497.0,46000,0.019048057826779857,1,0
81497.0,47000,0.019048057826779857,1,0
81497.0,48000,0.019048057826779857,1,0
81497.0,49000,0.019048057826779857,1,0
81497.0,50000,0.019048057826779857,1,0
81497.0,51000,0.019048057826779857,1,0
81497.0,52000,0.019048057826779857,1,0
81497.0,53000,0.019048057826779857,1,0
81497.0,54000,0.019048057826779857,1,0
81497.0,55000,0.019048057826779857,1,0
81497.0,56000,0.019048057826779857,1,0
81497.0,57000,0.019048057826779857,1,0
81497.0,58000,0.019048057826779857,1,0
81497.0,59000,0.019048057826779857,1,0
81497.0,60000,0.019048057826779857,1,0
81497.0,61000,0.019048057826779857,1,0
81497.0,62000,0.019048057826779857,1,0
81497.0,63000,0.019048057826779857,1,0
81497.0,64000,0.019048057826779857,1,0
81497.0,65000,0.019048057826779857,1,0
81497.0,66000,0.019048057826779857,1,0
81497.0,67000,0.019048057826779857,1,0
81497.0,68000,0.019048057826779857,1,0
81497.0,69000,0.019048057826779857,1,0
81497.0,70000,0.019048057826779857,1,0
81497.0,71000,0.019048057826779857,1,0
81497.0,72000,0.019048057826779857,1,0
81497.0,73000,0.019048057826779857,1,0
81497.0,74000,0.019048057826779857,1,0
81497.0,75000,0.019048057826779857,1,0
81497.0,76000,0.019048057826779857,1,0
81497.0,77000,0.019048057826779857,1,0
81497.0,78000,0.019048057826779857,1,0
81497.0,79000,0.019048057826779857,1,0
81497.0,80000,0.019048057826779857,1,0
81497.0,81000,0.019048057826779857,1,0
81497.0,82000,0.019048057826779857,1,0
81497.0,83000,0.019048057826779857,1,0
81497.0,84000,0.019048057826779857,1,0
81497.0,85000,0.019048057826779857,1,0
81497.0,86000,0.019048057826779857,1,0
81497.0,87000,0.019048057826779857,1,0
81497.0,88000,0.019048057826779857,1,0
81497.0,89000,0.0037520899776022176,1,0
81826.0,2000,0.0009832118014319576,1,0
81826.0,3000,0.02964600774506365,1,0
81826.0,4000,0.02964600774506365,1,0
81826.0,5000,0.02964600774506365,1,0
81826.0,6000,0.02964600774506365,1,0
81826.0,7000,0.02964600774506365,1,0
81826.0,8000,0.02964600774506365,1,0
81826.0,9000,0.02964600774506365,1,0
81826.0,10000,0.02964600774506365,1,0
81826.0,11000,0.02964600774506365,1,0
81826.0,12000,0.02964600774506365,1,0
81826.0,13000,0.02964600774506365,1,0
81826.0,14000,0.02964600774506365,1,0
81826.0,15000,0.02964600774506365,1,0
81826.0,16000,0.02964600774506365,1,0
81826.0,17000,0.02964600774506365,1,0
81826.0,18000,0.02964600774506365,1,0
81826.0,19000,0.02964600774506365,1,0
81826.0,20000,0.02964600774506365,1,0
81826.0,21000,0.02964600774506365,1,0
81826.0,22000,0.02964600774506365,1,0
81826.0,23000,0.02964600774506365,1,0
81826.0,24000,0.02964600774506365,1,0
81826.0,25000,0.02964600774506365,1,0
81826.0,26000,0.02964600774506365,1,0
81826.0,27000,0.02964600774506365,1,0
81826.0,28000,0.02964600774506365,1,0
81826.0,29000,0.02964600774506365,1,0
81826.0,30000,0.02964600774506365,1,0
81826.0,31000,0.02964600774506365,1,0
81826.0,32000,0.02964600774506365,1,0
81826.0,33000,0.02964600774506365,1,0
81826.0,34000,0.02964600774506365,1,0
81826.0,35000,0.02964600774506365,1,0
81826.0,36000,0.02069853261146763,1,0
82049.0,58000,0.0030067477290743076,1,0
82049.0,59000,0.008864091895476397,1,0
82049.0,60000,0.008864091895476397,1,0
82049.0,61000,0.008864091895476397,1,0
82049.0,62000,0.008864091895476397,1,0
82049.0,63000,0.008864091895476397,1,0
82049.0,64000,0.008864091895476397,1,0
82049.0,65000,0.008864091895476397,1,0
82049.0,66000,0.008864091895476397,1,0
82049.0,67000,0.008864091895476397,1,0
82049.0,68000,0.008864091895476397,1,0
82049.0,69000,0.008864091895476397,1,0
82049.0,70000,0.008864091895476397,1,0
82049.0,71000,0.008864091895476397,1,0
82049.0,72000,0.008864091895476397,1,0
82049.0,73000,0.008864091895476397,1,0
82049.0,74000,0.008864091895476397,1,0
82049.0,75000,0.008864091895476397,1,0
82049.0,76000,0.008864091895476397,1,0
82049.0,77000,0.008864091895476397,1,0
82049.0,78000,0.008864091895476397,1,0
82049.0,79000,0.008864091895476397,1,0
82049.0,80000,0.008864091895476397,1,0
82049.0,81000,0.008864091895476397,1,0
82049.0,82000,0.008864091895476397,1,0
82049.0,83000,0.008864091895476397,1,0
82049.0,84000,0.008864091895476397,1,0
82049.0,85000,0.008864091895476397,1,0
82049.0,86000,0.008864091895476397,1,0
82049.0,87000,0.008864091895476397,1,0
82049.0,88000,0.008864091895476397,1,0
82049.0,89000,0.008864091895476397,1,0
82049.0,90000,0.008864091895476397,1,0
82049.0,91000,0.008864091895476397,1,0
82049.0,92000,0.008864091895476397,1,0
82049.0,93000,0.008864091895476397,1,0
82049.0,94000,0.008864091895476397,1,0
82049.0,95000,0.008864091895476397,1,0
82049.0,96000,0.008864091895476397,1,0
82049.0,97000,0.008864091895476397,1,0
82049.0,98000,0.008864091895476397,1,0
82049.0,99000,0.008864091895476397,1,0
82049.0,100000,0.008864091895476397,1,0
82049.0,101000,0.008864091895476397,1,0
82049.0,102000,0.008864091895476397,1,0
82049.0,103000,0.008864091895476397,1,0
82049.0,104000,0.008864091895476397,1,0
82049.0,105000,0.008864091895476397,1,0
82049.0,106000,0.008864091895476397,1,0
82049.0,107000,0.008864091895476397,1,0
82049.0,108000,0.008864091895476397,1,0
82049.0,109000,0.008864091895476397,1,0
82049.0,110000,0.008864091895476397,1,0
82049.0,111000,0.008864091895476397,1,0
82049.0,112000,0.008864091895476397,1,0
82049.0,113000,0.008864091895476397,1,0
82049.0,114000,0.008864091895476397,1,0
82049.0,115000,0.008864091895476397,1,0
82049.0,116000,0.008864091895476397,1,0
82049.0,117000,0.008864091895476397,1,0
82049.0,118000,0.008864091895476397,1,0
82049.0,119000,0.008864091895476397,1,0
82049.0,120000,0.008864091895476397,1,0
82049.0,121000,0.008864091895476397,1,0
82049.0,122000,0.008864091895476397,1,0
82049.0,123000,0.008864091895476397,1,0
82049.0,124000,0.008864091895476397,1,0
82049.0,125000,0.008864091895476397,1,0
82049.0,126000,0.008864091895476397,1,0
82049.0,127000,0.008864091895476397,1,0
82049.0,128000,0.008864091895476397,1,0
82049.0,129000,0.008864091895476397,1,0
82049.0,130000,0.008864091895476397,1,0
82049.0,131000,0.008864091895476397,1,0
82049.0,132000,0.008864091895476397,1,0
82049.0,133000,0.008864091895476397,1,0
82049.0,134000,0.008864091895476397,1,0
82049.0,135000,0.008864091895476397,1,0
82049.0,136000,0.008864091895476397,1,0
82049.0,137000,0.008864091895476397,1,0
82049.0,138000,0.008864091895476397,1,0
82049.0,139000,0.008864091895476397,1,0
82049.0,140000,0.008864091895476397,1,0
82049.0,141000,0.008864091895476397,1,0
82049.0,142000,0.008864091895476397,1,0
82049.0,143000,0.008864091895476397,1,0
82049.0,144000,0.008864091895476397,1,0
82049.0,145000,0.008864091895476397,1,0
82049.0,146000,0.008864091895476397,1,0
82049.0,147000,0.008864091895476397,1,0
82049.0,148000,0.008864091895476397,1,0
82049.0,149000,0.008864091895476397,1,0
82049.0,150000,0.008864091895476397,1,0
82049.0,151000,0.008864091895476397,1,0
82049.0,152000,0.008864091895476397,1,0
82049.0,153000,0.008864091895476397,1,0
82049.0,154000,0.008864091895476397,1,0
82049.0,155000,0.008864091895476397,1,0
82049.0,156000,0.008864091895476397,1,0
82049.0,157000,0.008864091895476397,1,0
82049.0,158000,0.008864091895476397,1,0
82049.0,159000,0.008864091895476397,1,0
82049.0,160000,0.008864091895476397,1,0
82049.0,161000,0.008864091895476397,1,0
82049.0,162000,0.008864091895476397,1,0
82049.0,163000,0.008864091895476397,1,0
82049.0,164000,0.008864091895476397,1,0
82049.0,165000,0.008864091895476397,1,0
82049.0,166000,0.008864091895476397,1,0
82049.0,167000,0.008864091895476397,1,0
82049.0,168000,0.008864091895476397,1,0
82049.0,169000,0.008864091895476397,1,0
82049.0,170000,0.008864091895476397,1,0
82049.0,171000,0.004214959977569334,1,0
82258.0,33000,0.001314367555110289,1,0
82258.0,34000,0.012461051497252768,1,0
82258.0,35000,0.012461051497252768,1,0
82258.0,36000,0.012461051497252768,1,0
82258.0,37000,0.012461051497252768,1,0
82258.0,38000,0.012461051497252768,1,0
82258.0,39000,0.012461051497252768,1,0
82258.0,40000,0.012461051497252768,1,0
82258.0,41000,0.012461051497252768,1,0
82258.0,42000,0.012461051497252768,1,0
82258.0,43000,0.012461051497252768,1,0
82258.0,44000,0.012461051497252768,1,0
82258.0,45000,0.012461051497252768,1,0
82258.0,46000,0.012461051497252768,1,0
82258.0,47000,0.012461051497252768,1,0
82258.0,48000,0.012461051497252768,1,0
82258.0,49000,0.012461051497252768,1,0
82258.0,50000,0.012461051497252768,1,0
82258.0,51000,0.012461051497252768,1,0
82258.0,52000,0.012461051497252768,1,0
82258.0,53000,0.012461051497252768,1,0
82258.0,54000,0.012461051497252768,1,0
82258.0,55000,0.012461051497252768,1,0
82258.0,56000,0.012461051497252768,1,0
82258.0,57000,0.012461051497252768,1,0
82258.0,58000,0.012461051497252768,1,0
82258.0,59000,0.012461051497252768,1,0
82258.0,60000,0.012461051497252768,1,0
82258.0,61000,0.012461051497252768,1,0
82258.0,62000,0.012461051497252768,1,0
82258.0,63000,0.012461051497252768,1,0
82258.0,64000,0.012461051497252768,1,0
82258.0,65000,0.012461051497252768,1,0
82258.0,66000,0.012461051497252768,1,0
82258.0,67000,0.012461051497252768,1,0
82258.0,68000,0.012461051497252768,1,0
82258.0,69000,0.012461051497252768,1,0
82258.0,70000,0.012461051497252768,1,0
82258.0,71000,0.012461051497252768,1,0
82258.0,72000,0.012461051497252768,1,0
82258.0,73000,0.012461051497252768,1,0
82258.0,74000,0.012461051497252768,1,0
82258.0,75000,0.012461051497252768,1,0
82258.0,76000,0.012461051497252768,1,0
82258.0,77000,0.012461051497252768,1,0
82258.0,78000,0.012461051497252768,1,0
82258.0,79000,0.012461051497252768,1,0
82258.0,80000,0.012461051497252768,1,0
82258.0,81000,0.012461051497252768,1,0
82258.0,82000,0.012461051497252768,1,0
82258.0,83000,0.012461051497252768,1,0
82258.0,84000,0.012461051497252768,1,0
82258.0,85000,0.012461051497252768,1,0
82258.0,86000,0.012461051497252768,1,0
82258.0,87000,0.012461051497252768,1,0
82258.0,88000,0.012461051497252768,1,0
82258.0,89000,0.012461051497252768,1,0
82258.0,90000,0.012461051497252768,1,0
82258.0,91000,0.012461051497252768,1,0
82258.0,92000,0.012461051497252768,1,0
82258.0,93000,0.012461051497252768,1,0
82258.0,94000,0.012461051497252768,1,0
82258.0,95000,0.012461051497252768,1,0
82258.0,96000,0.012461051497252768,1,0
82258.0,97000,0.012461051497252768,1,0
82258.0,98000,0.012461051497252768,1,0
82258.0,99000,0.012461051497252768,1,0
82258.0,100000,0.012461051497252768,1,0
82258.0,101000,0.012461051497252768,1,0
82258.0,102000,0.012461051497252768,1,0
82258.0,103000,0.012461051497252768,1,0
82258.0,104000,0.012461051497252768,1,0
82258.0,105000,0.012461051497252768,1,0
82258.0,106000,0.012461051497252768,1,0
82258.0,107000,0.012461051497252768,1,0
82258.0,108000,0.012461051497252768,1,0
82258.0,109000,0.012461051497252768,1,0
82258.0,110000,0.012461051497252768,1,0
82258.0,111000,0.012461051497252768,1,0
82258.0,112000,0.012461051497252768,1,0
82258.0,113000,0.012461051497252768,1,0
82258.0,114000,0.001801512664668321,1,0
83438.0,58000,0.001789808875724035,1,0
83438.0,59000,0.005276475374487614,1,0
83438.0,60000,0.005276475374487614,1,0
83438.0,61000,0.005276475374487614,1,0
83438.0,62000,0.005276475374487614,1,0
83438.0,63000,0.005276475374487614,1,0
83438.0,64000,0.005276475374487614,1,0
83438.0,65000,0.005276475374487614,1,0
83438.0,66000,0.005276475374487614,1,0
83438.0,67000,0.005276475374487614,1,0
83438.0,68000,0.005276475374487614,1,0
83438.0,69000,0.005276475374487614,1,0
83438.0,70000,0.005276475374487614,1,0
83438.0,71000,0.005276475374487614,1,0
83438.0,72000,0.005276475374487614,1,0
83438.0,73000,0.005276475374487614,1,0
83438.0,74000,0.005276475374487614,1,0
83438.0,75000,0.005276475374487614,1,0
83438.0,76000,0.005276475374487614,1,0
83438.0,77000,0.005276475374487614,1,0
83438.0,78000,0.005276475374487614,1,0
83438.0,79000,0.005276475374487614,1,0
83438.0,80000,0.005276475374487614,1,0
83438.0,81000,0.005276475374487614,1,0
83438.0,82000,0.005276475374487614,1,0
83438.0,83000,0.005276475374487614,1,0
83438.0,84000,0.005276475374487614,1,0
83438.0,85000,0.005276475374487614,1,0
83438.0,86000,0.005276475374487614,1,0
83438.0,87000,0.005276475374487614,1,0
83438.0,88000,0.005276475374487614,1,0
83438.0,89000,0.005276475374487614,1,0
83438.0,90000,0.005276475374487614,1,0
83438.0,91000,0.005276475374487614,1,0
83438.0,92000,0.005276475374487614,1,0
83438.0,93000,0.005276475374487614,1,0
83438.0,94000,0.005276475374487614,1,0
83438.0,95000,0.005276475374487614,1,0
83438.0,96000,0.005276475374487614,1,0
83438.0,97000,0.005276475374487614,1,0
83438.0,98000,0.005276475374487614,1,0
83438.0,99000,0.005276475374487614,1,0
83438.0,100000,0.005276475374487614,1,0
83438.0,101000,0.005276475374487614,1,0
83438.0,102000,0.005276475374487614,1,0
83438.0,103000,0.005276475374487614,1,0
83438.0,104000,0.005276475374487614,1,0
83438.0,105000,0.005276475374487614,1,0
83438.0,106000,0.005276475374487614,1,0
83438.0,107000,0.005276475374487614,1,0
83438.0,108000,0.005276475374487614,1,0
83438.0,109000,0.005276475374487614,1,0
83438.0,110000,0.005276475374487614,1,0
83438.0,111000,0.005276475374487614,1,0
83438.0,112000,0.005276475374487614,1,0
83438.0,113000,0.005276475374487614,1,0
83438.0,114000,0.005276475374487614,1,0
83438.0,115000,0.005276475374487614,1,0
83438.0,116000,0.005276475374487614,1,0
83438.0,117000,0.005276475374487614,1,0
83438.0,118000,0.005276475374487614,1,0
83438.0,119000,0.005276475374487614,1,0
83438.0,120000,0.005276475374487614,1,0
83438.0,121000,0.005276475374487614,1,0
83438.0,122000,0.005276475374487614,1,0
83438.0,123000,0.005276475374487614,1,0
83438.0,124000,0.005276475374487614,1,0
83438.0,125000,0.005276475374487614,1,0
83438.0,126000,0.005276475374487614,1,0
83438.0,127000,0.005276475374487614,1,0
83438.0,128000,0.005276475374487614,1,0
83438.0,129000,0.005276475374487614,1,0
83438.0,130000,0.005276475374487614,1,0
83438.0,131000,0.005276475374487614,1,0
83438.0,132000,0.005276475374487614,1,0
83438.0,133000,0.005276475374487614,1,0
83438.0,134000,0.005276475374487614,1,0
83438.0,135000,0.005276475374487614,1,0
83438.0,136000,0.005276475374487614,1,0
83438.0,137000,0.005276475374487614,1,0
83438.0,138000,0.005276475374487614,1,0
83438.0,139000,0.005276475374487614,1,0
83438.0,140000,0.005276475374487614,1,0
83438.0,141000,0.005276475374487614,1,0
83438.0,142000,0.005276475374487614,1,0
83438.0,143000,0.005276475374487614,1,0
83438.0,144000,0.005276475374487614,1,0
83438.0,145000,0.005276475374487614,1,0
83438.0,146000,0.005276475374487614,1,0
83438.0,147000,0.005276475374487614,1,0
83438.0,148000,0.005276475374487614,1,0
83438.0,149000,0.005276475374487614,1,0
83438.0,150000,0.005276475374487614,1,0
83438.0,151000,0.005276475374487614,1,0
83438.0,152000,0.005276475374487614,1,0
83438.0,153000,0.005276475374487614,1,0
83438.0,154000,0.005276475374487614,1,0
83438.0,155000,0.005276475374487614,1,0
83438.0,156000,0.005276475374487614,1,0
83438.0,157000,0.005276475374487614,1,0
83438.0,158000,0.005276475374487614,1,0
83438.0,159000,0.005276475374487614,1,0
83438.0,160000,0.005276475374487614,1,0
83438.0,161000,0.005276475374487614,1,0
83438.0,162000,0.005276475374487614,1,0
83438.0,163000,0.005276475374487614,1,0
83438.0,164000,0.005276475374487614,1,0
83438.0,165000,0.005276475374487614,1,0
83438.0,166000,0.005276475374487614,1,0
83438.0,167000,0.005276475374487614,1,0
83438.0,168000,0.005276475374487614,1,0
83438.0,169000,0.005276475374487614,1,0
83438.0,170000,0.005276475374487614,1,0
83438.0,171000,0.005276475374487614,1,0
83438.0,172000,0.005276475374487614,1,0
83438.0,173000,0.005276475374487614,1,0
83438.0,174000,0.005276475374487614,1,0
83438.0,175000,0.005276475374487614,1,0
83438.0,176000,0.005276475374487614,1,0
83438.0,177000,0.005276475374487614,1,0
83438.0,178000,0.005276475374487614,1,0
83438.0,179000,0.005276475374487614,1,0
83438.0,180000,0.005276475374487614,1,0
83438.0,181000,0.005276475374487614,1,0
83438.0,182000,0.005276475374487614,1,0
83438.0,183000,0.005276475374487614,1,0
83438.0,184000,0.005276475374487614,1,0
83438.0,185000,0.005276475374487614,1,0
83438.0,186000,0.005276475374487614,1,0
83438.0,187000,0.005276475374487614,1,0
83438.0,188000,0.005276475374487614,1,0
83438.0,189000,0.005276475374487614,1,0
83438.0,190000,0.005276475374487614,1,0
83438.0,191000,0.005276475374487614,1,0
83438.0,192000,0.005276475374487614,1,0
83438.0,193000,0.005276475374487614,1,0
83438.0,194000,0.005276475374487614,1,0
83438.0,195000,0.005276475374487614,1,0
83438.0,196000,0.005276475374487614,1,0
83438.0,197000,0.005276475374487614,1,0
83438.0,198000,0.005276475374487614,1,0
83438.0,199000,0.005276475374487614,1,0
83438.0,200000,0.005276475374487614,1,0
83438.0,201000,0.005276475374487614,1,0
83438.0,202000,0.005276475374487614,1,0
83438.0,203000,0.005276475374487614,1,0
83438.0,204000,0.005276475374487614,1,0
83438.0,205000,0.005276475374487614,1,0
83438.0,206000,0.005276475374487614,1,0
83438.0,207000,0.005276475374487614,1,0
83438.0,208000,0.005276475374487614,1,0
83438.0,209000,0.005276475374487614,1,0
83438.0,210000,0.005276475374487614,1,0
83438.0,211000,0.005276475374487614,1,0
83438.0,212000,0.005276475374487614,1,0
83438.0,213000,0.005276475374487614,1,0
83438.0,214000,0.005276475374487614,1,0
83438.0,215000,0.005276475374487614,1,0
83438.0,216000,0.005276475374487614,1,0
83438.0,217000,0.005276475374487614,1,0
83438.0,218000,0.005276475374487614,1,0
83438.0,219000,0.005276475374487614,1,0
83438.0,220000,0.005276475374487614,1,0
83438.0,221000,0.005276475374487614,1,0
83438.0,222000,0.005276475374487614,1,0
83438.0,223000,0.005276475374487614,1,0
83438.0,224000,0.005276475374487614,1,0
83438.0,225000,0.005276475374487614,1,0
83438.0,226000,0.005276475374487614,1,0
83438.0,227000,0.005276475374487614,1,0
83438.0,228000,0.005276475374487614,1,0
83438.0,229000,0.005276475374487614,1,0
83438.0,230000,0.005276475374487614,1,0
83438.0,231000,0.005276475374487614,1,0
83438.0,232000,0.005276475374487614,1,0
83438.0,233000,0.005276475374487614,1,0
83438.0,234000,0.005276475374487614,1,0
83438.0,235000,0.005276475374487614,1,0
83438.0,236000,0.005276475374487614,1,0
83438.0,237000,0.005276475374487614,1,0
83438.0,238000,0.005276475374487614,1,0
83438.0,239000,0.005276475374487614,1,0
83438.0,240000,0.005276475374487614,1,0
83438.0,241000,0.005276475374487614,1,0
83438.0,242000,0.005276475374487614,1,0
83438.0,243000,0.005276475374487614,1,0
83438.0,244000,0.005276475374487614,1,0
83438.0,245000,0.005276475374487614,1,0
83438.0,246000,0.005276475374487614,1,0
83438.0,247000,0.005276475374487614,1,0
83438.0,248000,0.0009563453461169662,1,0
83460.0,1000,0.005699917121786877,1,0
83460.0,2000,0.07971133028822727,1,0
83460.0,3000,0.07971133028822727,1,0
83460.0,4000,0.07971133028822727,1,0
83460.0,5000,0.07971133028822727,1,0
83460.0,6000,0.07971133028822727,1,0
83460.0,7000,0.07971133028822727,1,0
83460.0,8000,0.07971133028822727,1,0
83460.0,9000,0.07971133028822727,1,0
83460.0,10000,0.07971133028822727,1,0
83460.0,11000,0.07971133028822727,1,0
83460.0,12000,0.07971133028822727,1,0
83460.0,13000,0.07971133028822727,1,0
83460.0,14000,0.037764119419485945,1,0
83640.0,0,0.7390912333405466,1,0
83640.0,1000,0.26090876665945334,1,0
83996.0,6000,0.03139340607859179,1,0
83996.0,7000,0.12960095915984784,1,0
83996.0,8000,0.12960095915984784,1,0
83996.0,9000,0.12960095915984784,1,0
83996.0,10000,0.12960095915984784,1,0
83996.0,11000,0.12960095915984784,1,0
83996.0,12000,0.12960095915984784,1,0
83996.0,13000,0.12960095915984784,1,0
83996.0,14000,0.06139987980247343,1,0
84683.0,58000,0.002842566676766942,1,0
84683.0,59000,0.008380075254813112,1,0
84683.0,60000,0.008380075254813112,1,0
84683.0,61000,0.008380075254813112,1,0
84683.0,62000,0.008380075254813112,1,0
84683.0,63000,0.008380075254813112,1,0
84683.0,64000,0.008380075254813112,1,0
84683.0,65000,0.008380075254813112,1,0
84683.0,66000,0.008380075254813112,1,0
84683.0,67000,0.008380075254813112,1,0
84683.0,68000,0.008380075254813112,1,0
84683.0,69000,0.008380075254813112,1,0
84683.0,70000,0.008380075254813112,1,0
84683.0,71000,0.008380075254813112,1,0
84683.0,72000,0.008380075254813112,1,0
84683.0,73000,0.008380075254813112,1,0
84683.0,74000,0.008380075254813112,1,0
84683.0,75000,0.008380075254813112,1,0
84683.0,76000,0.008380075254813112,1,0
84683.0,77000,0.008380075254813112,1,0
84683.0,78000,0.008380075254813112,1,0
84683.0,79000,0.008380075254813112,1,0
84683.0,80000,0.008380075254813112,1,0
84683.0,81000,0.008380075254813112,1,0
84683.0,82000,0.008380075254813112,1,0
84683.0,83000,0.008380075254813112,1,0
84683.0,84000,0.008380075254813112,1,0
84683.0,85000,0.008380075254813112,1,0
84683.0,86000,0.008380075254813112,1,0
84683.0,87000,0.008380075254813112,1,0
84683.0,88000,0.008380075254813112,1,0
84683.0,89000,0.008380075254813112,1,0
84683.0,90000,0.008380075254813112,1,0
84683.0,91000,0.008380075254813112,1,0
84683.0,92000,0.008380075254813112,1,0
84683.0,93000,0.008380075254813112,1,0
84683.0,94000,0.008380075254813112,1,0
84683.0,95000,0.008380075254813112,1,0
84683.0,96000,0.008380075254813112,1,0
84683.0,97000,0.008380075254813112,1,0
84683.0,98000,0.008380075254813112,1,0
84683.0,99000,0.008380075254813112,1,0
84683.0,100000,0.008380075254813112,1,0
84683.0,101000,0.008380075254813112,1,0
84683.0,102000,0.008380075254813112,1,0
84683.0,103000,0.008380075254813112,1,0
84683.0,104000,0.008380075254813112,1,0
84683.0,105000,0.008380075254813112,1,0
84683.0,106000,0.008380075254813112,1,0
84683.0,107000,0.008380075254813112,1,0
84683.0,108000,0.008380075254813112,1,0
84683.0,109000,0.008380075254813112,1,0
84683.0,110000,0.008380075254813112,1,0
84683.0,111000,0.008380075254813112,1,0
84683.0,112000,0.008380075254813112,1,0
84683.0,113000,0.008380075254813112,1,0
84683.0,114000,0.008380075254813112,1,0
84683.0,115000,0.008380075254813112,1,0
84683.0,116000,0.008380075254813112,1,0
84683.0,117000,0.008380075254813112,1,0
84683.0,118000,0.008380075254813112,1,0
84683.0,119000,0.008380075254813112,1,0
84683.0,120000,0.008380075254813112,1,0
84683.0,121000,0.008380075254813112,1,0
84683.0,122000,0.008380075254813112,1,0
84683.0,123000,0.008380075254813112,1,0
84683.0,124000,0.008380075254813112,1,0
84683.0,125000,0.008380075254813112,1,0
84683.0,126000,0.008380075254813112,1,0
84683.0,127000,0.008380075254813112,1,0
84683.0,128000,0.008380075254813112,1,0
84683.0,129000,0.008380075254813112,1,0
84683.0,130000,0.008380075254813112,1,0
84683.0,131000,0.008380075254813112,1,0
84683.0,132000,0.008380075254813112,1,0
84683.0,133000,0.008380075254813112,1,0
84683.0,134000,0.008380075254813112,1,0
84683.0,135000,0.008380075254813112,1,0
84683.0,136000,0.008380075254813112,1,0
84683.0,137000,0.008380075254813112,1,0
84683.0,138000,0.008380075254813112,1,0
84683.0,139000,0.008380075254813112,1,0
84683.0,140000,0.008380075254813112,1,0
84683.0,141000,0.008380075254813112,1,0
84683.0,142000,0.008380075254813112,1,0
84683.0,143000,0.008380075254813112,1,0
84683.0,144000,0.008380075254813112,1,0
84683.0,145000,0.008380075254813112,1,0
84683.0,146000,0.008380075254813112,1,0
84683.0,147000,0.008380075254813112,1,0
84683.0,148000,0.008380075254813112,1,0
84683.0,149000,0.008380075254813112,1,0
84683.0,150000,0.008380075254813112,1,0
84683.0,151000,0.008380075254813112,1,0
84683.0,152000,0.008380075254813112,1,0
84683.0,153000,0.008380075254813112,1,0
84683.0,154000,0.008380075254813112,1,0
84683.0,155000,0.008380075254813112,1,0
84683.0,156000,0.008380075254813112,1,0
84683.0,157000,0.008380075254813112,1,0
84683.0,158000,0.008380075254813112,1,0
84683.0,159000,0.008380075254813112,1,0
84683.0,160000,0.008380075254813112,1,0
84683.0,161000,0.008380075254813112,1,0
84683.0,162000,0.008380075254813112,1,0
84683.0,163000,0.008380075254813112,1,0
84683.0,164000,0.008380075254813112,1,0
84683.0,165000,0.008380075254813112,1,0
84683.0,166000,0.008380075254813112,1,0
84683.0,167000,0.008380075254813112,1,0
84683.0,168000,0.008380075254813112,1,0
84683.0,169000,0.008380075254813112,1,0
84683.0,170000,0.008380075254813112,1,0
84683.0,171000,0.008380075254813112,1,0
84683.0,172000,0.008380075254813112,1,0
84683.0,173000,0.008380075254813112,1,0
84683.0,174000,0.008380075254813112,1,0
84683.0,175000,0.008380075254813112,1,0
84683.0,176000,0.008380075254813112,1,0
84683.0,177000,0.008308553255285818,1,0
86044.0,18000,0.02696661624412378,1,0
86044.0,19000,0.042098607761642134,1,0
86044.0,20000,0.042098607761642134,1,0
86044.0,21000,0.042098607761642134,1,0
86044.0,22000,0.042098607761642134,1,0
86044.0,23000,0.042098607761642134,1,0
86044.0,24000,0.042098607761642134,1,0
86044.0,25000,0.042098607761642134,1,0
86044.0,26000,0.042098607761642134,1,0
86044.0,27000,0.042098607761642134,1,0
86044.0,28000,0.042098607761642134,1,0
86044.0,29000,0.042098607761642134,1,0
86044.0,30000,0.042098607761642134,1,0
86044.0,31000,0.042098607761642134,1,0
86044.0,32000,0.042098607761642134,1,0
86044.0,33000,0.042098607761642134,1,0
86044.0,34000,0.042098607761642134,1,0
86044.0,35000,0.042098607761642134,1,0
86044.0,36000,0.042098607761642134,1,0
86044.0,37000,0.042098607761642134,1,0
86044.0,38000,0.042098607761642134,1,0
86044.0,39000,0.042098607761642134,1,0
86044.0,40000,0.042098607761642134,1,0
86044.0,41000,0.042098607761642134,1,0
86044.0,42000,0.004765405238107132,1,0
86133.0,6000,0.03139340607859179,1,0
86133.0,7000,0.12960095915984784,1,0
86133.0,8000,0.12960095915984784,1,0
86133.0,9000,0.12960095915984784,1,0
86133.0,10000,0.12960095915984784,1,0
86133.0,11000,0.12960095915984784,1,0
86133.0,12000,0.12960095915984784,1,0
86133.0,13000,0.12960095915984784,1,0
86133.0,14000,0.06139987980247343,1,0
86746.0,0,0.002043676316344727,1,0
86746.0,1000,0.004087352632689454,1,0
86746.0,2000,0.004087352632689454,1,0
86746.0,3000,0.004087352632689454,1,0
86746.0,4000,0.004087352632689454,1,0
86746.0,5000,0.004087352632689454,1,0
86746.0,6000,0.004087352632689454,1,0
86746.0,7000,0.004087352632689454,1,0
86746.0,8000,0.004087352632689454,1,0
86746.0,9000,0.004087352632689454,1,0
86746.0,10000,0.004087352632689454,1,0
86746.0,11000,0.004087352632689454,1,0
86746.0,12000,0.004087352632689454,1,0
86746.0,13000,0.004087352632689454,1,0
86746.0,14000,0.004087352632689454,1,0
86746.0,15000,0.004087352632689454,1,0
86746.0,16000,0.004087352632689454,1,0
86746.0,17000,0.004087352632689454,1,0
86746.0,18000,0.004087352632689454,1,0
86746.0,19000,0.004087352632689454,1,0
86746.0,20000,0.004087352632689454,1,0
86746.0,21000,0.004087352632689454,1,0
86746.0,22000,0.004087352632689454,1,0
86746.0,23000,0.004087352632689454,1,0
86746.0,24000,0.004087352632689454,1,0
86746.0,25000,0.004087352632689454,1,0
86746.0,26000,0.004087352632689454,1,0
86746.0,27000,0.004087352632689454,1,0
86746.0,28000,0.004087352632689454,1,0
86746.0,29000,0.004087352632689454,1,0
86746.0,30000,0.004087352632689454,1,0
86746.0,31000,0.004087352632689454,1,0
86746.0,32000,0.004087352632689454,1,0
86746.0,33000,0.004087352632689454,1,0
86746.0,34000,0.004087352632689454,1,0
86746.0,35000,0.004087352632689454,1,0
86746.0,36000,0.004087352632689454,1,0
86746.0,37000,0.004087352632689454,1,0
86746.0,38000,0.004087352632689454,1,0
86746.0,39000,0.004087352632689454,1,0
86746.0,40000,0.004087352632689454,1,0
86746.0,41000,0.004087352632689454,1,0
86746.0,42000,0.004087352632689454,1,0
86746.0,43000,0.004087352632689454,1,0
86746.0,44000,0.004087352632689454,1,0
86746.0,45000,0.004087352632689454,1,0
86746.0,46000,0.004087352632689454,1,0
86746.0,47000,0.004087352632689454,1,0
86746.0,48000,0.004087352632689454,1,0
86746.0,49000,0.004087352632689454,1,0
86746.0,50000,0.004087352632689454,1,0
86746.0,51000,0.004087352632689454,1,0
86746.0,52000,0.004087352632689454,1,0
86746.0,53000,0.004087352632689454,1,0
86746.0,54000,0.004087352632689454,1,0
86746.0,55000,0.004087352632689454,1,0
86746.0,56000,0.004087352632689454,1,0
86746.0,57000,0.004087352632689454,1,0
86746.0,58000,0.004087352632689454,1,0
86746.0,59000,0.004087352632689454,1,0
86746.0,60000,0.004087352632689454,1,0
86746.0,61000,0.004087352632689454,1,0
86746.0,62000,0.004087352632689454,1,0
86746.0,63000,0.004087352632689454,1,0
86746.0,64000,0.004087352632689454,1,0
86746.0,65000,0.004087352632689454,1,0
86746.0,66000,0.004087352632689454,1,0
86746.0,67000,0.004087352632689454,1,0
86746.0,68000,0.004087352632689454,1,0
86746.0,69000,0.004087352632689454,1,0
86746.0,70000,0.004087352632689454,1,0
86746.0,71000,0.004087352632689454,1,0
86746.0,72000,0.004087352632689454,1,0
86746.0,73000,0.004087352632689454,1,0
86746.0,74000,0.004087352632689454,1,0
86746.0,75000,0.004087352632689454,1,0
86746.0,76000,0.004087352632689454,1,0
86746.0,77000,0.004087352632689454,1,0
86746.0,78000,0.004087352632689454,1,0
86746.0,79000,0.004087352632689454,1,0
86746.0,80000,0.004087352632689454,1,0
86746.0,81000,0.004087352632689454,1,0
86746.0,82000,0.004087352632689454,1,0
86746.0,83000,0.004087352632689454,1,0
86746.0,84000,0.004087352632689454,1,0
86746.0,85000,0.004087352632689454,1,0
86746.0,86000,0.004087352632689454,1,0
86746.0,87000,0.004087352632689454,1,0
86746.0,88000,0.004087352632689454,1,0
86746.0,89000,0.004087352632689454,1,0
86746.0,90000,0.004087352632689454,1,0
86746.0,91000,0.004087352632689454,1,0
86746.0,92000,0.004087352632689454,1,0
86746.0,93000,0.004087352632689454,1,0
86746.0,94000,0.004087352632689454,1,0
86746.0,95000,0.004087352632689454,1,0
86746.0,96000,0.004087352632689454,1,0
86746.0,97000,0.004087352632689454,1,0
86746.0,98000,0.004087352632689454,1,0
86746.0,99000,0.004087352632689454,1,0
86746.0,100000,0.004087352632689454,1,0
86746.0,101000,0.004087352632689454,1,0
86746.0,102000,0.004087352632689454,1,0
86746.0,103000,0.004087352632689454,1,0
86746.0,104000,0.004087352632689454,1,0
86746.0,105000,0.004087352632689454,1,0
86746.0,106000,0.004087352632689454,1,0
86746.0,107000,0.004087352632689454,1,0
86746.0,108000,0.004087352632689454,1,0
86746.0,109000,0.004087352632689454,1,0
86746.0,110000,0.004087352632689454,1,0
86746.0,111000,0.004087352632689454,1,0
86746.0,112000,0.004087352632689454,1,0
86746.0,113000,0.004087352632689454,1,0
86746.0,114000,0.004087352632689454,1,0
86746.0,115000,0.004087352632689454,1,0
86746.0,116000,0.004087352632689454,1,0
86746.0,117000,0.004087352632689454,1,0
86746.0,118000,0.004087352632689454,1,0
86746.0,119000,0.004087352632689454,1,0
86746.0,120000,0.004087352632689454,1,0
86746.0,121000,0.004087352632689454,1,0
86746.0,122000,0.004087352632689454,1,0
86746.0,123000,0.004087352632689454,1,0
86746.0,124000,0.004087352632689454,1,0
86746.0,125000,0.004087352632689454,1,0
86746.0,126000,0.004087352632689454,1,0
86746.0,127000,0.004087352632689454,1,0
86746.0,128000,0.004087352632689454,1,0
86746.0,129000,0.004087352632689454,1,0
86746.0,130000,0.004087352632689454,1,0
86746.0,131000,0.004087352632689454,1,0
86746.0,132000,0.004087352632689454,1,0
86746.0,133000,0.004087352632689454,1,0
86746.0,134000,0.004087352632689454,1,0
86746.0,135000,0.004087352632689454,1,0
86746.0,136000,0.004087352632689454,1,0
86746.0,137000,0.004087352632689454,1,0
86746.0,138000,0.004087352632689454,1,0
86746.0,139000,0.004087352632689454,1,0
86746.0,140000,0.004087352632689454,1,0
86746.0,141000,0.004087352632689454,1,0
86746.0,142000,0.004087352632689454,1,0
86746.0,143000,0.004087352632689454,1,0
86746.0,144000,0.004087352632689454,1,0
86746.0,145000,0.004087352632689454,1,0
86746.0,146000,0.004087352632689454,1,0
86746.0,147000,0.004087352632689454,1,0
86746.0,148000,0.004087352632689454,1,0
86746.0,149000,0.004087352632689454,1,0
86746.0,150000,0.004087352632689454,1,0
86746.0,151000,0.004087352632689454,1,0
86746.0,152000,0.004087352632689454,1,0
86746.0,153000,0.004087352632689454,1,0
86746.0,154000,0.004087352632689454,1,0
86746.0,155000,0.004087352632689454,1,0
86746.0,156000,0.004087352632689454,1,0
86746.0,157000,0.004087352632689454,1,0
86746.0,158000,0.004087352632689454,1,0
86746.0,159000,0.004087352632689454,1,0
86746.0,160000,0.004087352632689454,1,0
86746.0,161000,0.004087352632689454,1,0
86746.0,162000,0.004087352632689454,1,0
86746.0,163000,0.004087352632689454,1,0
86746.0,164000,0.004087352632689454,1,0
86746.0,165000,0.004087352632689454,1,0
86746.0,166000,0.004087352632689454,1,0
86746.0,167000,0.004087352632689454,1,0
86746.0,168000,0.004087352632689454,1,0
86746.0,169000,0.004087352632689454,1,0
86746.0,170000,0.004087352632689454,1,0
86746.0,171000,0.004087352632689454,1,0
86746.0,172000,0.004087352632689454,1,0
86746.0,173000,0.004087352632689454,1,0
86746.0,174000,0.004087352632689454,1,0
86746.0,175000,0.004087352632689454,1,0
86746.0,176000,0.004087352632689454,1,0
86746.0,177000,0.004087352632689454,1,0
86746.0,178000,0.004087352632689454,1,0
86746.0,179000,0.004087352632689454,1,0
86746.0,180000,0.004087352632689454,1,0
86746.0,181000,0.004087352632689454,1,0
86746.0,182000,0.004087352632689454,1,0
86746.0,183000,0.004087352632689454,1,0
86746.0,184000,0.004087352632689454,1,0
86746.0,185000,0.004087352632689454,1,0
86746.0,186000,0.004087352632689454,1,0
86746.0,187000,0.004087352632689454,1,0
86746.0,188000,0.004087352632689454,1,0
86746.0,189000,0.004087352632689454,1,0
86746.0,190000,0.004087352632689454,1,0
86746.0,191000,0.004087352632689454,1,0
86746.0,192000,0.004087352632689454,1,0
86746.0,193000,0.004087352632689454,1,0
86746.0,194000,0.004087352632689454,1,0
86746.0,195000,0.004087352632689454,1,0
86746.0,196000,0.004087352632689454,1,0
86746.0,197000,0.004087352632689454,1,0
86746.0,198000,0.004087352632689454,1,0
86746.0,199000,0.004087352632689454,1,0
86746.0,200000,0.004087352632689454,1,0
86746.0,201000,0.004087352632689454,1,0
86746.0,202000,0.004087352632689454,1,0
86746.0,203000,0.004087352632689454,1,0
86746.0,204000,0.004087352632689454,1,0
86746.0,205000,0.004087352632689454,1,0
86746.0,206000,0.004087352632689454,1,0
86746.0,207000,0.004087352632689454,1,0
86746.0,208000,0.004087352632689454,1,0
86746.0,209000,0.004087352632689454,1,0
86746.0,210000,0.004087352632689454,1,0
86746.0,211000,0.004087352632689454,1,0
86746.0,212000,0.004087352632689454,1,0
86746.0,213000,0.004087352632689454,1,0
86746.0,214000,0.004087352632689454,1,0
86746.0,215000,0.004087352632689454,1,0
86746.0,216000,0.004087352632689454,1,0
86746.0,217000,0.004087352632689454,1,0
86746.0,218000,0.004087352632689454,1,0
86746.0,219000,0.004087352632689454,1,0
86746.0,220000,0.004087352632689454,1,0
86746.0,221000,0.004087352632689454,1,0
86746.0,222000,0.004087352632689454,1,0
86746.0,223000,0.004087352632689454,1,0
86746.0,224000,0.004087352632689454,1,0
86746.0,225000,0.004087352632689454,1,0
86746.0,226000,0.004087352632689454,1,0
86746.0,227000,0.004087352632689454,1,0
86746.0,228000,0.004087352632689454,1,0
86746.0,229000,0.004087352632689454,1,0
86746.0,230000,0.004087352632689454,1,0
86746.0,231000,0.004087352632689454,1,0
86746.0,232000,0.004087352632689454,1,0
86746.0,233000,0.004087352632689454,1,0
86746.0,234000,0.004087352632689454,1,0
86746.0,235000,0.004087352632689454,1,0
86746.0,236000,0.004087352632689454,1,0
86746.0,237000,0.004087352632689454,1,0
86746.0,238000,0.004087352632689454,1,0
86746.0,239000,0.004087352632689454,1,0
86746.0,240000,0.004087352632689454,1,0
86746.0,241000,0.004087352632689454,1,0
86746.0,242000,0.004087352632689454,1,0
86746.0,243000,0.004087352632689454,1,0
86746.0,244000,0.004087352632689454,1,0
86746.0,245000,0.0006422813074285402,1,0
86973.0,0,0.002223048503591329,1,0
86973.0,1000,0.13727557506799992,1,0
86973.0,2000,0.13727557506799992,1,0
86973.0,3000,0.13727557506799992,1,0
86973.0,4000,0.13727557506799992,1,0
86973.0,5000,0.13727557506799992,1,0
86973.0,6000,0.13727557506799992,1,0
86973.0,7000,0.13727557506799992,1,0
86973.0,8000,0.036847926020409316,1,0
87422.0,53000,0.0006009958160661654,1,0
87422.0,54000,0.0015365161618755873,1,0
87422.0,55000,0.0015365161618755873,1,0
87422.0,56000,0.0015365161618755873,1,0
87422.0,57000,0.0015365161618755873,1,0
87422.0,58000,0.0015365161618755873,1,0
87422.0,59000,0.0015365161618755873,1,0
87422.0,60000,0.0015365161618755873,1,0
87422.0,61000,0.0015365161618755873,1,0
87422.0,62000,0.0015365161618755873,1,0
87422.0,63000,0.0015365161618755873,1,0
87422.0,64000,0.0015365161618755873,1,0
87422.0,65000,0.0015365161618755873,1,0
87422.0,66000,0.0015365161618755873,1,0
87422.0,67000,0.0015365161618755873,1,0
87422.0,68000,0.0015365161618755873,1,0
87422.0,69000,0.0015365161618755873,1,0
87422.0,70000,0.0015365161618755873,1,0
87422.0,71000,0.0015365161618755873,1,0
87422.0,72000,0.0015365161618755873,1,0
87422.0,73000,0.0015365161618755873,1,0
87422.0,74000,0.0015365161618755873,1,0
87422.0,75000,0.0015365161618755873,1,0
87422.0,76000,0.0015365161618755873,1,0
87422.0,77000,0.0015365161618755873,1,0
87422.0,78000,0.0015365161618755873,1,0
87422.0,79000,0.0015365161618755873,1,0
87422.0,80000,0.0015365161618755873,1,0
87422.0,81000,0.0015365161618755873,1,0
87422.0,82000,0.0015365161618755873,1,0
87422.0,83000,0.0015365161618755873,1,0
87422.0,84000,0.0015365161618755873,1,0
87422.0,85000,0.0015365161618755873,1,0
87422.0,86000,0.0015365161618755873,1,0
87422.0,87000,0.0015365161618755873,1,0
87422.0,88000,0.0015365161618755873,1,0
87422.0,89000,0.0015365161618755873,1,0
87422.0,90000,0.0015365161618755873,1,0
87422.0,91000,0.0015365161618755873,1,0
87422.0,92000,0.0015365161618755873,1,0
87422.0,93000,0.0015365161618755873,1,0
87422.0,94000,0.0015365161618755873,1,0
87422.0,95000,0.0015365161618755873,1,0
87422.0,96000,0.0015365161618755873,1,0
87422.0,97000,0.0015365161618755873,1,0
87422.0,98000,0.0015365161618755873,1,0
87422.0,99000,0.0015365161618755873,1,0
87422.0,100000,0.0015365161618755873,1,0
87422.0,101000,0.0015365161618755873,1,0
87422.0,102000,0.0015365161618755873,1,0
87422.0,103000,0.0015365161618755873,1,0
87422.0,104000,0.0015365161618755873,1,0
87422.0,105000,0.0015365161618755873,1,0
87422.0,106000,0.0015365161618755873,1,0
87422.0,107000,0.0015365161618755873,1,0
87422.0,108000,0.0015365161618755873,1,0
87422.0,109000,0.0015365161618755873,1,0
87422.0,110000,0.0015365161618755873,1,0
87422.0,111000,0.0015365161618755873,1,0
87422.0,112000,0.0015365161618755873,1,0
87422.0,113000,0.0015365161618755873,1,0
87422.0,114000,0.0015365161618755873,1,0
87422.0,115000,0.0015365161618755873,1,0
87422.0,116000,0.0015365161618755873,1,0
87422.0,117000,0.0015365161618755873,1,0
87422.0,118000,0.0015365161618755873,1,0
87422.0,119000,0.0015365161618755873,1,0
87422.0,120000,0.0015365161618755873,1,0
87422.0,121000,0.0015365161618755873,1,0
87422.0,122000,0.0015365161618755873,1,0
87422.0,123000,0.0015365161618755873,1,0
87422.0,124000,0.0015365161618755873,1,0
87422.0,125000,0.0015365161618755873,1,0
87422.0,126000,0.0015365161618755873,1,0
87422.0,127000,0.0015365161618755873,1,0
87422.0,128000,0.0015365161618755873,1,0
87422.0,129000,0.0015365161618755873,1,0
87422.0,130000,0.0015365161618755873,1,0
87422.0,131000,0.0015365161618755873,1,0
87422.0,132000,0.0015365161618755873,1,0
87422.0,133000,0.0015365161618755873,1,0
87422.0,134000,0.0015365161618755873,1,0
87422.0,135000,0.0015365161618755873,1,0
87422.0,136000,0.0015365161618755873,1,0
87422.0,137000,0.0015365161618755873,1,0
87422.0,138000,0.0015365161618755873,1,0
87422.0,139000,0.0015365161618755873,1,0
87422.0,140000,0.0015365161618755873,1,0
87422.0,141000,0.0015365161618755873,1,0
87422.0,142000,0.0015365161618755873,1,0
87422.0,143000,0.0015365161618755873,1,0
87422.0,144000,0.0015365161618755873,1,0
87422.0,145000,0.0015365161618755873,1,0
87422.0,146000,0.0015365161618755873,1,0
87422.0,147000,0.0015365161618755873,1,0
87422.0,148000,0.0015365161618755873,1,0
87422.0,149000,0.0015365161618755873,1,0
87422.0,150000,0.0015365161618755873,1,0
87422.0,151000,0.0015365161618755873,1,0
87422.0,152000,0.0015365161618755873,1,0
87422.0,153000,0.0015365161618755873,1,0
87422.0,154000,0.0015365161618755873,1,0
87422.0,155000,0.0015365161618755873,1,0
87422.0,156000,0.0015365161618755873,1,0
87422.0,157000,0.0015365161618755873,1,0
87422.0,158000,0.0015365161618755873,1,0
87422.0,159000,0.0015365161618755873,1,0
87422.0,160000,0.0015365161618755873,1,0
87422.0,161000,0.0015365161618755873,1,0
87422.0,162000,0.0015365161618755873,1,0
87422.0,163000,0.0015365161618755873,1,0
87422.0,164000,0.0015365161618755873,1,0
87422.0,165000,0.0015365161618755873,1,0
87422.0,166000,0.0015365161618755873,1,0
87422.0,167000,0.0015365161618755873,1,0
87422.0,168000,0.0015365161618755873,1,0
87422.0,169000,0.0015365161618755873,1,0
87422.0,170000,0.0015365161618755873,1,0
87422.0,171000,0.0015365161618755873,1,0
87422.0,172000,0.0015365161618755873,1,0
87422.0,173000,0.0015365161618755873,1,0
87422.0,174000,0.0015365161618755873,1,0
87422.0,175000,0.0015365161618755873,1,0
87422.0,176000,0.0015365161618755873,1,0
87422.0,177000,0.0015365161618755873,1,0
87422.0,178000,0.0015365161618755873,1,0
87422.0,179000,0.0015365161618755873,1,0
87422.0,180000,0.0015365161618755873,1,0
87422.0,181000,0.0015365161618755873,1,0
87422.0,182000,0.0015365161618755873,1,0
87422.0,183000,0.0015365161618755873,1,0
87422.0,184000,0.0015365161618755873,1,0
87422.0,185000,0.0015365161618755873,1,0
87422.0,186000,0.0015365161618755873,1,0
87422.0,187000,0.0015365161618755873,1,0
87422.0,188000,0.0015365161618755873,1,0
87422.0,189000,0.0015365161618755873,1,0
87422.0,190000,0.0015365161618755873,1,0
87422.0,191000,0.0015365161618755873,1,0
87422.0,192000,0.0015365161618755873,1,0
87422.0,193000,0.0015365161618755873,1,0
87422.0,194000,0.0015365161618755873,1,0
87422.0,195000,0.0015365161618755873,1,0
87422.0,196000,0.0015365161618755873,1,0
87422.0,197000,0.0015365161618755873,1,0
87422.0,198000,0.0015365161618755873,1,0
87422.0,199000,0.0015365161618755873,1,0
87422.0,200000,0.0015365161618755873,1,0
87422.0,201000,0.0015365161618755873,1,0
87422.0,202000,0.0015365161618755873,1,0
87422.0,203000,0.0015365161618755873,1,0
87422.0,204000,0.0015365161618755873,1,0
87422.0,205000,0.0015365161618755873,1,0
87422.0,206000,0.0015365161618755873,1,0
87422.0,207000,0.0015365161618755873,1,0
87422.0,208000,0.0015365161618755873,1,0
87422.0,209000,0.0015365161618755873,1,0
87422.0,210000,0.0015365161618755873,1,0
87422.0,211000,0.0015365161618755873,1,0
87422.0,212000,0.0015365161618755873,1,0
87422.0,213000,0.0015365161618755873,1,0
87422.0,214000,0.0015365161618755873,1,0
87422.0,215000,0.0015365161618755873,1,0
87422.0,216000,0.0015365161618755873,1,0
87422.0,217000,0.0015365161618755873,1,0
87422.0,218000,0.0015365161618755873,1,0
87422.0,219000,0.0015365161618755873,1,0
87422.0,220000,0.0015365161618755873,1,0
87422.0,221000,0.0015365161618755873,1,0
87422.0,222000,0.0015365161618755873,1,0
87422.0,223000,0.0015365161618755873,1,0
87422.0,224000,0.0015365161618755873,1,0
87422.0,225000,0.0015365161618755873,1,0
87422.0,226000,0.0015365161618755873,1,0
87422.0,227000,0.0015365161618755873,1,0
87422.0,228000,0.0015365161618755873,1,0
87422.0,229000,0.0015365161618755873,1,0
87422.0,230000,0.0015365161618755873,1,0
87422.0,231000,0.0015365161618755873,1,0
87422.0,232000,0.0015365161618755873,1,0
87422.0,233000,0.0015365161618755873,1,0
87422.0,234000,0.0015365161618755873,1,0
87422.0,235000,0.0015365161618755873,1,0
87422.0,236000,0.0015365161618755873,1,0
87422.0,237000,0.0015365161618755873,1,0
87422.0,238000,0.0015365161618755873,1,0
87422.0,239000,0.0015365161618755873,1,0
87422.0,240000,0.0015365161618755873,1,0
87422.0,241000,0.0015365161618755873,1,0
87422.0,242000,0.0015365161618755873,1,0
87422.0,243000,0.0015365161618755873,1,0
87422.0,244000,0.0015365161618755873,1,0
87422.0,245000,0.0015365161618755873,1,0
87422.0,246000,0.0015365161618755873,1,0
87422.0,247000,0.0015365161618755873,1,0
87422.0,248000,0.0015365161618755873,1,0
87422.0,249000,0.0015365161618755873,1,0
87422.0,250000,0.0015365161618755873,1,0
87422.0,251000,0.0015365161618755873,1,0
87422.0,252000,0.0015365161618755873,1,0
87422.0,253000,0.0015365161618755873,1,0
87422.0,254000,0.0015365161618755873,1,0
87422.0,255000,0.0015365161618755873,1,0
87422.0,256000,0.0015365161618755873,1,0
87422.0,257000,0.0015365161618755873,1,0
87422.0,258000,0.0015365161618755873,1,0
87422.0,259000,0.0015365161618755873,1,0
87422.0,260000,0.0015365161618755873,1,0
87422.0,261000,0.0015365161618755873,1,0
87422.0,262000,0.0015365161618755873,1,0
87422.0,263000,0.0015365161618755873,1,0
87422.0,264000,0.0015365161618755873,1,0
87422.0,265000,0.0015365161618755873,1,0
87422.0,266000,0.0015365161618755873,1,0
87422.0,267000,0.0015365161618755873,1,0
87422.0,268000,0.0015365161618755873,1,0
87422.0,269000,0.0015365161618755873,1,0
87422.0,270000,0.0015365161618755873,1,0
87422.0,271000,0.0015365161618755873,1,0
87422.0,272000,0.0015365161618755873,1,0
87422.0,273000,0.0015365161618755873,1,0
87422.0,274000,0.0015365161618755873,1,0
87422.0,275000,0.0015365161618755873,1,0
87422.0,276000,0.0015365161618755873,1,0
87422.0,277000,0.0015365161618755873,1,0
87422.0,278000,0.0015365161618755873,1,0
87422.0,279000,0.0015365161618755873,1,0
87422.0,280000,0.0015365161618755873,1,0
87422.0,281000,0.0015365161618755873,1,0
87422.0,282000,0.0015365161618755873,1,0
87422.0,283000,0.0015365161618755873,1,0
87422.0,284000,0.0015365161618755873,1,0
87422.0,285000,0.0015365161618755873,1,0
87422.0,286000,0.0015365161618755873,1,0
87422.0,287000,0.0015365161618755873,1,0
87422.0,288000,0.0015365161618755873,1,0
87422.0,289000,0.0015365161618755873,1,0
87422.0,290000,0.0015365161618755873,1,0
87422.0,291000,0.0015365161618755873,1,0
87422.0,292000,0.0015365161618755873,1,0
87422.0,293000,0.0015365161618755873,1,0
87422.0,294000,0.0015365161618755873,1,0
87422.0,295000,0.0015365161618755873,1,0
87422.0,296000,0.0015365161618755873,1,0
87422.0,297000,0.0015365161618755873,1,0
87422.0,298000,0.0015365161618755873,1,0
87422.0,299000,0.0015365161618755873,1,0
87422.0,300000,0.0015365161618755873,1,0
87422.0,301000,0.0015365161618755873,1,0
87422.0,302000,0.0015365161618755873,1,0
87422.0,303000,0.0015365161618755873,1,0
87422.0,304000,0.0015365161618755873,1,0
87422.0,305000,0.0015365161618755873,1,0
87422.0,306000,0.0015365161618755873,1,0
87422.0,307000,0.0015365161618755873,1,0
87422.0,308000,0.0015365161618755873,1,0
87422.0,309000,0.0015365161618755873,1,0
87422.0,310000,0.0015365161618755873,1,0
87422.0,311000,0.0015365161618755873,1,0
87422.0,312000,0.0015365161618755873,1,0
87422.0,313000,0.0015365161618755873,1,0
87422.0,314000,0.0015365161618755873,1,0
87422.0,315000,0.0015365161618755873,1,0
87422.0,316000,0.0015365161618755873,1,0
87422.0,317000,0.0015365161618755873,1,0
87422.0,318000,0.0015365161618755873,1,0
87422.0,319000,0.0015365161618755873,1,0
87422.0,320000,0.0015365161618755873,1,0
87422.0,321000,0.0015365161618755873,1,0
87422.0,322000,0.0015365161618755873,1,0
87422.0,323000,0.0015365161618755873,1,0
87422.0,324000,0.0015365161618755873,1,0
87422.0,325000,0.0015365161618755873,1,0
87422.0,326000,0.0015365161618755873,1,0
87422.0,327000,0.0015365161618755873,1,0
87422.0,328000,0.0015365161618755873,1,0
87422.0,329000,0.0015365161618755873,1,0
87422.0,330000,0.0015365161618755873,1,0
87422.0,331000,0.0015365161618755873,1,0
87422.0,332000,0.0015365161618755873,1,0
87422.0,333000,0.0015365161618755873,1,0
87422.0,334000,0.0015365161618755873,1,0
87422.0,335000,0.0015365161618755873,1,0
87422.0,336000,0.0015365161618755873,1,0
87422.0,337000,0.0015365161618755873,1,0
87422.0,338000,0.0015365161618755873,1,0
87422.0,339000,0.0015365161618755873,1,0
87422.0,340000,0.0015365161618755873,1,0
87422.0,341000,0.0015365161618755873,1,0
87422.0,342000,0.0015365161618755873,1,0
87422.0,343000,0.0015365161618755873,1,0
87422.0,344000,0.0015365161618755873,1,0
87422.0,345000,0.0015365161618755873,1,0
87422.0,346000,0.0015365161618755873,1,0
87422.0,347000,0.0015365161618755873,1,0
87422.0,348000,0.0015365161618755873,1,0
87422.0,349000,0.0015365161618755873,1,0
87422.0,350000,0.0015365161618755873,1,0
87422.0,351000,0.0015365161618755873,1,0
87422.0,352000,0.0015365161618755873,1,0
87422.0,353000,0.0015365161618755873,1,0
87422.0,354000,0.0015365161618755873,1,0
87422.0,355000,0.0015365161618755873,1,0
87422.0,356000,0.0015365161618755873,1,0
87422.0,357000,0.0015365161618755873,1,0
87422.0,358000,0.0015365161618755873,1,0
87422.0,359000,0.0015365161618755873,1,0
87422.0,360000,0.0015365161618755873,1,0
87422.0,361000,0.0015365161618755873,1,0
87422.0,362000,0.0015365161618755873,1,0
87422.0,363000,0.0015365161618755873,1,0
87422.0,364000,0.0015365161618755873,1,0
87422.0,365000,0.0015365161618755873,1,0
87422.0,366000,0.0015365161618755873,1,0
87422.0,367000,0.0015365161618755873,1,0
87422.0,368000,0.0015365161618755873,1,0
87422.0,369000,0.0015365161618755873,1,0
87422.0,370000,0.0015365161618755873,1,0
87422.0,371000,0.0015365161618755873,1,0
87422.0,372000,0.0015365161618755873,1,0
87422.0,373000,0.0015365161618755873,1,0
87422.0,374000,0.0015365161618755873,1,0
87422.0,375000,0.0015365161618755873,1,0
87422.0,376000,0.0015365161618755873,1,0
87422.0,377000,0.0015365161618755873,1,0
87422.0,378000,0.0015365161618755873,1,0
87422.0,379000,0.0015365161618755873,1,0
87422.0,380000,0.0015365161618755873,1,0
87422.0,381000,0.0015365161618755873,1,0
87422.0,382000,0.0015365161618755873,1,0
87422.0,383000,0.0015365161618755873,1,0
87422.0,384000,0.0015365161618755873,1,0
87422.0,385000,0.0015365161618755873,1,0
87422.0,386000,0.0015365161618755873,1,0
87422.0,387000,0.0015365161618755873,1,0
87422.0,388000,0.0015365161618755873,1,0
87422.0,389000,0.0015365161618755873,1,0
87422.0,390000,0.0015365161618755873,1,0
87422.0,391000,0.0015365161618755873,1,0
87422.0,392000,0.0015365161618755873,1,0
87422.0,393000,0.0015365161618755873,1,0
87422.0,394000,0.0015365161618755873,1,0
87422.0,395000,0.0015365161618755873,1,0
87422.0,396000,0.0015365161618755873,1,0
87422.0,397000,0.0015365161618755873,1,0
87422.0,398000,0.0015365161618755873,1,0
87422.0,399000,0.0015365161618755873,1,0
87422.0,400000,0.0015365161618755873,1,0
87422.0,401000,0.0015365161618755873,1,0
87422.0,402000,0.0015365161618755873,1,0
87422.0,403000,0.0015365161618755873,1,0
87422.0,404000,0.0015365161618755873,1,0
87422.0,405000,0.0015365161618755873,1,0
87422.0,406000,0.0015365161618755873,1,0
87422.0,407000,0.0015365161618755873,1,0
87422.0,408000,0.0015365161618755873,1,0
87422.0,409000,0.0015365161618755873,1,0
87422.0,410000,0.0015365161618755873,1,0
87422.0,411000,0.0015365161618755873,1,0
87422.0,412000,0.0015365161618755873,1,0
87422.0,413000,0.0015365161618755873,1,0
87422.0,414000,0.0015365161618755873,1,0
87422.0,415000,0.0015365161618755873,1,0
87422.0,416000,0.0015365161618755873,1,0
87422.0,417000,0.0015365161618755873,1,0
87422.0,418000,0.0015365161618755873,1,0
87422.0,419000,0.0015365161618755873,1,0
87422.0,420000,0.0015365161618755873,1,0
87422.0,421000,0.0015365161618755873,1,0
87422.0,422000,0.0015365161618755873,1,0
87422.0,423000,0.0015365161618755873,1,0
87422.0,424000,0.0015365161618755873,1,0
87422.0,425000,0.0015365161618755873,1,0
87422.0,426000,0.0015365161618755873,1,0
87422.0,427000,0.0015365161618755873,1,0
87422.0,428000,0.0015365161618755873,1,0
87422.0,429000,0.0015365161618755873,1,0
87422.0,430000,0.0015365161618755873,1,0
87422.0,431000,0.0015365161618755873,1,0
87422.0,432000,0.0015365161618755873,1,0
87422.0,433000,0.0015365161618755873,1,0
87422.0,434000,0.0015365161618755873,1,0
87422.0,435000,0.0015365161618755873,1,0
87422.0,436000,0.0015365161618755873,1,0
87422.0,437000,0.0015365161618755873,1,0
87422.0,438000,0.0015365161618755873,1,0
87422.0,439000,0.0015365161618755873,1,0
87422.0,440000,0.0015365161618755873,1,0
87422.0,441000,0.0015365161618755873,1,0
87422.0,442000,0.0015365161618755873,1,0
87422.0,443000,0.0015365161618755873,1,0
87422.0,444000,0.0015365161618755873,1,0
87422.0,445000,0.0015365161618755873,1,0
87422.0,446000,0.0015365161618755873,1,0
87422.0,447000,0.0015365161618755873,1,0
87422.0,448000,0.0015365161618755873,1,0
87422.0,449000,0.0015365161618755873,1,0
87422.0,450000,0.0015365161618755873,1,0
87422.0,451000,0.0015365161618755873,1,0
87422.0,452000,0.0015365161618755873,1,0
87422.0,453000,0.0015365161618755873,1,0
87422.0,454000,0.0015365161618755873,1,0
87422.0,455000,0.0015365161618755873,1,0
87422.0,456000,0.0015365161618755873,1,0
87422.0,457000,0.0015365161618755873,1,0
87422.0,458000,0.0015365161618755873,1,0
87422.0,459000,0.0015365161618755873,1,0
87422.0,460000,0.0015365161618755873,1,0
87422.0,461000,0.0015365161618755873,1,0
87422.0,462000,0.0015365161618755873,1,0
87422.0,463000,0.0015365161618755873,1,0
87422.0,464000,0.0015365161618755873,1,0
87422.0,465000,0.0015365161618755873,1,0
87422.0,466000,0.0015365161618755873,1,0
87422.0,467000,0.0015365161618755873,1,0
87422.0,468000,0.0015365161618755873,1,0
87422.0,469000,0.0015365161618755873,1,0
87422.0,470000,0.0015365161618755873,1,0
87422.0,471000,0.0015365161618755873,1,0
87422.0,472000,0.0015365161618755873,1,0
87422.0,473000,0.0015365161618755873,1,0
87422.0,474000,0.0015365161618755873,1,0
87422.0,475000,0.0015365161618755873,1,0
87422.0,476000,0.0015365161618755873,1,0
87422.0,477000,0.0015365161618755873,1,0
87422.0,478000,0.0015365161618755873,1,0
87422.0,479000,0.0015365161618755873,1,0
87422.0,480000,0.0015365161618755873,1,0
87422.0,481000,0.0015365161618755873,1,0
87422.0,482000,0.0015365161618755873,1,0
87422.0,483000,0.0015365161618755873,1,0
87422.0,484000,0.0015365161618755873,1,0
87422.0,485000,0.0015365161618755873,1,0
87422.0,486000,0.0015365161618755873,1,0
87422.0,487000,0.0015365161618755873,1,0
87422.0,488000,0.0015365161618755873,1,0
87422.0,489000,0.0015365161618755873,1,0
87422.0,490000,0.0015365161618755873,1,0
87422.0,491000,0.0015365161618755873,1,0
87422.0,492000,0.0015365161618755873,1,0
87422.0,493000,0.0015365161618755873,1,0
87422.0,494000,0.0015365161618755873,1,0
87422.0,495000,0.0015365161618755873,1,0
87422.0,496000,0.0015365161618755873,1,0
87422.0,497000,0.0015365161618755873,1,0
87422.0,498000,0.0015365161618755873,1,0
87422.0,499000,0.0015365161618755873,1,0
87422.0,500000,0.0015365161618755873,1,0
87422.0,501000,0.0015365161618755873,1,0
87422.0,502000,0.0015365161618755873,1,0
87422.0,503000,0.0015365161618755873,1,0
87422.0,504000,0.0015365161618755873,1,0
87422.0,505000,0.0015365161618755873,1,0
87422.0,506000,0.0015365161618755873,1,0
87422.0,507000,0.0015365161618755873,1,0
87422.0,508000,0.0015365161618755873,1,0
87422.0,509000,0.0015365161618755873,1,0
87422.0,510000,0.0015365161618755873,1,0
87422.0,511000,0.0015365161618755873,1,0
87422.0,512000,0.0015365161618755873,1,0
87422.0,513000,0.0015365161618755873,1,0
87422.0,514000,0.0015365161618755873,1,0
87422.0,515000,0.0015365161618755873,1,0
87422.0,516000,0.0015365161618755873,1,0
87422.0,517000,0.0015365161618755873,1,0
87422.0,518000,0.0015365161618755873,1,0
87422.0,519000,0.0015365161618755873,1,0
87422.0,520000,0.0015365161618755873,1,0
87422.0,521000,0.0015365161618755873,1,0
87422.0,522000,0.0015365161618755873,1,0
87422.0,523000,0.0015365161618755873,1,0
87422.0,524000,0.0015365161618755873,1,0
87422.0,525000,0.0015365161618755873,1,0
87422.0,526000,0.0015365161618755873,1,0
87422.0,527000,0.0015365161618755873,1,0
87422.0,528000,0.0015365161618755873,1,0
87422.0,529000,0.0015365161618755873,1,0
87422.0,530000,0.0015365161618755873,1,0
87422.0,531000,0.0015365161618755873,1,0
87422.0,532000,0.0015365161618755873,1,0
87422.0,533000,0.0015365161618755873,1,0
87422.0,534000,0.0015365161618755873,1,0
87422.0,535000,0.0015365161618755873,1,0
87422.0,536000,0.0015365161618755873,1,0
87422.0,537000,0.0015365161618755873,1,0
87422.0,538000,0.0015365161618755873,1,0
87422.0,539000,0.0015365161618755873,1,0
87422.0,540000,0.0015365161618755873,1,0
87422.0,541000,0.0015365161618755873,1,0
87422.0,542000,0.0015365161618755873,1,0
87422.0,543000,0.0015365161618755873,1,0
87422.0,544000,0.0015365161618755873,1,0
87422.0,545000,0.0015365161618755873,1,0
87422.0,546000,0.0015365161618755873,1,0
87422.0,547000,0.0015365161618755873,1,0
87422.0,548000,0.0015365161618755873,1,0
87422.0,549000,0.0015365161618755873,1,0
87422.0,550000,0.0015365161618755873,1,0
87422.0,551000,0.0015365161618755873,1,0
87422.0,552000,0.0015365161618755873,1,0
87422.0,553000,0.0015365161618755873,1,0
87422.0,554000,0.0015365161618755873,1,0
87422.0,555000,0.0015365161618755873,1,0
87422.0,556000,0.0015365161618755873,1,0
87422.0,557000,0.0015365161618755873,1,0
87422.0,558000,0.0015365161618755873,1,0
87422.0,559000,0.0015365161618755873,1,0
87422.0,560000,0.0015365161618755873,1,0
87422.0,561000,0.0015365161618755873,1,0
87422.0,562000,0.0015365161618755873,1,0
87422.0,563000,0.0015365161618755873,1,0
87422.0,564000,0.0015365161618755873,1,0
87422.0,565000,0.0015365161618755873,1,0
87422.0,566000,0.0015365161618755873,1,0
87422.0,567000,0.0015365161618755873,1,0
87422.0,568000,0.0015365161618755873,1,0
87422.0,569000,0.0015365161618755873,1,0
87422.0,570000,0.0015365161618755873,1,0
87422.0,571000,0.0015365161618755873,1,0
87422.0,572000,0.0015365161618755873,1,0
87422.0,573000,0.0015365161618755873,1,0
87422.0,574000,0.0015365161618755873,1,0
87422.0,575000,0.0015365161618755873,1,0
87422.0,576000,0.0015365161618755873,1,0
87422.0,577000,0.0015365161618755873,1,0
87422.0,578000,0.0015365161618755873,1,0
87422.0,579000,0.0015365161618755873,1,0
87422.0,580000,0.0015365161618755873,1,0
87422.0,581000,0.0015365161618755873,1,0
87422.0,582000,0.0015365161618755873,1,0
87422.0,583000,0.0015365161618755873,1,0
87422.0,584000,0.0015365161618755873,1,0
87422.0,585000,0.0015365161618755873,1,0
87422.0,586000,0.0015365161618755873,1,0
87422.0,587000,0.0015365161618755873,1,0
87422.0,588000,0.0015365161618755873,1,0
87422.0,589000,0.0015365161618755873,1,0
87422.0,590000,0.0015365161618755873,1,0
87422.0,591000,0.0015365161618755873,1,0
87422.0,592000,0.0015365161618755873,1,0
87422.0,593000,0.0015365161618755873,1,0
87422.0,594000,0.0015365161618755873,1,0
87422.0,595000,0.0015365161618755873,1,0
87422.0,596000,0.0015365161618755873,1,0
87422.0,597000,0.0015365161618755873,1,0
87422.0,598000,0.0015365161618755873,1,0
87422.0,599000,0.0015365161618755873,1,0
87422.0,600000,0.0015365161618755873,1,0
87422.0,601000,0.0015365161618755873,1,0
87422.0,602000,0.0015365161618755873,1,0
87422.0,603000,0.0015365161618755873,1,0
87422.0,604000,0.0015365161618755873,1,0
87422.0,605000,0.0015365161618755873,1,0
87422.0,606000,0.0015365161618755873,1,0
87422.0,607000,0.0015365161618755873,1,0
87422.0,608000,0.0015365161618755873,1,0
87422.0,609000,0.0015365161618755873,1,0
87422.0,610000,0.0015365161618755873,1,0
87422.0,611000,0.0015365161618755873,1,0
87422.0,612000,0.0015365161618755873,1,0
87422.0,613000,0.0015365161618755873,1,0
87422.0,614000,0.0015365161618755873,1,0
87422.0,615000,0.0015365161618755873,1,0
87422.0,616000,0.0015365161618755873,1,0
87422.0,617000,0.0015365161618755873,1,0
87422.0,618000,0.0015365161618755873,1,0
87422.0,619000,0.0015365161618755873,1,0
87422.0,620000,0.0015365161618755873,1,0
87422.0,621000,0.0015365161618755873,1,0
87422.0,622000,0.0015365161618755873,1,0
87422.0,623000,0.0015365161618755873,1,0
87422.0,624000,0.0015365161618755873,1,0
87422.0,625000,0.0015365161618755873,1,0
87422.0,626000,0.0015365161618755873,1,0
87422.0,627000,0.0015365161618755873,1,0
87422.0,628000,0.0015365161618755873,1,0
87422.0,629000,0.0015365161618755873,1,0
87422.0,630000,0.0015365161618755873,1,0
87422.0,631000,0.0015365161618755873,1,0
87422.0,632000,0.0015365161618755873,1,0
87422.0,633000,0.0015365161618755873,1,0
87422.0,634000,0.0015365161618755873,1,0
87422.0,635000,0.0015365161618755873,1,0
87422.0,636000,0.0015365161618755873,1,0
87422.0,637000,0.0015365161618755873,1,0
87422.0,638000,0.0015365161618755873,1,0
87422.0,639000,0.0015365161618755873,1,0
87422.0,640000,0.0015365161618755873,1,0
87422.0,641000,0.0015365161618755873,1,0
87422.0,642000,0.0015365161618755873,1,0
87422.0,643000,0.0015365161618755873,1,0
87422.0,644000,0.0015365161618755873,1,0
87422.0,645000,0.0015365161618755873,1,0
87422.0,646000,0.0015365161618755873,1,0
87422.0,647000,0.0015365161618755873,1,0
87422.0,648000,0.0015365161618755873,1,0
87422.0,649000,0.0015365161618755873,1,0
87422.0,650000,0.0015365161618755873,1,0
87422.0,651000,0.0015365161618755873,1,0
87422.0,652000,0.0015365161618755873,1,0
87422.0,653000,0.0015365161618755873,1,0
87422.0,654000,0.0015365161618755873,1,0
87422.0,655000,0.0015365161618755873,1,0
87422.0,656000,0.0015365161618755873,1,0
87422.0,657000,0.0015365161618755873,1,0
87422.0,658000,0.0015365161618755873,1,0
87422.0,659000,0.0015365161618755873,1,0
87422.0,660000,0.0015365161618755873,1,0
87422.0,661000,0.0015365161618755873,1,0
87422.0,662000,0.0015365161618755873,1,0
87422.0,663000,0.0015365161618755873,1,0
87422.0,664000,0.0015365161618755873,1,0
87422.0,665000,0.0015365161618755873,1,0
87422.0,666000,0.0015365161618755873,1,0
87422.0,667000,0.0015365161618755873,1,0
87422.0,668000,0.0015365161618755873,1,0
87422.0,669000,0.0015365161618755873,1,0
87422.0,670000,0.0015365161618755873,1,0
87422.0,671000,0.0015365161618755873,1,0
87422.0,672000,0.0015365161618755873,1,0
87422.0,673000,0.0015365161618755873,1,0
87422.0,674000,0.0015365161618755873,1,0
87422.0,675000,0.0015365161618755873,1,0
87422.0,676000,0.0015365161618755873,1,0
87422.0,677000,0.0015365161618755873,1,0
87422.0,678000,0.0015365161618755873,1,0
87422.0,679000,0.0015365161618755873,1,0
87422.0,680000,0.0015365161618755873,1,0
87422.0,681000,0.0015365161618755873,1,0
87422.0,682000,0.0015365161618755873,1,0
87422.0,683000,0.0015365161618755873,1,0
87422.0,684000,0.0015365161618755873,1,0
87422.0,685000,0.0015365161618755873,1,0
87422.0,686000,0.0015365161618755873,1,0
87422.0,687000,0.0015365161618755873,1,0
87422.0,688000,0.0015365161618755873,1,0
87422.0,689000,0.0015365161618755873,1,0
87422.0,690000,0.0015365161618755873,1,0
87422.0,691000,0.0015365161618755873,1,0
87422.0,692000,0.0015365161618755873,1,0
87422.0,693000,0.0015365161618755873,1,0
87422.0,694000,0.0015365161618755873,1,0
87422.0,695000,0.0015365161618755873,1,0
87422.0,696000,0.0015365161618755873,1,0
87422.0,697000,0.0015365161618755873,1,0
87422.0,698000,0.0015365161618755873,1,0
87422.0,699000,0.0015365161618755873,1,0
87422.0,700000,0.0015365161618755873,1,0
87422.0,701000,0.0015365161618755873,1,0
87422.0,702000,0.0015365161618755873,1,0
87422.0,703000,0.0015365161618755873,1,0
87422.0,704000,0.0006634989648021256,1,0
87528.0,53000,0.0006009958160661654,2,0
87528.0,54000,0.0015365161618755873,2,0
87528.0,55000,0.0015365161618755873,2,0
87528.0,56000,0.0015365161618755873,2,0
87528.0,57000,0.0015365161618755873,2,0
87528.0,58000,0.0015365161618755873,2,0
87528.0,59000,0.0015365161618755873,2,0
87528.0,60000,0.0015365161618755873,2,0
87528.0,61000,0.0015365161618755873,2,0
87528.0,62000,0.0015365161618755873,2,0
87528.0,63000,0.0015365161618755873,2,0
87528.0,64000,0.0015365161618755873,2,0
87528.0,65000,0.0015365161618755873,2,0
87528.0,66000,0.0015365161618755873,2,0
87528.0,67000,0.0015365161618755873,2,0
87528.0,68000,0.0015365161618755873,2,0
87528.0,69000,0.0015365161618755873,2,0
87528.0,70000,0.0015365161618755873,2,0
87528.0,71000,0.0015365161618755873,2,0
87528.0,72000,0.0015365161618755873,2,0
87528.0,73000,0.0015365161618755873,2,0
87528.0,74000,0.0015365161618755873,2,0
87528.0,75000,0.0015365161618755873,2,0
87528.0,76000,0.0015365161618755873,2,0
87528.0,77000,0.0015365161618755873,2,0
87528.0,78000,0.0015365161618755873,2,0
87528.0,79000,0.0015365161618755873,2,0
87528.0,80000,0.0015365161618755873,2,0
87528.0,81000,0.0015365161618755873,2,0
87528.0,82000,0.0015365161618755873,2,0
87528.0,83000,0.0015365161618755873,2,0
87528.0,84000,0.0015365161618755873,2,0
87528.0,85000,0.0015365161618755873,2,0
87528.0,86000,0.0015365161618755873,2,0
87528.0,87000,0.0015365161618755873,2,0
87528.0,88000,0.0015365161618755873,2,0
87528.0,89000,0.0015365161618755873,2,0
87528.0,90000,0.0015365161618755873,2,0
87528.0,91000,0.0015365161618755873,2,0
87528.0,92000,0.0015365161618755873,2,0
87528.0,93000,0.0015365161618755873,2,0
87528.0,94000,0.0015365161618755873,2,0
87528.0,95000,0.0015365161618755873,2,0
87528.0,96000,0.0015365161618755873,2,0
87528.0,97000,0.0015365161618755873,2,0
87528.0,98000,0.0015365161618755873,2,0
87528.0,99000,0.0015365161618755873,2,0
87528.0,100000,0.0015365161618755873,2,0
87528.0,101000,0.0015365161618755873,2,0
87528.0,102000,0.0015365161618755873,2,0
87528.0,103000,0.0015365161618755873,2,0
87528.0,104000,0.0015365161618755873,2,0
87528.0,105000,0.0015365161618755873,2,0
87528.0,106000,0.0015365161618755873,2,0
87528.0,107000,0.0015365161618755873,2,0
87528.0,108000,0.0015365161618755873,2,0
87528.0,109000,0.0015365161618755873,2,0
87528.0,110000,0.0015365161618755873,2,0
87528.0,111000,0.0015365161618755873,2,0
87528.0,112000,0.0015365161618755873,2,0
87528.0,113000,0.0015365161618755873,2,0
87528.0,114000,0.0015365161618755873,2,0
87528.0,115000,0.0015365161618755873,2,0
87528.0,116000,0.0015365161618755873,2,0
87528.0,117000,0.0015365161618755873,2,0
87528.0,118000,0.0015365161618755873,2,0
87528.0,119000,0.0015365161618755873,2,0
87528.0,120000,0.0015365161618755873,2,0
87528.0,121000,0.0015365161618755873,2,0
87528.0,122000,0.0015365161618755873,2,0
87528.0,123000,0.0015365161618755873,2,0
87528.0,124000,0.0015365161618755873,2,0
87528.0,125000,0.0015365161618755873,2,0
87528.0,126000,0.0015365161618755873,2,0
87528.0,127000,0.0015365161618755873,2,0
87528.0,128000,0.0015365161618755873,2,0
87528.0,129000,0.0015365161618755873,2,0
87528.0,130000,0.0015365161618755873,2,0
87528.0,131000,0.0015365161618755873,2,0
87528.0,132000,0.0015365161618755873,2,0
87528.0,133000,0.0015365161618755873,2,0
87528.0,134000,0.0015365161618755873,2,0
87528.0,135000,0.0015365161618755873,2,0
87528.0,136000,0.0015365161618755873,2,0
87528.0,137000,0.0015365161618755873,2,0
87528.0,138000,0.0015365161618755873,2,0
87528.0,139000,0.0015365161618755873,2,0
87528.0,140000,0.0015365161618755873,2,0
87528.0,141000,0.0015365161618755873,2,0
87528.0,142000,0.0015365161618755873,2,0
87528.0,143000,0.0015365161618755873,2,0
87528.0,144000,0.0015365161618755873,2,0
87528.0,145000,0.0015365161618755873,2,0
87528.0,146000,0.0015365161618755873,2,0
87528.0,147000,0.0015365161618755873,2,0
87528.0,148000,0.0015365161618755873,2,0
87528.0,149000,0.0015365161618755873,2,0
87528.0,150000,0.0015365161618755873,2,0
87528.0,151000,0.0015365161618755873,2,0
87528.0,152000,0.0015365161618755873,2,0
87528.0,153000,0.0015365161618755873,2,0
87528.0,154000,0.0015365161618755873,2,0
87528.0,155000,0.0015365161618755873,2,0
87528.0,156000,0.0015365161618755873,2,0
87528.0,157000,0.0015365161618755873,2,0
87528.0,158000,0.0015365161618755873,2,0
87528.0,159000,0.0015365161618755873,2,0
87528.0,160000,0.0015365161618755873,2,0
87528.0,161000,0.0015365161618755873,2,0
87528.0,162000,0.0015365161618755873,2,0
87528.0,163000,0.0015365161618755873,2,0
87528.0,164000,0.0015365161618755873,2,0
87528.0,165000,0.0015365161618755873,2,0
87528.0,166000,0.0015365161618755873,2,0
87528.0,167000,0.0015365161618755873,2,0
87528.0,168000,0.0015365161618755873,2,0
87528.0,169000,0.0015365161618755873,2,0
87528.0,170000,0.0015365161618755873,2,0
87528.0,171000,0.0015365161618755873,2,0
87528.0,172000,0.0015365161618755873,2,0
87528.0,173000,0.0015365161618755873,2,0
87528.0,174000,0.0015365161618755873,2,0
87528.0,175000,0.0015365161618755873,2,0
87528.0,176000,0.0015365161618755873,2,0
87528.0,177000,0.0015365161618755873,2,0
87528.0,178000,0.0015365161618755873,2,0
87528.0,179000,0.0015365161618755873,2,0
87528.0,180000,0.0015365161618755873,2,0
87528.0,181000,0.0015365161618755873,2,0
87528.0,182000,0.0015365161618755873,2,0
87528.0,183000,0.0015365161618755873,2,0
87528.0,184000,0.0015365161618755873,2,0
87528.0,185000,0.0015365161618755873,2,0
87528.0,186000,0.0015365161618755873,2,0
87528.0,187000,0.0015365161618755873,2,0
87528.0,188000,0.0015365161618755873,2,0
87528.0,189000,0.0015365161618755873,2,0
87528.0,190000,0.0015365161618755873,2,0
87528.0,191000,0.0015365161618755873,2,0
87528.0,192000,0.0015365161618755873,2,0
87528.0,193000,0.0015365161618755873,2,0
87528.0,194000,0.0015365161618755873,2,0
87528.0,195000,0.0015365161618755873,2,0
87528.0,196000,0.0015365161618755873,2,0
87528.0,197000,0.0015365161618755873,2,0
87528.0,198000,0.0015365161618755873,2,0
87528.0,199000,0.0015365161618755873,2,0
87528.0,200000,0.0015365161618755873,2,0
87528.0,201000,0.0015365161618755873,2,0
87528.0,202000,0.0015365161618755873,2,0
87528.0,203000,0.0015365161618755873,2,0
87528.0,204000,0.0015365161618755873,2,0
87528.0,205000,0.0015365161618755873,2,0
87528.0,206000,0.0015365161618755873,2,0
87528.0,207000,0.0015365161618755873,2,0
87528.0,208000,0.0015365161618755873,2,0
87528.0,209000,0.0015365161618755873,2,0
87528.0,210000,0.0015365161618755873,2,0
87528.0,211000,0.0015365161618755873,2,0
87528.0,212000,0.0015365161618755873,2,0
87528.0,213000,0.0015365161618755873,2,0
87528.0,214000,0.0015365161618755873,2,0
87528.0,215000,0.0015365161618755873,2,0
87528.0,216000,0.0015365161618755873,2,0
87528.0,217000,0.0015365161618755873,2,0
87528.0,218000,0.0015365161618755873,2,0
87528.0,219000,0.0015365161618755873,2,0
87528.0,220000,0.0015365161618755873,2,0
87528.0,221000,0.0015365161618755873,2,0
87528.0,222000,0.0015365161618755873,2,0
87528.0,223000,0.0015365161618755873,2,0
87528.0,224000,0.0015365161618755873,2,0
87528.0,225000,0.0015365161618755873,2,0
87528.0,226000,0.0015365161618755873,2,0
87528.0,227000,0.0015365161618755873,2,0
87528.0,228000,0.0015365161618755873,2,0
87528.0,229000,0.0015365161618755873,2,0
87528.0,230000,0.0015365161618755873,2,0
87528.0,231000,0.0015365161618755873,2,0
87528.0,232000,0.0015365161618755873,2,0
87528.0,233000,0.0015365161618755873,2,0
87528.0,234000,0.0015365161618755873,2,0
87528.0,235000,0.0015365161618755873,2,0
87528.0,236000,0.0015365161618755873,2,0
87528.0,237000,0.0015365161618755873,2,0
87528.0,238000,0.0015365161618755873,2,0
87528.0,239000,0.0015365161618755873,2,0
87528.0,240000,0.0015365161618755873,2,0
87528.0,241000,0.0015365161618755873,2,0
87528.0,242000,0.0015365161618755873,2,0
87528.0,243000,0.0015365161618755873,2,0
87528.0,244000,0.0015365161618755873,2,0
87528.0,245000,0.0015365161618755873,2,0
87528.0,246000,0.0015365161618755873,2,0
87528.0,247000,0.0015365161618755873,2,0
87528.0,248000,0.0015365161618755873,2,0
87528.0,249000,0.0015365161618755873,2,0
87528.0,250000,0.0015365161618755873,2,0
87528.0,251000,0.0015365161618755873,2,0
87528.0,252000,0.0015365161618755873,2,0
87528.0,253000,0.0015365161618755873,2,0
87528.0,254000,0.0015365161618755873,2,0
87528.0,255000,0.0015365161618755873,2,0
87528.0,256000,0.0015365161618755873,2,0
87528.0,257000,0.0015365161618755873,2,0
87528.0,258000,0.0015365161618755873,2,0
87528.0,259000,0.0015365161618755873,2,0
87528.0,260000,0.0015365161618755873,2,0
87528.0,261000,0.0015365161618755873,2,0
87528.0,262000,0.0015365161618755873,2,0
87528.0,263000,0.0015365161618755873,2,0
87528.0,264000,0.0015365161618755873,2,0
87528.0,265000,0.0015365161618755873,2,0
87528.0,266000,0.0015365161618755873,2,0
87528.0,267000,0.0015365161618755873,2,0
87528.0,268000,0.0015365161618755873,2,0
87528.0,269000,0.0015365161618755873,2,0
87528.0,270000,0.0015365161618755873,2,0
87528.0,271000,0.0015365161618755873,2,0
87528.0,272000,0.0015365161618755873,2,0
87528.0,273000,0.0015365161618755873,2,0
87528.0,274000,0.0015365161618755873,2,0
87528.0,275000,0.0015365161618755873,2,0
87528.0,276000,0.0015365161618755873,2,0
87528.0,277000,0.0015365161618755873,2,0
87528.0,278000,0.0015365161618755873,2,0
87528.0,279000,0.0015365161618755873,2,0
87528.0,280000,0.0015365161618755873,2,0
87528.0,281000,0.0015365161618755873,2,0
87528.0,282000,0.0015365161618755873,2,0
87528.0,283000,0.0015365161618755873,2,0
87528.0,284000,0.0015365161618755873,2,0
87528.0,285000,0.0015365161618755873,2,0
87528.0,286000,0.0015365161618755873,2,0
87528.0,287000,0.0015365161618755873,2,0
87528.0,288000,0.0015365161618755873,2,0
87528.0,289000,0.0015365161618755873,2,0
87528.0,290000,0.0015365161618755873,2,0
87528.0,291000,0.0015365161618755873,2,0
87528.0,292000,0.0015365161618755873,2,0
87528.0,293000,0.0015365161618755873,2,0
87528.0,294000,0.0015365161618755873,2,0
87528.0,295000,0.0015365161618755873,2,0
87528.0,296000,0.0015365161618755873,2,0
87528.0,297000,0.0015365161618755873,2,0
87528.0,298000,0.0015365161618755873,2,0
87528.0,299000,0.0015365161618755873,2,0
87528.0,300000,0.0015365161618755873,2,0
87528.0,301000,0.0015365161618755873,2,0
87528.0,302000,0.0015365161618755873,2,0
87528.0,303000,0.0015365161618755873,2,0
87528.0,304000,0.0015365161618755873,2,0
87528.0,305000,0.0015365161618755873,2,0
87528.0,306000,0.0015365161618755873,2,0
87528.0,307000,0.0015365161618755873,2,0
87528.0,308000,0.0015365161618755873,2,0
87528.0,309000,0.0015365161618755873,2,0
87528.0,310000,0.0015365161618755873,2,0
87528.0,311000,0.0015365161618755873,2,0
87528.0,312000,0.0015365161618755873,2,0
87528.0,313000,0.0015365161618755873,2,0
87528.0,314000,0.0015365161618755873,2,0
87528.0,315000,0.0015365161618755873,2,0
87528.0,316000,0.0015365161618755873,2,0
87528.0,317000,0.0015365161618755873,2,0
87528.0,318000,0.0015365161618755873,2,0
87528.0,319000,0.0015365161618755873,2,0
87528.0,320000,0.0015365161618755873,2,0
87528.0,321000,0.0015365161618755873,2,0
87528.0,322000,0.0015365161618755873,2,0
87528.0,323000,0.0015365161618755873,2,0
87528.0,324000,0.0015365161618755873,2,0
87528.0,325000,0.0015365161618755873,2,0
87528.0,326000,0.0015365161618755873,2,0
87528.0,327000,0.0015365161618755873,2,0
87528.0,328000,0.0015365161618755873,2,0
87528.0,329000,0.0015365161618755873,2,0
87528.0,330000,0.0015365161618755873,2,0
87528.0,331000,0.0015365161618755873,2,0
87528.0,332000,0.0015365161618755873,2,0
87528.0,333000,0.0015365161618755873,2,0
87528.0,334000,0.0015365161618755873,2,0
87528.0,335000,0.0015365161618755873,2,0
87528.0,336000,0.0015365161618755873,2,0
87528.0,337000,0.0015365161618755873,2,0
87528.0,338000,0.0015365161618755873,2,0
87528.0,339000,0.0015365161618755873,2,0
87528.0,340000,0.0015365161618755873,2,0
87528.0,341000,0.0015365161618755873,2,0
87528.0,342000,0.0015365161618755873,2,0
87528.0,343000,0.0015365161618755873,2,0
87528.0,344000,0.0015365161618755873,2,0
87528.0,345000,0.0015365161618755873,2,0
87528.0,346000,0.0015365161618755873,2,0
87528.0,347000,0.0015365161618755873,2,0
87528.0,348000,0.0015365161618755873,2,0
87528.0,349000,0.0015365161618755873,2,0
87528.0,350000,0.0015365161618755873,2,0
87528.0,351000,0.0015365161618755873,2,0
87528.0,352000,0.0015365161618755873,2,0
87528.0,353000,0.0015365161618755873,2,0
87528.0,354000,0.0015365161618755873,2,0
87528.0,355000,0.0015365161618755873,2,0
87528.0,356000,0.0015365161618755873,2,0
87528.0,357000,0.0015365161618755873,2,0
87528.0,358000,0.0015365161618755873,2,0
87528.0,359000,0.0015365161618755873,2,0
87528.0,360000,0.0015365161618755873,2,0
87528.0,361000,0.0015365161618755873,2,0
87528.0,362000,0.0015365161618755873,2,0
87528.0,363000,0.0015365161618755873,2,0
87528.0,364000,0.0015365161618755873,2,0
87528.0,365000,0.0015365161618755873,2,0
87528.0,366000,0.0015365161618755873,2,0
87528.0,367000,0.0015365161618755873,2,0
87528.0,368000,0.0015365161618755873,2,0
87528.0,369000,0.0015365161618755873,2,0
87528.0,370000,0.0015365161618755873,2,0
87528.0,371000,0.0015365161618755873,2,0
87528.0,372000,0.0015365161618755873,2,0
87528.0,373000,0.0015365161618755873,2,0
87528.0,374000,0.0015365161618755873,2,0
87528.0,375000,0.0015365161618755873,2,0
87528.0,376000,0.0015365161618755873,2,0
87528.0,377000,0.0015365161618755873,2,0
87528.0,378000,0.0015365161618755873,2,0
87528.0,379000,0.0015365161618755873,2,0
87528.0,380000,0.0015365161618755873,2,0
87528.0,381000,0.0015365161618755873,2,0
87528.0,382000,0.0015365161618755873,2,0
87528.0,383000,0.0015365161618755873,2,0
87528.0,384000,0.0015365161618755873,2,0
87528.0,385000,0.0015365161618755873,2,0
87528.0,386000,0.0015365161618755873,2,0
87528.0,387000,0.0015365161618755873,2,0
87528.0,388000,0.0015365161618755873,2,0
87528.0,389000,0.0015365161618755873,2,0
87528.0,390000,0.0015365161618755873,2,0
87528.0,391000,0.0015365161618755873,2,0
87528.0,392000,0.0015365161618755873,2,0
87528.0,393000,0.0015365161618755873,2,0
87528.0,394000,0.0015365161618755873,2,0
87528.0,395000,0.0015365161618755873,2,0
87528.0,396000,0.0015365161618755873,2,0
87528.0,397000,0.0015365161618755873,2,0
87528.0,398000,0.0015365161618755873,2,0
87528.0,399000,0.0015365161618755873,2,0
87528.0,400000,0.0015365161618755873,2,0
87528.0,401000,0.0015365161618755873,2,0
87528.0,402000,0.0015365161618755873,2,0
87528.0,403000,0.0015365161618755873,2,0
87528.0,404000,0.0015365161618755873,2,0
87528.0,405000,0.0015365161618755873,2,0
87528.0,406000,0.0015365161618755873,2,0
87528.0,407000,0.0015365161618755873,2,0
87528.0,408000,0.0015365161618755873,2,0
87528.0,409000,0.0015365161618755873,2,0
87528.0,410000,0.0015365161618755873,2,0
87528.0,411000,0.0015365161618755873,2,0
87528.0,412000,0.0015365161618755873,2,0
87528.0,413000,0.0015365161618755873,2,0
87528.0,414000,0.0015365161618755873,2,0
87528.0,415000,0.0015365161618755873,2,0
87528.0,416000,0.0015365161618755873,2,0
87528.0,417000,0.0015365161618755873,2,0
87528.0,418000,0.0015365161618755873,2,0
87528.0,419000,0.0015365161618755873,2,0
87528.0,420000,0.0015365161618755873,2,0
87528.0,421000,0.0015365161618755873,2,0
87528.0,422000,0.0015365161618755873,2,0
87528.0,423000,0.0015365161618755873,2,0
87528.0,424000,0.0015365161618755873,2,0
87528.0,425000,0.0015365161618755873,2,0
87528.0,426000,0.0015365161618755873,2,0
87528.0,427000,0.0015365161618755873,2,0
87528.0,428000,0.0015365161618755873,2,0
87528.0,429000,0.0015365161618755873,2,0
87528.0,430000,0.0015365161618755873,2,0
87528.0,431000,0.0015365161618755873,2,0
87528.0,432000,0.0015365161618755873,2,0
87528.0,433000,0.0015365161618755873,2,0
87528.0,434000,0.0015365161618755873,2,0
87528.0,435000,0.0015365161618755873,2,0
87528.0,436000,0.0015365161618755873,2,0
87528.0,437000,0.0015365161618755873,2,0
87528.0,438000,0.0015365161618755873,2,0
87528.0,439000,0.0015365161618755873,2,0
87528.0,440000,0.0015365161618755873,2,0
87528.0,441000,0.0015365161618755873,2,0
87528.0,442000,0.0015365161618755873,2,0
87528.0,443000,0.0015365161618755873,2,0
87528.0,444000,0.0015365161618755873,2,0
87528.0,445000,0.0015365161618755873,2,0
87528.0,446000,0.0015365161618755873,2,0
87528.0,447000,0.0015365161618755873,2,0
87528.0,448000,0.0015365161618755873,2,0
87528.0,449000,0.0015365161618755873,2,0
87528.0,450000,0.0015365161618755873,2,0
87528.0,451000,0.0015365161618755873,2,0
87528.0,452000,0.0015365161618755873,2,0
87528.0,453000,0.0015365161618755873,2,0
87528.0,454000,0.0015365161618755873,2,0
87528.0,455000,0.0015365161618755873,2,0
87528.0,456000,0.0015365161618755873,2,0
87528.0,457000,0.0015365161618755873,2,0
87528.0,458000,0.0015365161618755873,2,0
87528.0,459000,0.0015365161618755873,2,0
87528.0,460000,0.0015365161618755873,2,0
87528.0,461000,0.0015365161618755873,2,0
87528.0,462000,0.0015365161618755873,2,0
87528.0,463000,0.0015365161618755873,2,0
87528.0,464000,0.0015365161618755873,2,0
87528.0,465000,0.0015365161618755873,2,0
87528.0,466000,0.0015365161618755873,2,0
87528.0,467000,0.0015365161618755873,2,0
87528.0,468000,0.0015365161618755873,2,0
87528.0,469000,0.0015365161618755873,2,0
87528.0,470000,0.0015365161618755873,2,0
87528.0,471000,0.0015365161618755873,2,0
87528.0,472000,0.0015365161618755873,2,0
87528.0,473000,0.0015365161618755873,2,0
87528.0,474000,0.0015365161618755873,2,0
87528.0,475000,0.0015365161618755873,2,0
87528.0,476000,0.0015365161618755873,2,0
87528.0,477000,0.0015365161618755873,2,0
87528.0,478000,0.0015365161618755873,2,0
87528.0,479000,0.0015365161618755873,2,0
87528.0,480000,0.0015365161618755873,2,0
87528.0,481000,0.0015365161618755873,2,0
87528.0,482000,0.0015365161618755873,2,0
87528.0,483000,0.0015365161618755873,2,0
87528.0,484000,0.0015365161618755873,2,0
87528.0,485000,0.0015365161618755873,2,0
87528.0,486000,0.0015365161618755873,2,0
87528.0,487000,0.0015365161618755873,2,0
87528.0,488000,0.0015365161618755873,2,0
87528.0,489000,0.0015365161618755873,2,0
87528.0,490000,0.0015365161618755873,2,0
87528.0,491000,0.0015365161618755873,2,0
87528.0,492000,0.0015365161618755873,2,0
87528.0,493000,0.0015365161618755873,2,0
87528.0,494000,0.0015365161618755873,2,0
87528.0,495000,0.0015365161618755873,2,0
87528.0,496000,0.0015365161618755873,2,0
87528.0,497000,0.0015365161618755873,2,0
87528.0,498000,0.0015365161618755873,2,0
87528.0,499000,0.0015365161618755873,2,0
87528.0,500000,0.0015365161618755873,2,0
87528.0,501000,0.0015365161618755873,2,0
87528.0,502000,0.0015365161618755873,2,0
87528.0,503000,0.0015365161618755873,2,0
87528.0,504000,0.0015365161618755873,2,0
87528.0,505000,0.0015365161618755873,2,0
87528.0,506000,0.0015365161618755873,2,0
87528.0,507000,0.0015365161618755873,2,0
87528.0,508000,0.0015365161618755873,2,0
87528.0,509000,0.0015365161618755873,2,0
87528.0,510000,0.0015365161618755873,2,0
87528.0,511000,0.0015365161618755873,2,0
87528.0,512000,0.0015365161618755873,2,0
87528.0,513000,0.0015365161618755873,2,0
87528.0,514000,0.0015365161618755873,2,0
87528.0,515000,0.0015365161618755873,2,0
87528.0,516000,0.0015365161618755873,2,0
87528.0,517000,0.0015365161618755873,2,0
87528.0,518000,0.0015365161618755873,2,0
87528.0,519000,0.0015365161618755873,2,0
87528.0,520000,0.0015365161618755873,2,0
87528.0,521000,0.0015365161618755873,2,0
87528.0,522000,0.0015365161618755873,2,0
87528.0,523000,0.0015365161618755873,2,0
87528.0,524000,0.0015365161618755873,2,0
87528.0,525000,0.0015365161618755873,2,0
87528.0,526000,0.0015365161618755873,2,0
87528.0,527000,0.0015365161618755873,2,0
87528.0,528000,0.0015365161618755873,2,0
87528.0,529000,0.0015365161618755873,2,0
87528.0,530000,0.0015365161618755873,2,0
87528.0,531000,0.0015365161618755873,2,0
87528.0,532000,0.0015365161618755873,2,0
87528.0,533000,0.0015365161618755873,2,0
87528.0,534000,0.0015365161618755873,2,0
87528.0,535000,0.0015365161618755873,2,0
87528.0,536000,0.0015365161618755873,2,0
87528.0,537000,0.0015365161618755873,2,0
87528.0,538000,0.0015365161618755873,2,0
87528.0,539000,0.0015365161618755873,2,0
87528.0,540000,0.0015365161618755873,2,0
87528.0,541000,0.0015365161618755873,2,0
87528.0,542000,0.0015365161618755873,2,0
87528.0,543000,0.0015365161618755873,2,0
87528.0,544000,0.0015365161618755873,2,0
87528.0,545000,0.0015365161618755873,2,0
87528.0,546000,0.0015365161618755873,2,0
87528.0,547000,0.0015365161618755873,2,0
87528.0,548000,0.0015365161618755873,2,0
87528.0,549000,0.0015365161618755873,2,0
87528.0,550000,0.0015365161618755873,2,0
87528.0,551000,0.0015365161618755873,2,0
87528.0,552000,0.0015365161618755873,2,0
87528.0,553000,0.0015365161618755873,2,0
87528.0,554000,0.0015365161618755873,2,0
87528.0,555000,0.0015365161618755873,2,0
87528.0,556000,0.0015365161618755873,2,0
87528.0,557000,0.0015365161618755873,2,0
87528.0,558000,0.0015365161618755873,2,0
87528.0,559000,0.0015365161618755873,2,0
87528.0,560000,0.0015365161618755873,2,0
87528.0,561000,0.0015365161618755873,2,0
87528.0,562000,0.0015365161618755873,2,0
87528.0,563000,0.0015365161618755873,2,0
87528.0,564000,0.0015365161618755873,2,0
87528.0,565000,0.0015365161618755873,2,0
87528.0,566000,0.0015365161618755873,2,0
87528.0,567000,0.0015365161618755873,2,0
87528.0,568000,0.0015365161618755873,2,0
87528.0,569000,0.0015365161618755873,2,0
87528.0,570000,0.0015365161618755873,2,0
87528.0,571000,0.0015365161618755873,2,0
87528.0,572000,0.0015365161618755873,2,0
87528.0,573000,0.0015365161618755873,2,0
87528.0,574000,0.0015365161618755873,2,0
87528.0,575000,0.0015365161618755873,2,0
87528.0,576000,0.0015365161618755873,2,0
87528.0,577000,0.0015365161618755873,2,0
87528.0,578000,0.0015365161618755873,2,0
87528.0,579000,0.0015365161618755873,2,0
87528.0,580000,0.0015365161618755873,2,0
87528.0,581000,0.0015365161618755873,2,0
87528.0,582000,0.0015365161618755873,2,0
87528.0,583000,0.0015365161618755873,2,0
87528.0,584000,0.0015365161618755873,2,0
87528.0,585000,0.0015365161618755873,2,0
87528.0,586000,0.0015365161618755873,2,0
87528.0,587000,0.0015365161618755873,2,0
87528.0,588000,0.0015365161618755873,2,0
87528.0,589000,0.0015365161618755873,2,0
87528.0,590000,0.0015365161618755873,2,0
87528.0,591000,0.0015365161618755873,2,0
87528.0,592000,0.0015365161618755873,2,0
87528.0,593000,0.0015365161618755873,2,0
87528.0,594000,0.0015365161618755873,2,0
87528.0,595000,0.0015365161618755873,2,0
87528.0,596000,0.0015365161618755873,2,0
87528.0,597000,0.0015365161618755873,2,0
87528.0,598000,0.0015365161618755873,2,0
87528.0,599000,0.0015365161618755873,2,0
87528.0,600000,0.0015365161618755873,2,0
87528.0,601000,0.0015365161618755873,2,0
87528.0,602000,0.0015365161618755873,2,0
87528.0,603000,0.0015365161618755873,2,0
87528.0,604000,0.0015365161618755873,2,0
87528.0,605000,0.0015365161618755873,2,0
87528.0,606000,0.0015365161618755873,2,0
87528.0,607000,0.0015365161618755873,2,0
87528.0,608000,0.0015365161618755873,2,0
87528.0,609000,0.0015365161618755873,2,0
87528.0,610000,0.0015365161618755873,2,0
87528.0,611000,0.0015365161618755873,2,0
87528.0,612000,0.0015365161618755873,2,0
87528.0,613000,0.0015365161618755873,2,0
87528.0,614000,0.0015365161618755873,2,0
87528.0,615000,0.0015365161618755873,2,0
87528.0,616000,0.0015365161618755873,2,0
87528.0,617000,0.0015365161618755873,2,0
87528.0,618000,0.0015365161618755873,2,0
87528.0,619000,0.0015365161618755873,2,0
87528.0,620000,0.0015365161618755873,2,0
87528.0,621000,0.0015365161618755873,2,0
87528.0,622000,0.0015365161618755873,2,0
87528.0,623000,0.0015365161618755873,2,0
87528.0,624000,0.0015365161618755873,2,0
87528.0,625000,0.0015365161618755873,2,0
87528.0,626000,0.0015365161618755873,2,0
87528.0,627000,0.0015365161618755873,2,0
87528.0,628000,0.0015365161618755873,2,0
87528.0,629000,0.0015365161618755873,2,0
87528.0,630000,0.0015365161618755873,2,0
87528.0,631000,0.0015365161618755873,2,0
87528.0,632000,0.0015365161618755873,2,0
87528.0,633000,0.0015365161618755873,2,0
87528.0,634000,0.0015365161618755873,2,0
87528.0,635000,0.0015365161618755873,2,0
87528.0,636000,0.0015365161618755873,2,0
87528.0,637000,0.0015365161618755873,2,0
87528.0,638000,0.0015365161618755873,2,0
87528.0,639000,0.0015365161618755873,2,0
87528.0,640000,0.0015365161618755873,2,0
87528.0,641000,0.0015365161618755873,2,0
87528.0,642000,0.0015365161618755873,2,0
87528.0,643000,0.0015365161618755873,2,0
87528.0,644000,0.0015365161618755873,2,0
87528.0,645000,0.0015365161618755873,2,0
87528.0,646000,0.0015365161618755873,2,0
87528.0,647000,0.0015365161618755873,2,0
87528.0,648000,0.0015365161618755873,2,0
87528.0,649000,0.0015365161618755873,2,0
87528.0,650000,0.0015365161618755873,2,0
87528.0,651000,0.0015365161618755873,2,0
87528.0,652000,0.0015365161618755873,2,0
87528.0,653000,0.0015365161618755873,2,0
87528.0,654000,0.0015365161618755873,2,0
87528.0,655000,0.0015365161618755873,2,0
87528.0,656000,0.0015365161618755873,2,0
87528.0,657000,0.0015365161618755873,2,0
87528.0,658000,0.0015365161618755873,2,0
87528.0,659000,0.0015365161618755873,2,0
87528.0,660000,0.0015365161618755873,2,0
87528.0,661000,0.0015365161618755873,2,0
87528.0,662000,0.0015365161618755873,2,0
87528.0,663000,0.0015365161618755873,2,0
87528.0,664000,0.0015365161618755873,2,0
87528.0,665000,0.0015365161618755873,2,0
87528.0,666000,0.0015365161618755873,2,0
87528.0,667000,0.0015365161618755873,2,0
87528.0,668000,0.0015365161618755873,2,0
87528.0,669000,0.0015365161618755873,2,0
87528.0,670000,0.0015365161618755873,2,0
87528.0,671000,0.0015365161618755873,2,0
87528.0,672000,0.0015365161618755873,2,0
87528.0,673000,0.0015365161618755873,2,0
87528.0,674000,0.0015365161618755873,2,0
87528.0,675000,0.0015365161618755873,2,0
87528.0,676000,0.0015365161618755873,2,0
87528.0,677000,0.0015365161618755873,2,0
87528.0,678000,0.0015365161618755873,2,0
87528.0,679000,0.0015365161618755873,2,0
87528.0,680000,0.0015365161618755873,2,0
87528.0,681000,0.0015365161618755873,2,0
87528.0,682000,0.0015365161618755873,2,0
87528.0,683000,0.0015365161618755873,2,0
87528.0,684000,0.0015365161618755873,2,0
87528.0,685000,0.0015365161618755873,2,0
87528.0,686000,0.0015365161618755873,2,0
87528.0,687000,0.0015365161618755873,2,0
87528.0,688000,0.0015365161618755873,2,0
87528.0,689000,0.0015365161618755873,2,0
87528.0,690000,0.0015365161618755873,2,0
87528.0,691000,0.0015365161618755873,2,0
87528.0,692000,0.0015365161618755873,2,0
87528.0,693000,0.0015365161618755873,2,0
87528.0,694000,0.0015365161618755873,2,0
87528.0,695000,0.0015365161618755873,2,0
87528.0,696000,0.0015365161618755873,2,0
87528.0,697000,0.0015365161618755873,2,0
87528.0,698000,0.0015365161618755873,2,0
87528.0,699000,0.0015365161618755873,2,0
87528.0,700000,0.0015365161618755873,2,0
87528.0,701000,0.0015365161618755873,2,0
87528.0,702000,0.0015365161618755873,2,0
87528.0,703000,0.0015365161618755873,2,0
87528.0,704000,0.0006634989648021256,2,0
87671.0,22000,0.0007219510888552752,1,0
87671.0,23000,0.0014664387823578766,1,0
87671.0,24000,0.0014664387823578766,1,0
87671.0,25000,0.0014664387823578766,1,0
87671.0,26000,0.0014664387823578766,1,0
87671.0,27000,0.0014664387823578766,1,0
87671.0,28000,0.0014664387823578766,1,0
87671.0,29000,0.0014664387823578766,1,0
87671.0,30000,0.0014664387823578766,1,0
87671.0,31000,0.0014664387823578766,1,0
87671.0,32000,0.0014664387823578766,1,0
87671.0,33000,0.0014664387823578766,1,0
87671.0,34000,0.0014664387823578766,1,0
87671.0,35000,0.0014664387823578766,1,0
87671.0,36000,0.0014664387823578766,1,0
87671.0,37000,0.0014664387823578766,1,0
87671.0,38000,0.0014664387823578766,1,0
87671.0,39000,0.0014664387823578766,1,0
87671.0,40000,0.0014664387823578766,1,0
87671.0,41000,0.0014664387823578766,1,0
87671.0,42000,0.0014664387823578766,1,0
87671.0,43000,0.0014664387823578766,1,0
87671.0,44000,0.0014664387823578766,1,0
87671.0,45000,0.0014664387823578766,1,0
87671.0,46000,0.0014664387823578766,1,0
87671.0,47000,0.0014664387823578766,1,0
87671.0,48000,0.0014664387823578766,1,0
87671.0,49000,0.0014664387823578766,1,0
87671.0,50000,0.0014664387823578766,1,0
87671.0,51000,0.0014664387823578766,1,0
87671.0,52000,0.0014664387823578766,1,0
87671.0,53000,0.0014664387823578766,1,0
87671.0,54000,0.0014664387823578766,1,0
87671.0,55000,0.0014664387823578766,1,0
87671.0,56000,0.0014664387823578766,1,0
87671.0,57000,0.0014664387823578766,1,0
87671.0,58000,0.0014664387823578766,1,0
87671.0,59000,0.0014664387823578766,1,0
87671.0,60000,0.0014664387823578766,1,0
87671.0,61000,0.0014664387823578766,1,0
87671.0,62000,0.0014664387823578766,1,0
87671.0,63000,0.0014664387823578766,1,0
87671.0,64000,0.0014664387823578766,1,0
87671.0,65000,0.0014664387823578766,1,0
87671.0,66000,0.0014664387823578766,1,0
87671.0,67000,0.0014664387823578766,1,0
87671.0,68000,0.0014664387823578766,1,0
87671.0,69000,0.0014664387823578766,1,0
87671.0,70000,0.0014664387823578766,1,0
87671.0,71000,0.0014664387823578766,1,0
87671.0,72000,0.0014664387823578766,1,0
87671.0,73000,0.0014664387823578766,1,0
87671.0,74000,0.0014664387823578766,1,0
87671.0,75000,0.0014664387823578766,1,0
87671.0,76000,0.0014664387823578766,1,0
87671.0,77000,0.0014664387823578766,1,0
87671.0,78000,0.0014664387823578766,1,0
87671.0,79000,0.0014664387823578766,1,0
87671.0,80000,0.0014664387823578766,1,0
87671.0,81000,0.0014664387823578766,1,0
87671.0,82000,0.0014664387823578766,1,0
87671.0,83000,0.0014664387823578766,1,0
87671.0,84000,0.0014664387823578766,1,0
87671.0,85000,0.0014664387823578766,1,0
87671.0,86000,0.0014664387823578766,1,0
87671.0,87000,0.0014664387823578766,1,0
87671.0,88000,0.0014664387823578766,1,0
87671.0,89000,0.0014664387823578766,1,0
87671.0,90000,0.0014664387823578766,1,0
87671.0,91000,0.0014664387823578766,1,0
87671.0,92000,0.0014664387823578766,1,0
87671.0,93000,0.0014664387823578766,1,0
87671.0,94000,0.0014664387823578766,1,0
87671.0,95000,0.0014664387823578766,1,0
87671.0,96000,0.0014664387823578766,1,0
87671.0,97000,0.0014664387823578766,1,0
87671.0,98000,0.0014664387823578766,1,0
87671.0,99000,0.0014664387823578766,1,0
87671.0,100000,0.0014664387823578766,1,0
87671.0,101000,0.0014664387823578766,1,0
87671.0,102000,0.0014664387823578766,1,0
87671.0,103000,0.0014664387823578766,1,0
87671.0,104000,0.0014664387823578766,1,0
87671.0,105000,0.0014664387823578766,1,0
87671.0,106000,0.0014664387823578766,1,0
87671.0,107000,0.0014664387823578766,1,0
87671.0,108000,0.0014664387823578766,1,0
87671.0,109000,0.0014664387823578766,1,0
87671.0,110000,0.0014664387823578766,1,0
87671.0,111000,0.0014664387823578766,1,0
87671.0,112000,0.0014664387823578766,1,0
87671.0,113000,0.0014664387823578766,1,0
87671.0,114000,0.0014664387823578766,1,0
87671.0,115000,0.0014664387823578766,1,0
87671.0,116000,0.0014664387823578766,1,0
87671.0,117000,0.0014664387823578766,1,0
87671.0,118000,0.0014664387823578766,1,0
87671.0,119000,0.0014664387823578766,1,0
87671.0,120000,0.0014664387823578766,1,0
87671.0,121000,0.0014664387823578766,1,0
87671.0,122000,0.0014664387823578766,1,0
87671.0,123000,0.0014664387823578766,1,0
87671.0,124000,0.0014664387823578766,1,0
87671.0,125000,0.0014664387823578766,1,0
87671.0,126000,0.0014664387823578766,1,0
87671.0,127000,0.0014664387823578766,1,0
87671.0,128000,0.0014664387823578766,1,0
87671.0,129000,0.0014664387823578766,1,0
87671.0,130000,0.0014664387823578766,1,0
87671.0,131000,0.0014664387823578766,1,0
87671.0,132000,0.0014664387823578766,1,0
87671.0,133000,0.0014664387823578766,1,0
87671.0,134000,0.0014664387823578766,1,0
87671.0,135000,0.0014664387823578766,1,0
87671.0,136000,0.0014664387823578766,1,0
87671.0,137000,0.0014664387823578766,1,0
87671.0,138000,0.0014664387823578766,1,0
87671.0,139000,0.0014664387823578766,1,0
87671.0,140000,0.0014664387823578766,1,0
87671.0,141000,0.0014664387823578766,1,0
87671.0,142000,0.0014664387823578766,1,0
87671.0,143000,0.0014664387823578766,1,0
87671.0,144000,0.0014664387823578766,1,0
87671.0,145000,0.0014664387823578766,1,0
87671.0,146000,0.0014664387823578766,1,0
87671.0,147000,0.0014664387823578766,1,0
87671.0,148000,0.0014664387823578766,1,0
87671.0,149000,0.0014664387823578766,1,0
87671.0,150000,0.0014664387823578766,1,0
87671.0,151000,0.0014664387823578766,1,0
87671.0,152000,0.0014664387823578766,1,0
87671.0,153000,0.0014664387823578766,1,0
87671.0,154000,0.0014664387823578766,1,0
87671.0,155000,0.0014664387823578766,1,0
87671.0,156000,0.0014664387823578766,1,0
87671.0,157000,0.0014664387823578766,1,0
87671.0,158000,0.0014664387823578766,1,0
87671.0,159000,0.0014664387823578766,1,0
87671.0,160000,0.0014664387823578766,1,0
87671.0,161000,0.0014664387823578766,1,0
87671.0,162000,0.0014664387823578766,1,0
87671.0,163000,0.0014664387823578766,1,0
87671.0,164000,0.0014664387823578766,1,0
87671.0,165000,0.0014664387823578766,1,0
87671.0,166000,0.0014664387823578766,1,0
87671.0,167000,0.0014664387823578766,1,0
87671.0,168000,0.0014664387823578766,1,0
87671.0,169000,0.0014664387823578766,1,0
87671.0,170000,0.0014664387823578766,1,0
87671.0,171000,0.0014664387823578766,1,0
87671.0,172000,0.0014664387823578766,1,0
87671.0,173000,0.0014664387823578766,1,0
87671.0,174000,0.0014664387823578766,1,0
87671.0,175000,0.0014664387823578766,1,0
87671.0,176000,0.0014664387823578766,1,0
87671.0,177000,0.0014664387823578766,1,0
87671.0,178000,0.0014664387823578766,1,0
87671.0,179000,0.0014664387823578766,1,0
87671.0,180000,0.0014664387823578766,1,0
87671.0,181000,0.0014664387823578766,1,0
87671.0,182000,0.0014664387823578766,1,0
87671.0,183000,0.0014664387823578766,1,0
87671.0,184000,0.0014664387823578766,1,0
87671.0,185000,0.0014664387823578766,1,0
87671.0,186000,0.0014664387823578766,1,0
87671.0,187000,0.0014664387823578766,1,0
87671.0,188000,0.0014664387823578766,1,0
87671.0,189000,0.0014664387823578766,1,0
87671.0,190000,0.0014664387823578766,1,0
87671.0,191000,0.0014664387823578766,1,0
87671.0,192000,0.0014664387823578766,1,0
87671.0,193000,0.0014664387823578766,1,0
87671.0,194000,0.0014664387823578766,1,0
87671.0,195000,0.0014664387823578766,1,0
87671.0,196000,0.0014664387823578766,1,0
87671.0,197000,0.0014664387823578766,1,0
87671.0,198000,0.0014664387823578766,1,0
87671.0,199000,0.0014664387823578766,1,0
87671.0,200000,0.0014664387823578766,1,0
87671.0,201000,0.0014664387823578766,1,0
87671.0,202000,0.0014664387823578766,1,0
87671.0,203000,0.0014664387823578766,1,0
87671.0,204000,0.0014664387823578766,1,0
87671.0,205000,0.0014664387823578766,1,0
87671.0,206000,0.0014664387823578766,1,0
87671.0,207000,0.0014664387823578766,1,0
87671.0,208000,0.0014664387823578766,1,0
87671.0,209000,0.0014664387823578766,1,0
87671.0,210000,0.0014664387823578766,1,0
87671.0,211000,0.0014664387823578766,1,0
87671.0,212000,0.0014664387823578766,1,0
87671.0,213000,0.0014664387823578766,1,0
87671.0,214000,0.0014664387823578766,1,0
87671.0,215000,0.0014664387823578766,1,0
87671.0,216000,0.0014664387823578766,1,0
87671.0,217000,0.0014664387823578766,1,0
87671.0,218000,0.0014664387823578766,1,0
87671.0,219000,0.0014664387823578766,1,0
87671.0,220000,0.0014664387823578766,1,0
87671.0,221000,0.0014664387823578766,1,0
87671.0,222000,0.0014664387823578766,1,0
87671.0,223000,0.0014664387823578766,1,0
87671.0,224000,0.0014664387823578766,1,0
87671.0,225000,0.0014664387823578766,1,0
87671.0,226000,0.0014664387823578766,1,0
87671.0,227000,0.0014664387823578766,1,0
87671.0,228000,0.0014664387823578766,1,0
87671.0,229000,0.0014664387823578766,1,0
87671.0,230000,0.0014664387823578766,1,0
87671.0,231000,0.0014664387823578766,1,0
87671.0,232000,0.0014664387823578766,1,0
87671.0,233000,0.0014664387823578766,1,0
87671.0,234000,0.0014664387823578766,1,0
87671.0,235000,0.0014664387823578766,1,0
87671.0,236000,0.0014664387823578766,1,0
87671.0,237000,0.0014664387823578766,1,0
87671.0,238000,0.0014664387823578766,1,0
87671.0,239000,0.0014664387823578766,1,0
87671.0,240000,0.0014664387823578766,1,0
87671.0,241000,0.0014664387823578766,1,0
87671.0,242000,0.0014664387823578766,1,0
87671.0,243000,0.0014664387823578766,1,0
87671.0,244000,0.0014664387823578766,1,0
87671.0,245000,0.0014664387823578766,1,0
87671.0,246000,0.0014664387823578766,1,0
87671.0,247000,0.0014664387823578766,1,0
87671.0,248000,0.0014664387823578766,1,0
87671.0,249000,0.0014664387823578766,1,0
87671.0,250000,0.0014664387823578766,1,0
87671.0,251000,0.0014664387823578766,1,0
87671.0,252000,0.0014664387823578766,1,0
87671.0,253000,0.0014664387823578766,1,0
87671.0,254000,0.0014664387823578766,1,0
87671.0,255000,0.0014664387823578766,1,0
87671.0,256000,0.0014664387823578766,1,0
87671.0,257000,0.0014664387823578766,1,0
87671.0,258000,0.0014664387823578766,1,0
87671.0,259000,0.0014664387823578766,1,0
87671.0,260000,0.0014664387823578766,1,0
87671.0,261000,0.0014664387823578766,1,0
87671.0,262000,0.0014664387823578766,1,0
87671.0,263000,0.0014664387823578766,1,0
87671.0,264000,0.0014664387823578766,1,0
87671.0,265000,0.0014664387823578766,1,0
87671.0,266000,0.0014664387823578766,1,0
87671.0,267000,0.0014664387823578766,1,0
87671.0,268000,0.0014664387823578766,1,0
87671.0,269000,0.0014664387823578766,1,0
87671.0,270000,0.0014664387823578766,1,0
87671.0,271000,0.0014664387823578766,1,0
87671.0,272000,0.0014664387823578766,1,0
87671.0,273000,0.0014664387823578766,1,0
87671.0,274000,0.0014664387823578766,1,0
87671.0,275000,0.0014664387823578766,1,0
87671.0,276000,0.0014664387823578766,1,0
87671.0,277000,0.0014664387823578766,1,0
87671.0,278000,0.0014664387823578766,1,0
87671.0,279000,0.0014664387823578766,1,0
87671.0,280000,0.0014664387823578766,1,0
87671.0,281000,0.0014664387823578766,1,0
87671.0,282000,0.0014664387823578766,1,0
87671.0,283000,0.0014664387823578766,1,0
87671.0,284000,0.0014664387823578766,1,0
87671.0,285000,0.0014664387823578766,1,0
87671.0,286000,0.0014664387823578766,1,0
87671.0,287000,0.0014664387823578766,1,0
87671.0,288000,0.0014664387823578766,1,0
87671.0,289000,0.0014664387823578766,1,0
87671.0,290000,0.0014664387823578766,1,0
87671.0,291000,0.0014664387823578766,1,0
87671.0,292000,0.0014664387823578766,1,0
87671.0,293000,0.0014664387823578766,1,0
87671.0,294000,0.0014664387823578766,1,0
87671.0,295000,0.0014664387823578766,1,0
87671.0,296000,0.0014664387823578766,1,0
87671.0,297000,0.0014664387823578766,1,0
87671.0,298000,0.0014664387823578766,1,0
87671.0,299000,0.0014664387823578766,1,0
87671.0,300000,0.0014664387823578766,1,0
87671.0,301000,0.0014664387823578766,1,0
87671.0,302000,0.0014664387823578766,1,0
87671.0,303000,0.0014664387823578766,1,0
87671.0,304000,0.0014664387823578766,1,0
87671.0,305000,0.0014664387823578766,1,0
87671.0,306000,0.0014664387823578766,1,0
87671.0,307000,0.0014664387823578766,1,0
87671.0,308000,0.0014664387823578766,1,0
87671.0,309000,0.0014664387823578766,1,0
87671.0,310000,0.0014664387823578766,1,0
87671.0,311000,0.0014664387823578766,1,0
87671.0,312000,0.0014664387823578766,1,0
87671.0,313000,0.0014664387823578766,1,0
87671.0,314000,0.0014664387823578766,1,0
87671.0,315000,0.0014664387823578766,1,0
87671.0,316000,0.0014664387823578766,1,0
87671.0,317000,0.0014664387823578766,1,0
87671.0,318000,0.0014664387823578766,1,0
87671.0,319000,0.0014664387823578766,1,0
87671.0,320000,0.0014664387823578766,1,0
87671.0,321000,0.0014664387823578766,1,0
87671.0,322000,0.0014664387823578766,1,0
87671.0,323000,0.0014664387823578766,1,0
87671.0,324000,0.0014664387823578766,1,0
87671.0,325000,0.0014664387823578766,1,0
87671.0,326000,0.0014664387823578766,1,0
87671.0,327000,0.0014664387823578766,1,0
87671.0,328000,0.0014664387823578766,1,0
87671.0,329000,0.0014664387823578766,1,0
87671.0,330000,0.0014664387823578766,1,0
87671.0,331000,0.0014664387823578766,1,0
87671.0,332000,0.0014664387823578766,1,0
87671.0,333000,0.0014664387823578766,1,0
87671.0,334000,0.0014664387823578766,1,0
87671.0,335000,0.0014664387823578766,1,0
87671.0,336000,0.0014664387823578766,1,0
87671.0,337000,0.0014664387823578766,1,0
87671.0,338000,0.0014664387823578766,1,0
87671.0,339000,0.0014664387823578766,1,0
87671.0,340000,0.0014664387823578766,1,0
87671.0,341000,0.0014664387823578766,1,0
87671.0,342000,0.0014664387823578766,1,0
87671.0,343000,0.0014664387823578766,1,0
87671.0,344000,0.0014664387823578766,1,0
87671.0,345000,0.0014664387823578766,1,0
87671.0,346000,0.0014664387823578766,1,0
87671.0,347000,0.0014664387823578766,1,0
87671.0,348000,0.0014664387823578766,1,0
87671.0,349000,0.0014664387823578766,1,0
87671.0,350000,0.0014664387823578766,1,0
87671.0,351000,0.0014664387823578766,1,0
87671.0,352000,0.0014664387823578766,1,0
87671.0,353000,0.0014664387823578766,1,0
87671.0,354000,0.0014664387823578766,1,0
87671.0,355000,0.0014664387823578766,1,0
87671.0,356000,0.0014664387823578766,1,0
87671.0,357000,0.0014664387823578766,1,0
87671.0,358000,0.0014664387823578766,1,0
87671.0,359000,0.0014664387823578766,1,0
87671.0,360000,0.0014664387823578766,1,0
87671.0,361000,0.0014664387823578766,1,0
87671.0,362000,0.0014664387823578766,1,0
87671.0,363000,0.0014664387823578766,1,0
87671.0,364000,0.0014664387823578766,1,0
87671.0,365000,0.0014664387823578766,1,0
87671.0,366000,0.0014664387823578766,1,0
87671.0,367000,0.0014664387823578766,1,0
87671.0,368000,0.0014664387823578766,1,0
87671.0,369000,0.0014664387823578766,1,0
87671.0,370000,0.0014664387823578766,1,0
87671.0,371000,0.0014664387823578766,1,0
87671.0,372000,0.0014664387823578766,1,0
87671.0,373000,0.0014664387823578766,1,0
87671.0,374000,0.0014664387823578766,1,0
87671.0,375000,0.0014664387823578766,1,0
87671.0,376000,0.0014664387823578766,1,0
87671.0,377000,0.0014664387823578766,1,0
87671.0,378000,0.0014664387823578766,1,0
87671.0,379000,0.0014664387823578766,1,0
87671.0,380000,0.0014664387823578766,1,0
87671.0,381000,0.0014664387823578766,1,0
87671.0,382000,0.0014664387823578766,1,0
87671.0,383000,0.0014664387823578766,1,0
87671.0,384000,0.0014664387823578766,1,0
87671.0,385000,0.0014664387823578766,1,0
87671.0,386000,0.0014664387823578766,1,0
87671.0,387000,0.0014664387823578766,1,0
87671.0,388000,0.0014664387823578766,1,0
87671.0,389000,0.0014664387823578766,1,0
87671.0,390000,0.0014664387823578766,1,0
87671.0,391000,0.0014664387823578766,1,0
87671.0,392000,0.0014664387823578766,1,0
87671.0,393000,0.0014664387823578766,1,0
87671.0,394000,0.0014664387823578766,1,0
87671.0,395000,0.0014664387823578766,1,0
87671.0,396000,0.0014664387823578766,1,0
87671.0,397000,0.0014664387823578766,1,0
87671.0,398000,0.0014664387823578766,1,0
87671.0,399000,0.0014664387823578766,1,0
87671.0,400000,0.0014664387823578766,1,0
87671.0,401000,0.0014664387823578766,1,0
87671.0,402000,0.0014664387823578766,1,0
87671.0,403000,0.0014664387823578766,1,0
87671.0,404000,0.0014664387823578766,1,0
87671.0,405000,0.0014664387823578766,1,0
87671.0,406000,0.0014664387823578766,1,0
87671.0,407000,0.0014664387823578766,1,0
87671.0,408000,0.0014664387823578766,1,0
87671.0,409000,0.0014664387823578766,1,0
87671.0,410000,0.0014664387823578766,1,0
87671.0,411000,0.0014664387823578766,1,0
87671.0,412000,0.0014664387823578766,1,0
87671.0,413000,0.0014664387823578766,1,0
87671.0,414000,0.0014664387823578766,1,0
87671.0,415000,0.0014664387823578766,1,0
87671.0,416000,0.0014664387823578766,1,0
87671.0,417000,0.0014664387823578766,1,0
87671.0,418000,0.0014664387823578766,1,0
87671.0,419000,0.0014664387823578766,1,0
87671.0,420000,0.0014664387823578766,1,0
87671.0,421000,0.0014664387823578766,1,0
87671.0,422000,0.0014664387823578766,1,0
87671.0,423000,0.0014664387823578766,1,0
87671.0,424000,0.0014664387823578766,1,0
87671.0,425000,0.0014664387823578766,1,0
87671.0,426000,0.0014664387823578766,1,0
87671.0,427000,0.0014664387823578766,1,0
87671.0,428000,0.0014664387823578766,1,0
87671.0,429000,0.0014664387823578766,1,0
87671.0,430000,0.0014664387823578766,1,0
87671.0,431000,0.0014664387823578766,1,0
87671.0,432000,0.0014664387823578766,1,0
87671.0,433000,0.0014664387823578766,1,0
87671.0,434000,0.0014664387823578766,1,0
87671.0,435000,0.0014664387823578766,1,0
87671.0,436000,0.0014664387823578766,1,0
87671.0,437000,0.0014664387823578766,1,0
87671.0,438000,0.0014664387823578766,1,0
87671.0,439000,0.0014664387823578766,1,0
87671.0,440000,0.0014664387823578766,1,0
87671.0,441000,0.0014664387823578766,1,0
87671.0,442000,0.0014664387823578766,1,0
87671.0,443000,0.0014664387823578766,1,0
87671.0,444000,0.0014664387823578766,1,0
87671.0,445000,0.0014664387823578766,1,0
87671.0,446000,0.0014664387823578766,1,0
87671.0,447000,0.0014664387823578766,1,0
87671.0,448000,0.0014664387823578766,1,0
87671.0,449000,0.0014664387823578766,1,0
87671.0,450000,0.0014664387823578766,1,0
87671.0,451000,0.0014664387823578766,1,0
87671.0,452000,0.0014664387823578766,1,0
87671.0,453000,0.0014664387823578766,1,0
87671.0,454000,0.0014664387823578766,1,0
87671.0,455000,0.0014664387823578766,1,0
87671.0,456000,0.0014664387823578766,1,0
87671.0,457000,0.0014664387823578766,1,0
87671.0,458000,0.0014664387823578766,1,0
87671.0,459000,0.0014664387823578766,1,0
87671.0,460000,0.0014664387823578766,1,0
87671.0,461000,0.0014664387823578766,1,0
87671.0,462000,0.0014664387823578766,1,0
87671.0,463000,0.0014664387823578766,1,0
87671.0,464000,0.0014664387823578766,1,0
87671.0,465000,0.0014664387823578766,1,0
87671.0,466000,0.0014664387823578766,1,0
87671.0,467000,0.0014664387823578766,1,0
87671.0,468000,0.0014664387823578766,1,0
87671.0,469000,0.0014664387823578766,1,0
87671.0,470000,0.0014664387823578766,1,0
87671.0,471000,0.0014664387823578766,1,0
87671.0,472000,0.0014664387823578766,1,0
87671.0,473000,0.0014664387823578766,1,0
87671.0,474000,0.0014664387823578766,1,0
87671.0,475000,0.0014664387823578766,1,0
87671.0,476000,0.0014664387823578766,1,0
87671.0,477000,0.0014664387823578766,1,0
87671.0,478000,0.0014664387823578766,1,0
87671.0,479000,0.0014664387823578766,1,0
87671.0,480000,0.0014664387823578766,1,0
87671.0,481000,0.0014664387823578766,1,0
87671.0,482000,0.0014664387823578766,1,0
87671.0,483000,0.0014664387823578766,1,0
87671.0,484000,0.0014664387823578766,1,0
87671.0,485000,0.0014664387823578766,1,0
87671.0,486000,0.0014664387823578766,1,0
87671.0,487000,0.0014664387823578766,1,0
87671.0,488000,0.0014664387823578766,1,0
87671.0,489000,0.0014664387823578766,1,0
87671.0,490000,0.0014664387823578766,1,0
87671.0,491000,0.0014664387823578766,1,0
87671.0,492000,0.0014664387823578766,1,0
87671.0,493000,0.0014664387823578766,1,0
87671.0,494000,0.0014664387823578766,1,0
87671.0,495000,0.0014664387823578766,1,0
87671.0,496000,0.0014664387823578766,1,0
87671.0,497000,0.0014664387823578766,1,0
87671.0,498000,0.0014664387823578766,1,0
87671.0,499000,0.0014664387823578766,1,0
87671.0,500000,0.0014664387823578766,1,0
87671.0,501000,0.0014664387823578766,1,0
87671.0,502000,0.0014664387823578766,1,0
87671.0,503000,0.0014664387823578766,1,0
87671.0,504000,0.0014664387823578766,1,0
87671.0,505000,0.0014664387823578766,1,0
87671.0,506000,0.0014664387823578766,1,0
87671.0,507000,0.0014664387823578766,1,0
87671.0,508000,0.0014664387823578766,1,0
87671.0,509000,0.0014664387823578766,1,0
87671.0,510000,0.0014664387823578766,1,0
87671.0,511000,0.0014664387823578766,1,0
87671.0,512000,0.0014664387823578766,1,0
87671.0,513000,0.0014664387823578766,1,0
87671.0,514000,0.0014664387823578766,1,0
87671.0,515000,0.0014664387823578766,1,0
87671.0,516000,0.0014664387823578766,1,0
87671.0,517000,0.0014664387823578766,1,0
87671.0,518000,0.0014664387823578766,1,0
87671.0,519000,0.0014664387823578766,1,0
87671.0,520000,0.0014664387823578766,1,0
87671.0,521000,0.0014664387823578766,1,0
87671.0,522000,0.0014664387823578766,1,0
87671.0,523000,0.0014664387823578766,1,0
87671.0,524000,0.0014664387823578766,1,0
87671.0,525000,0.0014664387823578766,1,0
87671.0,526000,0.0014664387823578766,1,0
87671.0,527000,0.0014664387823578766,1,0
87671.0,528000,0.0014664387823578766,1,0
87671.0,529000,0.0014664387823578766,1,0
87671.0,530000,0.0014664387823578766,1,0
87671.0,531000,0.0014664387823578766,1,0
87671.0,532000,0.0014664387823578766,1,0
87671.0,533000,0.0014664387823578766,1,0
87671.0,534000,0.0014664387823578766,1,0
87671.0,535000,0.0014664387823578766,1,0
87671.0,536000,0.0014664387823578766,1,0
87671.0,537000,0.0014664387823578766,1,0
87671.0,538000,0.0014664387823578766,1,0
87671.0,539000,0.0014664387823578766,1,0
87671.0,540000,0.0014664387823578766,1,0
87671.0,541000,0.0014664387823578766,1,0
87671.0,542000,0.0014664387823578766,1,0
87671.0,543000,0.0014664387823578766,1,0
87671.0,544000,0.0014664387823578766,1,0
87671.0,545000,0.0014664387823578766,1,0
87671.0,546000,0.0014664387823578766,1,0
87671.0,547000,0.0014664387823578766,1,0
87671.0,548000,0.0014664387823578766,1,0
87671.0,549000,0.0014664387823578766,1,0
87671.0,550000,0.0014664387823578766,1,0
87671.0,551000,0.0014664387823578766,1,0
87671.0,552000,0.0014664387823578766,1,0
87671.0,553000,0.0014664387823578766,1,0
87671.0,554000,0.0014664387823578766,1,0
87671.0,555000,0.0014664387823578766,1,0
87671.0,556000,0.0014664387823578766,1,0
87671.0,557000,0.0014664387823578766,1,0
87671.0,558000,0.0014664387823578766,1,0
87671.0,559000,0.0014664387823578766,1,0
87671.0,560000,0.0014664387823578766,1,0
87671.0,561000,0.0014664387823578766,1,0
87671.0,562000,0.0014664387823578766,1,0
87671.0,563000,0.0014664387823578766,1,0
87671.0,564000,0.0014664387823578766,1,0
87671.0,565000,0.0014664387823578766,1,0
87671.0,566000,0.0014664387823578766,1,0
87671.0,567000,0.0014664387823578766,1,0
87671.0,568000,0.0014664387823578766,1,0
87671.0,569000,0.0014664387823578766,1,0
87671.0,570000,0.0014664387823578766,1,0
87671.0,571000,0.0014664387823578766,1,0
87671.0,572000,0.0014664387823578766,1,0
87671.0,573000,0.0014664387823578766,1,0
87671.0,574000,0.0014664387823578766,1,0
87671.0,575000,0.0014664387823578766,1,0
87671.0,576000,0.0014664387823578766,1,0
87671.0,577000,0.0014664387823578766,1,0
87671.0,578000,0.0014664387823578766,1,0
87671.0,579000,0.0014664387823578766,1,0
87671.0,580000,0.0014664387823578766,1,0
87671.0,581000,0.0014664387823578766,1,0
87671.0,582000,0.0014664387823578766,1,0
87671.0,583000,0.0014664387823578766,1,0
87671.0,584000,0.0014664387823578766,1,0
87671.0,585000,0.0014664387823578766,1,0
87671.0,586000,0.0014664387823578766,1,0
87671.0,587000,0.0014664387823578766,1,0
87671.0,588000,0.0014664387823578766,1,0
87671.0,589000,0.0014664387823578766,1,0
87671.0,590000,0.0014664387823578766,1,0
87671.0,591000,0.0014664387823578766,1,0
87671.0,592000,0.0014664387823578766,1,0
87671.0,593000,0.0014664387823578766,1,0
87671.0,594000,0.0014664387823578766,1,0
87671.0,595000,0.0014664387823578766,1,0
87671.0,596000,0.0014664387823578766,1,0
87671.0,597000,0.0014664387823578766,1,0
87671.0,598000,0.0014664387823578766,1,0
87671.0,599000,0.0014664387823578766,1,0
87671.0,600000,0.0014664387823578766,1,0
87671.0,601000,0.0014664387823578766,1,0
87671.0,602000,0.0014664387823578766,1,0
87671.0,603000,0.0014664387823578766,1,0
87671.0,604000,0.0014664387823578766,1,0
87671.0,605000,0.0014664387823578766,1,0
87671.0,606000,0.0014664387823578766,1,0
87671.0,607000,0.0014664387823578766,1,0
87671.0,608000,0.0014664387823578766,1,0
87671.0,609000,0.0014664387823578766,1,0
87671.0,610000,0.0014664387823578766,1,0
87671.0,611000,0.0014664387823578766,1,0
87671.0,612000,0.0014664387823578766,1,0
87671.0,613000,0.0014664387823578766,1,0
87671.0,614000,0.0014664387823578766,1,0
87671.0,615000,0.0014664387823578766,1,0
87671.0,616000,0.0014664387823578766,1,0
87671.0,617000,0.0014664387823578766,1,0
87671.0,618000,0.0014664387823578766,1,0
87671.0,619000,0.0014664387823578766,1,0
87671.0,620000,0.0014664387823578766,1,0
87671.0,621000,0.0014664387823578766,1,0
87671.0,622000,0.0014664387823578766,1,0
87671.0,623000,0.0014664387823578766,1,0
87671.0,624000,0.0014664387823578766,1,0
87671.0,625000,0.0014664387823578766,1,0
87671.0,626000,0.0014664387823578766,1,0
87671.0,627000,0.0014664387823578766,1,0
87671.0,628000,0.0014664387823578766,1,0
87671.0,629000,0.0014664387823578766,1,0
87671.0,630000,0.0014664387823578766,1,0
87671.0,631000,0.0014664387823578766,1,0
87671.0,632000,0.0014664387823578766,1,0
87671.0,633000,0.0014664387823578766,1,0
87671.0,634000,0.0014664387823578766,1,0
87671.0,635000,0.0014664387823578766,1,0
87671.0,636000,0.0014664387823578766,1,0
87671.0,637000,0.0014664387823578766,1,0
87671.0,638000,0.0014664387823578766,1,0
87671.0,639000,0.0014664387823578766,1,0
87671.0,640000,0.0014664387823578766,1,0
87671.0,641000,0.0014664387823578766,1,0
87671.0,642000,0.0014664387823578766,1,0
87671.0,643000,0.0014664387823578766,1,0
87671.0,644000,0.0014664387823578766,1,0
87671.0,645000,0.0014664387823578766,1,0
87671.0,646000,0.0014664387823578766,1,0
87671.0,647000,0.0014664387823578766,1,0
87671.0,648000,0.0014664387823578766,1,0
87671.0,649000,0.0014664387823578766,1,0
87671.0,650000,0.0014664387823578766,1,0
87671.0,651000,0.0014664387823578766,1,0
87671.0,652000,0.0014664387823578766,1,0
87671.0,653000,0.0014664387823578766,1,0
87671.0,654000,0.0014664387823578766,1,0
87671.0,655000,0.0014664387823578766,1,0
87671.0,656000,0.0014664387823578766,1,0
87671.0,657000,0.0014664387823578766,1,0
87671.0,658000,0.0014664387823578766,1,0
87671.0,659000,0.0014664387823578766,1,0
87671.0,660000,0.0014664387823578766,1,0
87671.0,661000,0.0014664387823578766,1,0
87671.0,662000,0.0014664387823578766,1,0
87671.0,663000,0.0014664387823578766,1,0
87671.0,664000,0.0014664387823578766,1,0
87671.0,665000,0.0014664387823578766,1,0
87671.0,666000,0.0014664387823578766,1,0
87671.0,667000,0.0014664387823578766,1,0
87671.0,668000,0.0014664387823578766,1,0
87671.0,669000,0.0014664387823578766,1,0
87671.0,670000,0.0014664387823578766,1,0
87671.0,671000,0.0014664387823578766,1,0
87671.0,672000,0.0014664387823578766,1,0
87671.0,673000,0.0014664387823578766,1,0
87671.0,674000,0.0014664387823578766,1,0
87671.0,675000,0.0014664387823578766,1,0
87671.0,676000,0.0014664387823578766,1,0
87671.0,677000,0.0014664387823578766,1,0
87671.0,678000,0.0014664387823578766,1,0
87671.0,679000,0.0014664387823578766,1,0
87671.0,680000,0.0014664387823578766,1,0
87671.0,681000,0.0014664387823578766,1,0
87671.0,682000,0.0014664387823578766,1,0
87671.0,683000,0.0014664387823578766,1,0
87671.0,684000,0.0014664387823578766,1,0
87671.0,685000,0.0014664387823578766,1,0
87671.0,686000,0.0014664387823578766,1,0
87671.0,687000,0.0014664387823578766,1,0
87671.0,688000,0.0014664387823578766,1,0
87671.0,689000,0.0014664387823578766,1,0
87671.0,690000,0.0014664387823578766,1,0
87671.0,691000,0.0014664387823578766,1,0
87671.0,692000,0.0014664387823578766,1,0
87671.0,693000,0.0014664387823578766,1,0
87671.0,694000,0.0014664387823578766,1,0
87671.0,695000,0.0014664387823578766,1,0
87671.0,696000,0.0014664387823578766,1,0
87671.0,697000,0.0014664387823578766,1,0
87671.0,698000,0.0014664387823578766,1,0
87671.0,699000,0.0014664387823578766,1,0
87671.0,700000,0.0014664387823578766,1,0
87671.0,701000,0.0014664387823578766,1,0
87671.0,702000,0.0014664387823578766,1,0
87671.0,703000,0.0014664387823578766,1,0
87671.0,704000,0.0006332381254307455,1,0
88914.0,8000,0.03227900706176847,1,0
88914.0,9000,0.04412250310597712,1,0
88914.0,10000,0.04412250310597712,1,0
88914.0,11000,0.04412250310597712,1,0
88914.0,12000,0.04412250310597712,1,0
88914.0,13000,0.04412250310597712,1,0
88914.0,14000,0.04412250310597712,1,0
88914.0,15000,0.04412250310597712,1,0
88914.0,16000,0.04412250310597712,1,0
88914.0,17000,0.04412250310597712,1,0
88914.0,18000,0.04412250310597712,1,0
88914.0,19000,0.04412250310597712,1,0
88914.0,20000,0.04412250310597712,1,0
88914.0,21000,0.04412250310597712,1,0
88914.0,22000,0.04412250310597712,1,0
88914.0,23000,0.04412250310597712,1,0
88914.0,24000,0.04412250310597712,1,0
88914.0,25000,0.04412250310597712,1,0
88914.0,26000,0.04412250310597712,1,0
88914.0,27000,0.04412250310597712,1,0
88914.0,28000,0.04412250310597712,1,0
88914.0,29000,0.04412250310597712,1,0
88914.0,30000,0.0411484277127119,1,0
89996.0,117000,0.005286978512266074,1,0
89996.0,118000,0.011286525730321854,1,0
89996.0,119000,0.011286525730321854,1,0
89996.0,120000,0.011286525730321854,1,0
89996.0,121000,0.011286525730321854,1,0
89996.0,122000,0.011286525730321854,1,0
89996.0,123000,0.011286525730321854,1,0
89996.0,124000,0.011286525730321854,1,0
89996.0,125000,0.011286525730321854,1,0
89996.0,126000,0.011286525730321854,1,0
89996.0,127000,0.011286525730321854,1,0
89996.0,128000,0.011286525730321854,1,0
89996.0,129000,0.011286525730321854,1,0
89996.0,130000,0.011286525730321854,1,0
89996.0,131000,0.011286525730321854,1,0
89996.0,132000,0.011286525730321854,1,0
89996.0,133000,0.011286525730321854,1,0
89996.0,134000,0.011286525730321854,1,0
89996.0,135000,0.011286525730321854,1,0
89996.0,136000,0.011286525730321854,1,0
89996.0,137000,0.011286525730321854,1,0
89996.0,138000,0.011286525730321854,1,0
89996.0,139000,0.011286525730321854,1,0
89996.0,140000,0.011286525730321854,1,0
89996.0,141000,0.011286525730321854,1,0
89996.0,142000,0.011286525730321854,1,0
89996.0,143000,0.011286525730321854,1,0
89996.0,144000,0.011286525730321854,1,0
89996.0,145000,0.011286525730321854,1,0
89996.0,146000,0.011286525730321854,1,0
89996.0,147000,0.011286525730321854,1,0
89996.0,148000,0.011286525730321854,1,0
89996.0,149000,0.011286525730321854,1,0
89996.0,150000,0.011286525730321854,1,0
89996.0,151000,0.011286525730321854,1,0
89996.0,152000,0.011286525730321854,1,0
89996.0,153000,0.011286525730321854,1,0
89996.0,154000,0.011286525730321854,1,0
89996.0,155000,0.011286525730321854,1,0
89996.0,156000,0.011286525730321854,1,0
89996.0,157000,0.011286525730321854,1,0
89996.0,158000,0.011286525730321854,1,0
89996.0,159000,0.011286525730321854,1,0
89996.0,160000,0.011286525730321854,1,0
89996.0,161000,0.011286525730321854,1,0
89996.0,162000,0.011286525730321854,1,0
89996.0,163000,0.011286525730321854,1,0
89996.0,164000,0.011286525730321854,1,0
89996.0,165000,0.011286525730321854,1,0
89996.0,166000,0.011286525730321854,1,0
89996.0,167000,0.011286525730321854,1,0
89996.0,168000,0.011286525730321854,1,0
89996.0,169000,0.011286525730321854,1,0
89996.0,170000,0.011286525730321854,1,0
89996.0,171000,0.011286525730321854,1,0
89996.0,172000,0.011286525730321854,1,0
89996.0,173000,0.011286525730321854,1,0
89996.0,174000,0.011286525730321854,1,0
89996.0,175000,0.011286525730321854,1,0
89996.0,176000,0.011286525730321854,1,0
89996.0,177000,0.011286525730321854,1,0
89996.0,178000,0.011286525730321854,1,0
89996.0,179000,0.011286525730321854,1,0
89996.0,180000,0.011286525730321854,1,0
89996.0,181000,0.011286525730321854,1,0
89996.0,182000,0.011286525730321854,1,0
89996.0,183000,0.011286525730321854,1,0
89996.0,184000,0.011286525730321854,1,0
89996.0,185000,0.011286525730321854,1,0
89996.0,186000,0.011286525730321854,1,0
89996.0,187000,0.011286525730321854,1,0
89996.0,188000,0.011286525730321854,1,0
89996.0,189000,0.011286525730321854,1,0
89996.0,190000,0.011286525730321854,1,0
89996.0,191000,0.011286525730321854,1,0
89996.0,192000,0.011286525730321854,1,0
89996.0,193000,0.011286525730321854,1,0
89996.0,194000,0.011286525730321854,1,0
89996.0,195000,0.011286525730321854,1,0
89996.0,196000,0.011286525730321854,1,0
89996.0,197000,0.011286525730321854,1,0
89996.0,198000,0.011286525730321854,1,0
89996.0,199000,0.011286525730321854,1,0
89996.0,200000,0.011286525730321854,1,0
89996.0,201000,0.011286525730321854,1,0
89996.0,202000,0.011286525730321854,1,0
89996.0,203000,0.011286525730321854,1,0
89996.0,204000,0.011286525730321854,1,0
89996.0,205000,0.011286525730321854,1,0
89996.0,206000,0.0014987572194107954,1,0
90539.0,53000,0.031086462823638777,1,0
90539.0,54000,0.035269154365297734,1,0
90539.0,55000,0.035269154365297734,1,0
90539.0,56000,0.035269154365297734,1,0
90539.0,57000,0.035269154365297734,1,0
90539.0,58000,0.035269154365297734,1,0
90539.0,59000,0.035269154365297734,1,0
90539.0,60000,0.035269154365297734,1,0
90539.0,61000,0.035269154365297734,1,0
90539.0,62000,0.035269154365297734,1,0
90539.0,63000,0.035269154365297734,1,0
90539.0,64000,0.035269154365297734,1,0
90539.0,65000,0.035269154365297734,1,0
90539.0,66000,0.035269154365297734,1,0
90539.0,67000,0.035269154365297734,1,0
90539.0,68000,0.035269154365297734,1,0
90539.0,69000,0.035269154365297734,1,0
90539.0,70000,0.035269154365297734,1,0
90539.0,71000,0.035269154365297734,1,0
90539.0,72000,0.035269154365297734,1,0
90539.0,73000,0.035269154365297734,1,0
90539.0,74000,0.035269154365297734,1,0
90539.0,75000,0.035269154365297734,1,0
90539.0,76000,0.035269154365297734,1,0
90539.0,77000,0.035269154365297734,1,0
90539.0,78000,0.035269154365297734,1,0
90539.0,79000,0.035269154365297734,1,0
90539.0,80000,0.035269154365297734,1,0
90539.0,81000,0.016646369313322383,1,0
90797.0,0,0.16068999282886381,1,0
90797.0,1000,0.32137998565772763,1,0
90797.0,2000,0.32137998565772763,1,0
90797.0,3000,0.19655003585568087,1,0
90938.0,0,0.002223048503591329,1,0
90938.0,1000,0.13727557506799992,1,0
90938.0,2000,0.13727557506799992,1,0
90938.0,3000,0.13727557506799992,1,0
90938.0,4000,0.13727557506799992,1,0
90938.0,5000,0.13727557506799992,1,0
90938.0,6000,0.13727557506799992,1,0
90938.0,7000,0.13727557506799992,1,0
90938.0,8000,0.036847926020409316,1,0
91122.0,34000,0.03806488268918898,1,0
91122.0,35000,0.0435311389258466,1,0
91122.0,36000,0.0435311389258466,1,0
91122.0,37000,0.0435311389258466,1,0
91122.0,38000,0.0435311389258466,1,0
91122.0,39000,0.0435311389258466,1,0
91122.0,40000,0.0435311389258466,1,0
91122.0,41000,0.0435311389258466,1,0
91122.0,42000,0.0435311389258466,1,0
91122.0,43000,0.0435311389258466,1,0
91122.0,44000,0.0435311389258466,1,0
91122.0,45000,0.0435311389258466,1,0
91122.0,46000,0.0435311389258466,1,0
91122.0,47000,0.0435311389258466,1,0
91122.0,48000,0.0435311389258466,1,0
91122.0,49000,0.0435311389258466,1,0
91122.0,50000,0.0435311389258466,1,0
91122.0,51000,0.0435311389258466,1,0
91122.0,52000,0.0435311389258466,1,0
91122.0,53000,0.0435311389258466,1,0
91122.0,54000,0.0435311389258466,1,0
91122.0,55000,0.0435311389258466,1,0
91122.0,56000,0.0435311389258466,1,0
91122.0,57000,0.004250060942185938,1,0
91130.0,31000,0.00041806600965241177,1,0
91130.0,32000,0.001869790942328736,1,0
91130.0,33000,0.001869790942328736,1,0
91130.0,34000,0.001869790942328736,1,0
91130.0,35000,0.001869790942328736,1,0
91130.0,36000,0.001869790942328736,1,0
91130.0,37000,0.001869790942328736,1,0
91130.0,38000,0.001869790942328736,1,0
91130.0,39000,0.001869790942328736,1,0
91130.0,40000,0.001869790942328736,1,0
91130.0,41000,0.001869790942328736,1,0
91130.0,42000,0.001869790942328736,1,0
91130.0,43000,0.001869790942328736,1,0
91130.0,44000,0.001869790942328736,1,0
91130.0,45000,0.001869790942328736,1,0
91130.0,46000,0.001869790942328736,1,0
91130.0,47000,0.001869790942328736,1,0
91130.0,48000,0.001869790942328736,1,0
91130.0,49000,0.001869790942328736,1,0
91130.0,50000,0.001869790942328736,1,0
91130.0,51000,0.001869790942328736,1,0
91130.0,52000,0.001869790942328736,1,0
91130.0,53000,0.001869790942328736,1,0
91130.0,54000,0.001869790942328736,1,0
91130.0,55000,0.001869790942328736,1,0
91130.0,56000,0.001869790942328736,1,0
91130.0,57000,0.001869790942328736,1,0
91130.0,58000,0.001869790942328736,1,0
91130.0,59000,0.001869790942328736,1,0
91130.0,60000,0.001869790942328736,1,0
91130.0,61000,0.001869790942328736,1,0
91130.0,62000,0.001869790942328736,1,0
91130.0,63000,0.001869790942328736,1,0
91130.0,64000,0.001869790942328736,1,0
91130.0,65000,0.001869790942328736,1,0
91130.0,66000,0.001869790942328736,1,0
91130.0,67000,0.001869790942328736,1,0
91130.0,68000,0.001869790942328736,1,0
91130.0,69000,0.001869790942328736,1,0
91130.0,70000,0.001869790942328736,1,0
91130.0,71000,0.001869790942328736,1,0
91130.0,72000,0.001869790942328736,1,0
91130.0,73000,0.001869790942328736,1,0
91130.0,74000,0.001869790942328736,1,0
91130.0,75000,0.001869790942328736,1,0
91130.0,76000,0.001869790942328736,1,0
91130.0,77000,0.001869790942328736,1,0
91130.0,78000,0.001869790942328736,1,0
91130.0,79000,0.001869790942328736,1,0
91130.0,80000,0.001869790942328736,1,0
91130.0,81000,0.001869790942328736,1,0
91130.0,82000,0.001869790942328736,1,0
91130.0,83000,0.001869790942328736,1,0
91130.0,84000,0.001869790942328736,1,0
91130.0,85000,0.001869790942328736,1,0
91130.0,86000,0.001869790942328736,1,0
91130.0,87000,0.001869790942328736,1,0
91130.0,88000,0.001869790942328736,1,0
91130.0,89000,0.001869790942328736,1,0
91130.0,90000,0.001869790942328736,1,0
91130.0,91000,0.001869790942328736,1,0
91130.0,92000,0.001869790942328736,1,0
91130.0,93000,0.001869790942328736,1,0
91130.0,94000,0.001869790942328736,1,0
91130.0,95000,0.001869790942328736,1,0
91130.0,96000,0.001869790942328736,1,0
91130.0,97000,0.001869790942328736,1,0
91130.0,98000,0.001869790942328736,1,0
91130.0,99000,0.001869790942328736,1,0
91130.0,100000,0.001869790942328736,1,0
91130.0,101000,0.001869790942328736,1,0
91130.0,102000,0.001869790942328736,1,0
91130.0,103000,0.001869790942328736,1,0
91130.0,104000,0.001869790942328736,1,0
91130.0,105000,0.001869790942328736,1,0
91130.0,106000,0.001869790942328736,1,0
91130.0,107000,0.001869790942328736,1,0
91130.0,108000,0.001869790942328736,1,0
91130.0,109000,0.001869790942328736,1,0
91130.0,110000,0.001869790942328736,1,0
91130.0,111000,0.001869790942328736,1,0
91130.0,112000,0.001869790942328736,1,0
91130.0,113000,0.001869790942328736,1,0
91130.0,114000,0.001869790942328736,1,0
91130.0,115000,0.001869790942328736,1,0
91130.0,116000,0.001869790942328736,1,0
91130.0,117000,0.001869790942328736,1,0
91130.0,118000,0.001869790942328736,1,0
91130.0,119000,0.001869790942328736,1,0
91130.0,120000,0.001869790942328736,1,0
91130.0,121000,0.001869790942328736,1,0
91130.0,122000,0.001869790942328736,1,0
91130.0,123000,0.001869790942328736,1,0
91130.0,124000,0.001869790942328736,1,0
91130.0,125000,0.001869790942328736,1,0
91130.0,126000,0.001869790942328736,1,0
91130.0,127000,0.001869790942328736,1,0
91130.0,128000,0.001869790942328736,1,0
91130.0,129000,0.001869790942328736,1,0
91130.0,130000,0.001869790942328736,1,0
91130.0,131000,0.001869790942328736,1,0
91130.0,132000,0.001869790942328736,1,0
91130.0,133000,0.001869790942328736,1,0
91130.0,134000,0.001869790942328736,1,0
91130.0,135000,0.001869790942328736,1,0
91130.0,136000,0.001869790942328736,1,0
91130.0,137000,0.001869790942328736,1,0
91130.0,138000,0.001869790942328736,1,0
91130.0,139000,0.001869790942328736,1,0
91130.0,140000,0.001869790942328736,1,0
91130.0,141000,0.001869790942328736,1,0
91130.0,142000,0.001869790942328736,1,0
91130.0,143000,0.001869790942328736,1,0
91130.0,144000,0.001869790942328736,1,0
91130.0,145000,0.001869790942328736,1,0
91130.0,146000,0.001869790942328736,1,0
91130.0,147000,0.001869790942328736,1,0
91130.0,148000,0.001869790942328736,1,0
91130.0,149000,0.001869790942328736,1,0
91130.0,150000,0.001869790942328736,1,0
91130.0,151000,0.001869790942328736,1,0
91130.0,152000,0.001869790942328736,1,0
91130.0,153000,0.001869790942328736,1,0
91130.0,154000,0.001869790942328736,1,0
91130.0,155000,0.001869790942328736,1,0
91130.0,156000,0.001869790942328736,1,0
91130.0,157000,0.001869790942328736,1,0
91130.0,158000,0.001869790942328736,1,0
91130.0,159000,0.001869790942328736,1,0
91130.0,160000,0.001869790942328736,1,0
91130.0,161000,0.001869790942328736,1,0
91130.0,162000,0.001869790942328736,1,0
91130.0,163000,0.001869790942328736,1,0
91130.0,164000,0.001869790942328736,1,0
91130.0,165000,0.001869790942328736,1,0
91130.0,166000,0.001869790942328736,1,0
91130.0,167000,0.001869790942328736,1,0
91130.0,168000,0.001869790942328736,1,0
91130.0,169000,0.001869790942328736,1,0
91130.0,170000,0.001869790942328736,1,0
91130.0,171000,0.001869790942328736,1,0
91130.0,172000,0.001869790942328736,1,0
91130.0,173000,0.001869790942328736,1,0
91130.0,174000,0.001869790942328736,1,0
91130.0,175000,0.001869790942328736,1,0
91130.0,176000,0.001869790942328736,1,0
91130.0,177000,0.001869790942328736,1,0
91130.0,178000,0.001869790942328736,1,0
91130.0,179000,0.001869790942328736,1,0
91130.0,180000,0.001869790942328736,1,0
91130.0,181000,0.001869790942328736,1,0
91130.0,182000,0.001869790942328736,1,0
91130.0,183000,0.001869790942328736,1,0
91130.0,184000,0.001869790942328736,1,0
91130.0,185000,0.001869790942328736,1,0
91130.0,186000,0.001869790942328736,1,0
91130.0,187000,0.001869790942328736,1,0
91130.0,188000,0.001869790942328736,1,0
91130.0,189000,0.001869790942328736,1,0
91130.0,190000,0.001869790942328736,1,0
91130.0,191000,0.001869790942328736,1,0
91130.0,192000,0.001869790942328736,1,0
91130.0,193000,0.001869790942328736,1,0
91130.0,194000,0.001869790942328736,1,0
91130.0,195000,0.001869790942328736,1,0
91130.0,196000,0.001869790942328736,1,0
91130.0,197000,0.001869790942328736,1,0
91130.0,198000,0.001869790942328736,1,0
91130.0,199000,0.001869790942328736,1,0
91130.0,200000,0.001869790942328736,1,0
91130.0,201000,0.001869790942328736,1,0
91130.0,202000,0.001869790942328736,1,0
91130.0,203000,0.001869790942328736,1,0
91130.0,204000,0.001869790942328736,1,0
91130.0,205000,0.001869790942328736,1,0
91130.0,206000,0.001869790942328736,1,0
91130.0,207000,0.001869790942328736,1,0
91130.0,208000,0.001869790942328736,1,0
91130.0,209000,0.001869790942328736,1,0
91130.0,210000,0.001869790942328736,1,0
91130.0,211000,0.001869790942328736,1,0
91130.0,212000,0.001869790942328736,1,0
91130.0,213000,0.001869790942328736,1,0
91130.0,214000,0.001869790942328736,1,0
91130.0,215000,0.001869790942328736,1,0
91130.0,216000,0.001869790942328736,1,0
91130.0,217000,0.001869790942328736,1,0
91130.0,218000,0.001869790942328736,1,0
91130.0,219000,0.001869790942328736,1,0
91130.0,220000,0.001869790942328736,1,0
91130.0,221000,0.001869790942328736,1,0
91130.0,222000,0.001869790942328736,1,0
91130.0,223000,0.001869790942328736,1,0
91130.0,224000,0.001869790942328736,1,0
91130.0,225000,0.001869790942328736,1,0
91130.0,226000,0.001869790942328736,1,0
91130.0,227000,0.001869790942328736,1,0
91130.0,228000,0.001869790942328736,1,0
91130.0,229000,0.001869790942328736,1,0
91130.0,230000,0.001869790942328736,1,0
91130.0,231000,0.001869790942328736,1,0
91130.0,232000,0.001869790942328736,1,0
91130.0,233000,0.001869790942328736,1,0
91130.0,234000,0.001869790942328736,1,0
91130.0,235000,0.001869790942328736,1,0
91130.0,236000,0.001869790942328736,1,0
91130.0,237000,0.001869790942328736,1,0
91130.0,238000,0.001869790942328736,1,0
91130.0,239000,0.001869790942328736,1,0
91130.0,240000,0.001869790942328736,1,0
91130.0,241000,0.001869790942328736,1,0
91130.0,242000,0.001869790942328736,1,0
91130.0,243000,0.001869790942328736,1,0
91130.0,244000,0.001869790942328736,1,0
91130.0,245000,0.001869790942328736,1,0
91130.0,246000,0.001869790942328736,1,0
91130.0,247000,0.001869790942328736,1,0
91130.0,248000,0.001869790942328736,1,0
91130.0,249000,0.001869790942328736,1,0
91130.0,250000,0.001869790942328736,1,0
91130.0,251000,0.001869790942328736,1,0
91130.0,252000,0.001869790942328736,1,0
91130.0,253000,0.001869790942328736,1,0
91130.0,254000,0.001869790942328736,1,0
91130.0,255000,0.001869790942328736,1,0
91130.0,256000,0.001869790942328736,1,0
91130.0,257000,0.001869790942328736,1,0
91130.0,258000,0.001869790942328736,1,0
91130.0,259000,0.001869790942328736,1,0
91130.0,260000,0.001869790942328736,1,0
91130.0,261000,0.001869790942328736,1,0
91130.0,262000,0.001869790942328736,1,0
91130.0,263000,0.001869790942328736,1,0
91130.0,264000,0.001869790942328736,1,0
91130.0,265000,0.001869790942328736,1,0
91130.0,266000,0.001869790942328736,1,0
91130.0,267000,0.001869790942328736,1,0
91130.0,268000,0.001869790942328736,1,0
91130.0,269000,0.001869790942328736,1,0
91130.0,270000,0.001869790942328736,1,0
91130.0,271000,0.001869790942328736,1,0
91130.0,272000,0.001869790942328736,1,0
91130.0,273000,0.001869790942328736,1,0
91130.0,274000,0.001869790942328736,1,0
91130.0,275000,0.001869790942328736,1,0
91130.0,276000,0.001869790942328736,1,0
91130.0,277000,0.001869790942328736,1,0
91130.0,278000,0.001869790942328736,1,0
91130.0,279000,0.001869790942328736,1,0
91130.0,280000,0.001869790942328736,1,0
91130.0,281000,0.001869790942328736,1,0
91130.0,282000,0.001869790942328736,1,0
91130.0,283000,0.001869790942328736,1,0
91130.0,284000,0.001869790942328736,1,0
91130.0,285000,0.001869790942328736,1,0
91130.0,286000,0.001869790942328736,1,0
91130.0,287000,0.001869790942328736,1,0
91130.0,288000,0.001869790942328736,1,0
91130.0,289000,0.001869790942328736,1,0
91130.0,290000,0.001869790942328736,1,0
91130.0,291000,0.001869790942328736,1,0
91130.0,292000,0.001869790942328736,1,0
91130.0,293000,0.001869790942328736,1,0
91130.0,294000,0.001869790942328736,1,0
91130.0,295000,0.001869790942328736,1,0
91130.0,296000,0.001869790942328736,1,0
91130.0,297000,0.001869790942328736,1,0
91130.0,298000,0.001869790942328736,1,0
91130.0,299000,0.001869790942328736,1,0
91130.0,300000,0.001869790942328736,1,0
91130.0,301000,0.001869790942328736,1,0
91130.0,302000,0.001869790942328736,1,0
91130.0,303000,0.001869790942328736,1,0
91130.0,304000,0.001869790942328736,1,0
91130.0,305000,0.001869790942328736,1,0
91130.0,306000,0.001869790942328736,1,0
91130.0,307000,0.001869790942328736,1,0
91130.0,308000,0.001869790942328736,1,0
91130.0,309000,0.001869790942328736,1,0
91130.0,310000,0.001869790942328736,1,0
91130.0,311000,0.001869790942328736,1,0
91130.0,312000,0.001869790942328736,1,0
91130.0,313000,0.001869790942328736,1,0
91130.0,314000,0.001869790942328736,1,0
91130.0,315000,0.001869790942328736,1,0
91130.0,316000,0.001869790942328736,1,0
91130.0,317000,0.001869790942328736,1,0
91130.0,318000,0.001869790942328736,1,0
91130.0,319000,0.001869790942328736,1,0
91130.0,320000,0.001869790942328736,1,0
91130.0,321000,0.001869790942328736,1,0
91130.0,322000,0.001869790942328736,1,0
91130.0,323000,0.001869790942328736,1,0
91130.0,324000,0.001869790942328736,1,0
91130.0,325000,0.001869790942328736,1,0
91130.0,326000,0.001869790942328736,1,0
91130.0,327000,0.001869790942328736,1,0
91130.0,328000,0.001869790942328736,1,0
91130.0,329000,0.001869790942328736,1,0
91130.0,330000,0.001869790942328736,1,0
91130.0,331000,0.001869790942328736,1,0
91130.0,332000,0.001869790942328736,1,0
91130.0,333000,0.001869790942328736,1,0
91130.0,334000,0.001869790942328736,1,0
91130.0,335000,0.001869790942328736,1,0
91130.0,336000,0.001869790942328736,1,0
91130.0,337000,0.001869790942328736,1,0
91130.0,338000,0.001869790942328736,1,0
91130.0,339000,0.001869790942328736,1,0
91130.0,340000,0.001869790942328736,1,0
91130.0,341000,0.001869790942328736,1,0
91130.0,342000,0.001869790942328736,1,0
91130.0,343000,0.001869790942328736,1,0
91130.0,344000,0.001869790942328736,1,0
91130.0,345000,0.001869790942328736,1,0
91130.0,346000,0.001869790942328736,1,0
91130.0,347000,0.001869790942328736,1,0
91130.0,348000,0.001869790942328736,1,0
91130.0,349000,0.001869790942328736,1,0
91130.0,350000,0.001869790942328736,1,0
91130.0,351000,0.001869790942328736,1,0
91130.0,352000,0.001869790942328736,1,0
91130.0,353000,0.001869790942328736,1,0
91130.0,354000,0.001869790942328736,1,0
91130.0,355000,0.001869790942328736,1,0
91130.0,356000,0.001869790942328736,1,0
91130.0,357000,0.001869790942328736,1,0
91130.0,358000,0.001869790942328736,1,0
91130.0,359000,0.001869790942328736,1,0
91130.0,360000,0.001869790942328736,1,0
91130.0,361000,0.001869790942328736,1,0
91130.0,362000,0.001869790942328736,1,0
91130.0,363000,0.001869790942328736,1,0
91130.0,364000,0.001869790942328736,1,0
91130.0,365000,0.001869790942328736,1,0
91130.0,366000,0.001869790942328736,1,0
91130.0,367000,0.001869790942328736,1,0
91130.0,368000,0.001869790942328736,1,0
91130.0,369000,0.001869790942328736,1,0
91130.0,370000,0.001869790942328736,1,0
91130.0,371000,0.001869790942328736,1,0
91130.0,372000,0.001869790942328736,1,0
91130.0,373000,0.001869790942328736,1,0
91130.0,374000,0.001869790942328736,1,0
91130.0,375000,0.001869790942328736,1,0
91130.0,376000,0.001869790942328736,1,0
91130.0,377000,0.001869790942328736,1,0
91130.0,378000,0.001869790942328736,1,0
91130.0,379000,0.001869790942328736,1,0
91130.0,380000,0.001869790942328736,1,0
91130.0,381000,0.001869790942328736,1,0
91130.0,382000,0.001869790942328736,1,0
91130.0,383000,0.001869790942328736,1,0
91130.0,384000,0.001869790942328736,1,0
91130.0,385000,0.001869790942328736,1,0
91130.0,386000,0.001869790942328736,1,0
91130.0,387000,0.001869790942328736,1,0
91130.0,388000,0.001869790942328736,1,0
91130.0,389000,0.001869790942328736,1,0
91130.0,390000,0.001869790942328736,1,0
91130.0,391000,0.001869790942328736,1,0
91130.0,392000,0.001869790942328736,1,0
91130.0,393000,0.001869790942328736,1,0
91130.0,394000,0.001869790942328736,1,0
91130.0,395000,0.001869790942328736,1,0
91130.0,396000,0.001869790942328736,1,0
91130.0,397000,0.001869790942328736,1,0
91130.0,398000,0.001869790942328736,1,0
91130.0,399000,0.001869790942328736,1,0
91130.0,400000,0.001869790942328736,1,0
91130.0,401000,0.001869790942328736,1,0
91130.0,402000,0.001869790942328736,1,0
91130.0,403000,0.001869790942328736,1,0
91130.0,404000,0.001869790942328736,1,0
91130.0,405000,0.001869790942328736,1,0
91130.0,406000,0.001869790942328736,1,0
91130.0,407000,0.001869790942328736,1,0
91130.0,408000,0.001869790942328736,1,0
91130.0,409000,0.001869790942328736,1,0
91130.0,410000,0.001869790942328736,1,0
91130.0,411000,0.001869790942328736,1,0
91130.0,412000,0.001869790942328736,1,0
91130.0,413000,0.001869790942328736,1,0
91130.0,414000,0.001869790942328736,1,0
91130.0,415000,0.001869790942328736,1,0
91130.0,416000,0.001869790942328736,1,0
91130.0,417000,0.001869790942328736,1,0
91130.0,418000,0.001869790942328736,1,0
91130.0,419000,0.001869790942328736,1,0
91130.0,420000,0.001869790942328736,1,0
91130.0,421000,0.001869790942328736,1,0
91130.0,422000,0.001869790942328736,1,0
91130.0,423000,0.001869790942328736,1,0
91130.0,424000,0.001869790942328736,1,0
91130.0,425000,0.001869790942328736,1,0
91130.0,426000,0.001869790942328736,1,0
91130.0,427000,0.001869790942328736,1,0
91130.0,428000,0.001869790942328736,1,0
91130.0,429000,0.001869790942328736,1,0
91130.0,430000,0.001869790942328736,1,0
91130.0,431000,0.001869790942328736,1,0
91130.0,432000,0.001869790942328736,1,0
91130.0,433000,0.001869790942328736,1,0
91130.0,434000,0.001869790942328736,1,0
91130.0,435000,0.001869790942328736,1,0
91130.0,436000,0.001869790942328736,1,0
91130.0,437000,0.001869790942328736,1,0
91130.0,438000,0.001869790942328736,1,0
91130.0,439000,0.001869790942328736,1,0
91130.0,440000,0.001869790942328736,1,0
91130.0,441000,0.001869790942328736,1,0
91130.0,442000,0.001869790942328736,1,0
91130.0,443000,0.001869790942328736,1,0
91130.0,444000,0.001869790942328736,1,0
91130.0,445000,0.001869790942328736,1,0
91130.0,446000,0.001869790942328736,1,0
91130.0,447000,0.001869790942328736,1,0
91130.0,448000,0.001869790942328736,1,0
91130.0,449000,0.001869790942328736,1,0
91130.0,450000,0.001869790942328736,1,0
91130.0,451000,0.001869790942328736,1,0
91130.0,452000,0.001869790942328736,1,0
91130.0,453000,0.001869790942328736,1,0
91130.0,454000,0.001869790942328736,1,0
91130.0,455000,0.001869790942328736,1,0
91130.0,456000,0.001869790942328736,1,0
91130.0,457000,0.001869790942328736,1,0
91130.0,458000,0.001869790942328736,1,0
91130.0,459000,0.001869790942328736,1,0
91130.0,460000,0.001869790942328736,1,0
91130.0,461000,0.001869790942328736,1,0
91130.0,462000,0.001869790942328736,1,0
91130.0,463000,0.001869790942328736,1,0
91130.0,464000,0.001869790942328736,1,0
91130.0,465000,0.001869790942328736,1,0
91130.0,466000,0.001869790942328736,1,0
91130.0,467000,0.001869790942328736,1,0
91130.0,468000,0.001869790942328736,1,0
91130.0,469000,0.001869790942328736,1,0
91130.0,470000,0.001869790942328736,1,0
91130.0,471000,0.001869790942328736,1,0
91130.0,472000,0.001869790942328736,1,0
91130.0,473000,0.001869790942328736,1,0
91130.0,474000,0.001869790942328736,1,0
91130.0,475000,0.001869790942328736,1,0
91130.0,476000,0.001869790942328736,1,0
91130.0,477000,0.001869790942328736,1,0
91130.0,478000,0.001869790942328736,1,0
91130.0,479000,0.001869790942328736,1,0
91130.0,480000,0.001869790942328736,1,0
91130.0,481000,0.001869790942328736,1,0
91130.0,482000,0.001869790942328736,1,0
91130.0,483000,0.001869790942328736,1,0
91130.0,484000,0.001869790942328736,1,0
91130.0,485000,0.001869790942328736,1,0
91130.0,486000,0.001869790942328736,1,0
91130.0,487000,0.001869790942328736,1,0
91130.0,488000,0.001869790942328736,1,0
91130.0,489000,0.001869790942328736,1,0
91130.0,490000,0.001869790942328736,1,0
91130.0,491000,0.001869790942328736,1,0
91130.0,492000,0.001869790942328736,1,0
91130.0,493000,0.001869790942328736,1,0
91130.0,494000,0.001869790942328736,1,0
91130.0,495000,0.001869790942328736,1,0
91130.0,496000,0.001869790942328736,1,0
91130.0,497000,0.001869790942328736,1,0
91130.0,498000,0.001869790942328736,1,0
91130.0,499000,0.001869790942328736,1,0
91130.0,500000,0.001869790942328736,1,0
91130.0,501000,0.001869790942328736,1,0
91130.0,502000,0.001869790942328736,1,0
91130.0,503000,0.001869790942328736,1,0
91130.0,504000,0.001869790942328736,1,0
91130.0,505000,0.001869790942328736,1,0
91130.0,506000,0.001869790942328736,1,0
91130.0,507000,0.001869790942328736,1,0
91130.0,508000,0.001869790942328736,1,0
91130.0,509000,0.001869790942328736,1,0
91130.0,510000,0.001869790942328736,1,0
91130.0,511000,0.001869790942328736,1,0
91130.0,512000,0.001869790942328736,1,0
91130.0,513000,0.001869790942328736,1,0
91130.0,514000,0.001869790942328736,1,0
91130.0,515000,0.001869790942328736,1,0
91130.0,516000,0.001869790942328736,1,0
91130.0,517000,0.001869790942328736,1,0
91130.0,518000,0.001869790942328736,1,0
91130.0,519000,0.001869790942328736,1,0
91130.0,520000,0.001869790942328736,1,0
91130.0,521000,0.001869790942328736,1,0
91130.0,522000,0.001869790942328736,1,0
91130.0,523000,0.001869790942328736,1,0
91130.0,524000,0.001869790942328736,1,0
91130.0,525000,0.001869790942328736,1,0
91130.0,526000,0.001869790942328736,1,0
91130.0,527000,0.001869790942328736,1,0
91130.0,528000,0.001869790942328736,1,0
91130.0,529000,0.001869790942328736,1,0
91130.0,530000,0.001869790942328736,1,0
91130.0,531000,0.001869790942328736,1,0
91130.0,532000,0.001869790942328736,1,0
91130.0,533000,0.001869790942328736,1,0
91130.0,534000,0.001869790942328736,1,0
91130.0,535000,0.001869790942328736,1,0
91130.0,536000,0.001869790942328736,1,0
91130.0,537000,0.001869790942328736,1,0
91130.0,538000,0.001869790942328736,1,0
91130.0,539000,0.001869790942328736,1,0
91130.0,540000,0.001869790942328736,1,0
91130.0,541000,0.001869790942328736,1,0
91130.0,542000,0.001869790942328736,1,0
91130.0,543000,0.001869790942328736,1,0
91130.0,544000,0.001869790942328736,1,0
91130.0,545000,0.001869790942328736,1,0
91130.0,546000,0.001869790942328736,1,0
91130.0,547000,0.001869790942328736,1,0
91130.0,548000,0.001869790942328736,1,0
91130.0,549000,0.001869790942328736,1,0
91130.0,550000,0.001869790942328736,1,0
91130.0,551000,0.001869790942328736,1,0
91130.0,552000,0.001869790942328736,1,0
91130.0,553000,0.001869790942328736,1,0
91130.0,554000,0.001869790942328736,1,0
91130.0,555000,0.001869790942328736,1,0
91130.0,556000,0.001869790942328736,1,0
91130.0,557000,0.001869790942328736,1,0
91130.0,558000,0.001869790942328736,1,0
91130.0,559000,0.001869790942328736,1,0
91130.0,560000,0.001869790942328736,1,0
91130.0,561000,0.001869790942328736,1,0
91130.0,562000,0.001869790942328736,1,0
91130.0,563000,0.001869790942328736,1,0
91130.0,564000,0.001869790942328736,1,0
91130.0,565000,0.001869790942328736,1,0
91130.0,566000,0.001113570786802627,1,0
91555.0,11000,0.0035338805877602355,1,0
91555.0,12000,0.003860781517988192,1,0
91555.0,13000,0.003860781517988192,1,0
91555.0,14000,0.003860781517988192,1,0
91555.0,15000,0.003860781517988192,1,0
91555.0,16000,0.003860781517988192,1,0
91555.0,17000,0.003860781517988192,1,0
91555.0,18000,0.003860781517988192,1,0
91555.0,19000,0.003860781517988192,1,0
91555.0,20000,0.003860781517988192,1,0
91555.0,21000,0.003860781517988192,1,0
91555.0,22000,0.003860781517988192,1,0
91555.0,23000,0.003860781517988192,1,0
91555.0,24000,0.003860781517988192,1,0
91555.0,25000,0.003860781517988192,1,0
91555.0,26000,0.003860781517988192,1,0
91555.0,27000,0.003860781517988192,1,0
91555.0,28000,0.003860781517988192,1,0
91555.0,29000,0.003860781517988192,1,0
91555.0,30000,0.003860781517988192,1,0
91555.0,31000,0.003860781517988192,1,0
91555.0,32000,0.003860781517988192,1,0
91555.0,33000,0.003860781517988192,1,0
91555.0,34000,0.003860781517988192,1,0
91555.0,35000,0.003860781517988192,1,0
91555.0,36000,0.003860781517988192,1,0
91555.0,37000,0.003860781517988192,1,0
91555.0,38000,0.003860781517988192,1,0
91555.0,39000,0.003860781517988192,1,0
91555.0,40000,0.003860781517988192,1,0
91555.0,41000,0.003860781517988192,1,0
91555.0,42000,0.003860781517988192,1,0
91555.0,43000,0.003860781517988192,1,0
91555.0,44000,0.003860781517988192,1,0
91555.0,45000,0.003860781517988192,1,0
91555.0,46000,0.003860781517988192,1,0
91555.0,47000,0.003860781517988192,1,0
91555.0,48000,0.003860781517988192,1,0
91555.0,49000,0.003860781517988192,1,0
91555.0,50000,0.003860781517988192,1,0
91555.0,51000,0.003860781517988192,1,0
91555.0,52000,0.003860781517988192,1,0
91555.0,53000,0.003860781517988192,1,0
91555.0,54000,0.003860781517988192,1,0
91555.0,55000,0.003860781517988192,1,0
91555.0,56000,0.003860781517988192,1,0
91555.0,57000,0.003860781517988192,1,0
91555.0,58000,0.003860781517988192,1,0
91555.0,59000,0.003860781517988192,1,0
91555.0,60000,0.003860781517988192,1,0
91555.0,61000,0.003860781517988192,1,0
91555.0,62000,0.003860781517988192,1,0
91555.0,63000,0.003860781517988192,1,0
91555.0,64000,0.003860781517988192,1,0
91555.0,65000,0.003860781517988192,1,0
91555.0,66000,0.003860781517988192,1,0
91555.0,67000,0.003860781517988192,1,0
91555.0,68000,0.003860781517988192,1,0
91555.0,69000,0.003860781517988192,1,0
91555.0,70000,0.003860781517988192,1,0
91555.0,71000,0.003860781517988192,1,0
91555.0,72000,0.003860781517988192,1,0
91555.0,73000,0.003860781517988192,1,0
91555.0,74000,0.003860781517988192,1,0
91555.0,75000,0.003860781517988192,1,0
91555.0,76000,0.003860781517988192,1,0
91555.0,77000,0.003860781517988192,1,0
91555.0,78000,0.003860781517988192,1,0
91555.0,79000,0.003860781517988192,1,0
91555.0,80000,0.003860781517988192,1,0
91555.0,81000,0.003860781517988192,1,0
91555.0,82000,0.003860781517988192,1,0
91555.0,83000,0.003860781517988192,1,0
91555.0,84000,0.003860781517988192,1,0
91555.0,85000,0.003860781517988192,1,0
91555.0,86000,0.003860781517988192,1,0
91555.0,87000,0.003860781517988192,1,0
91555.0,88000,0.003860781517988192,1,0
91555.0,89000,0.003860781517988192,1,0
91555.0,90000,0.003860781517988192,1,0
91555.0,91000,0.003860781517988192,1,0
91555.0,92000,0.003860781517988192,1,0
91555.0,93000,0.003860781517988192,1,0
91555.0,94000,0.003860781517988192,1,0
91555.0,95000,0.003860781517988192,1,0
91555.0,96000,0.003860781517988192,1,0
91555.0,97000,0.003860781517988192,1,0
91555.0,98000,0.003860781517988192,1,0
91555.0,99000,0.003860781517988192,1,0
91555.0,100000,0.003860781517988192,1,0
91555.0,101000,0.003860781517988192,1,0
91555.0,102000,0.003860781517988192,1,0
91555.0,103000,0.003860781517988192,1,0
91555.0,104000,0.003860781517988192,1,0
91555.0,105000,0.003860781517988192,1,0
91555.0,106000,0.003860781517988192,1,0
91555.0,107000,0.003860781517988192,1,0
91555.0,108000,0.003860781517988192,1,0
91555.0,109000,0.003860781517988192,1,0
91555.0,110000,0.003860781517988192,1,0
91555.0,111000,0.003860781517988192,1,0
91555.0,112000,0.003860781517988192,1,0
91555.0,113000,0.003860781517988192,1,0
91555.0,114000,0.003860781517988192,1,0
91555.0,115000,0.003860781517988192,1,0
91555.0,116000,0.003860781517988192,1,0
91555.0,117000,0.003860781517988192,1,0
91555.0,118000,0.003860781517988192,1,0
91555.0,119000,0.003860781517988192,1,0
91555.0,120000,0.003860781517988192,1,0
91555.0,121000,0.003860781517988192,1,0
91555.0,122000,0.003860781517988192,1,0
91555.0,123000,0.003860781517988192,1,0
91555.0,124000,0.003860781517988192,1,0
91555.0,125000,0.003860781517988192,1,0
91555.0,126000,0.003860781517988192,1,0
91555.0,127000,0.003860781517988192,1,0
91555.0,128000,0.003860781517988192,1,0
91555.0,129000,0.003860781517988192,1,0
91555.0,130000,0.003860781517988192,1,0
91555.0,131000,0.003860781517988192,1,0
91555.0,132000,0.003860781517988192,1,0
91555.0,133000,0.003860781517988192,1,0
91555.0,134000,0.003860781517988192,1,0
91555.0,135000,0.003860781517988192,1,0
91555.0,136000,0.003860781517988192,1,0
91555.0,137000,0.003860781517988192,1,0
91555.0,138000,0.003860781517988192,1,0
91555.0,139000,0.003860781517988192,1,0
91555.0,140000,0.003860781517988192,1,0
91555.0,141000,0.003860781517988192,1,0
91555.0,142000,0.003860781517988192,1,0
91555.0,143000,0.003860781517988192,1,0
91555.0,144000,0.003860781517988192,1,0
91555.0,145000,0.003860781517988192,1,0
91555.0,146000,0.003860781517988192,1,0
91555.0,147000,0.003860781517988192,1,0
91555.0,148000,0.003860781517988192,1,0
91555.0,149000,0.003860781517988192,1,0
91555.0,150000,0.003860781517988192,1,0
91555.0,151000,0.003860781517988192,1,0
91555.0,152000,0.003860781517988192,1,0
91555.0,153000,0.003860781517988192,1,0
91555.0,154000,0.003860781517988192,1,0
91555.0,155000,0.003860781517988192,1,0
91555.0,156000,0.003860781517988192,1,0
91555.0,157000,0.003860781517988192,1,0
91555.0,158000,0.003860781517988192,1,0
91555.0,159000,0.003860781517988192,1,0
91555.0,160000,0.003860781517988192,1,0
91555.0,161000,0.003860781517988192,1,0
91555.0,162000,0.003860781517988192,1,0
91555.0,163000,0.003860781517988192,1,0
91555.0,164000,0.003860781517988192,1,0
91555.0,165000,0.003860781517988192,1,0
91555.0,166000,0.003860781517988192,1,0
91555.0,167000,0.003860781517988192,1,0
91555.0,168000,0.003860781517988192,1,0
91555.0,169000,0.003860781517988192,1,0
91555.0,170000,0.003860781517988192,1,0
91555.0,171000,0.003860781517988192,1,0
91555.0,172000,0.003860781517988192,1,0
91555.0,173000,0.003860781517988192,1,0
91555.0,174000,0.003860781517988192,1,0
91555.0,175000,0.003860781517988192,1,0
91555.0,176000,0.003860781517988192,1,0
91555.0,177000,0.003860781517988192,1,0
91555.0,178000,0.003860781517988192,1,0
91555.0,179000,0.003860781517988192,1,0
91555.0,180000,0.003860781517988192,1,0
91555.0,181000,0.003860781517988192,1,0
91555.0,182000,0.003860781517988192,1,0
91555.0,183000,0.003860781517988192,1,0
91555.0,184000,0.003860781517988192,1,0
91555.0,185000,0.003860781517988192,1,0
91555.0,186000,0.003860781517988192,1,0
91555.0,187000,0.003860781517988192,1,0
91555.0,188000,0.003860781517988192,1,0
91555.0,189000,0.003860781517988192,1,0
91555.0,190000,0.003860781517988192,1,0
91555.0,191000,0.003860781517988192,1,0
91555.0,192000,0.003860781517988192,1,0
91555.0,193000,0.003860781517988192,1,0
91555.0,194000,0.003860781517988192,1,0
91555.0,195000,0.003860781517988192,1,0
91555.0,196000,0.003860781517988192,1,0
91555.0,197000,0.003860781517988192,1,0
91555.0,198000,0.003860781517988192,1,0
91555.0,199000,0.003860781517988192,1,0
91555.0,200000,0.003860781517988192,1,0
91555.0,201000,0.003860781517988192,1,0
91555.0,202000,0.003860781517988192,1,0
91555.0,203000,0.003860781517988192,1,0
91555.0,204000,0.003860781517988192,1,0
91555.0,205000,0.003860781517988192,1,0
91555.0,206000,0.003860781517988192,1,0
91555.0,207000,0.003860781517988192,1,0
91555.0,208000,0.003860781517988192,1,0
91555.0,209000,0.003860781517988192,1,0
91555.0,210000,0.003860781517988192,1,0
91555.0,211000,0.003860781517988192,1,0
91555.0,212000,0.003860781517988192,1,0
91555.0,213000,0.003860781517988192,1,0
91555.0,214000,0.003860781517988192,1,0
91555.0,215000,0.003860781517988192,1,0
91555.0,216000,0.003860781517988192,1,0
91555.0,217000,0.003860781517988192,1,0
91555.0,218000,0.003860781517988192,1,0
91555.0,219000,0.003860781517988192,1,0
91555.0,220000,0.003860781517988192,1,0
91555.0,221000,0.003860781517988192,1,0
91555.0,222000,0.003860781517988192,1,0
91555.0,223000,0.003860781517988192,1,0
91555.0,224000,0.003860781517988192,1,0
91555.0,225000,0.003860781517988192,1,0
91555.0,226000,0.003860781517988192,1,0
91555.0,227000,0.003860781517988192,1,0
91555.0,228000,0.003860781517988192,1,0
91555.0,229000,0.003860781517988192,1,0
91555.0,230000,0.003860781517988192,1,0
91555.0,231000,0.003860781517988192,1,0
91555.0,232000,0.003860781517988192,1,0
91555.0,233000,0.003860781517988192,1,0
91555.0,234000,0.003860781517988192,1,0
91555.0,235000,0.003860781517988192,1,0
91555.0,236000,0.003860781517988192,1,0
91555.0,237000,0.003860781517988192,1,0
91555.0,238000,0.003860781517988192,1,0
91555.0,239000,0.003860781517988192,1,0
91555.0,240000,0.003860781517988192,1,0
91555.0,241000,0.003860781517988192,1,0
91555.0,242000,0.003860781517988192,1,0
91555.0,243000,0.003860781517988192,1,0
91555.0,244000,0.003860781517988192,1,0
91555.0,245000,0.003860781517988192,1,0
91555.0,246000,0.003860781517988192,1,0
91555.0,247000,0.003860781517988192,1,0
91555.0,248000,0.003860781517988192,1,0
91555.0,249000,0.003860781517988192,1,0
91555.0,250000,0.003860781517988192,1,0
91555.0,251000,0.003860781517988192,1,0
91555.0,252000,0.003860781517988192,1,0
91555.0,253000,0.003860781517988192,1,0
91555.0,254000,0.003860781517988192,1,0
91555.0,255000,0.003860781517988192,1,0
91555.0,256000,0.003860781517988192,1,0
91555.0,257000,0.003860781517988192,1,0
91555.0,258000,0.003860781517988192,1,0
91555.0,259000,0.003860781517988192,1,0
91555.0,260000,0.003860781517988192,1,0
91555.0,261000,0.003860781517988192,1,0
91555.0,262000,0.003860781517988192,1,0
91555.0,263000,0.003860781517988192,1,0
91555.0,264000,0.003860781517988192,1,0
91555.0,265000,0.003860781517988192,1,0
91555.0,266000,0.003860781517988192,1,0
91555.0,267000,0.003860781517988192,1,0
91555.0,268000,0.003860781517988192,1,0
91555.0,269000,0.003860781517988192,1,0
91555.0,270000,0.00038448777128622237,1,0
91665.0,31000,0.000674008069087652,1,0
91665.0,32000,0.003014486118315078,1,0
91665.0,33000,0.003014486118315078,1,0
91665.0,34000,0.003014486118315078,1,0
91665.0,35000,0.003014486118315078,1,0
91665.0,36000,0.003014486118315078,1,0
91665.0,37000,0.003014486118315078,1,0
91665.0,38000,0.003014486118315078,1,0
91665.0,39000,0.003014486118315078,1,0
91665.0,40000,0.003014486118315078,1,0
91665.0,41000,0.003014486118315078,1,0
91665.0,42000,0.003014486118315078,1,0
91665.0,43000,0.003014486118315078,1,0
91665.0,44000,0.003014486118315078,1,0
91665.0,45000,0.003014486118315078,1,0
91665.0,46000,0.003014486118315078,1,0
91665.0,47000,0.003014486118315078,1,0
91665.0,48000,0.003014486118315078,1,0
91665.0,49000,0.003014486118315078,1,0
91665.0,50000,0.003014486118315078,1,0
91665.0,51000,0.003014486118315078,1,0
91665.0,52000,0.003014486118315078,1,0
91665.0,53000,0.003014486118315078,1,0
91665.0,54000,0.003014486118315078,1,0
91665.0,55000,0.003014486118315078,1,0
91665.0,56000,0.003014486118315078,1,0
91665.0,57000,0.003014486118315078,1,0
91665.0,58000,0.003014486118315078,1,0
91665.0,59000,0.003014486118315078,1,0
91665.0,60000,0.003014486118315078,1,0
91665.0,61000,0.003014486118315078,1,0
91665.0,62000,0.003014486118315078,1,0
91665.0,63000,0.003014486118315078,1,0
91665.0,64000,0.003014486118315078,1,0
91665.0,65000,0.003014486118315078,1,0
91665.0,66000,0.003014486118315078,1,0
91665.0,67000,0.003014486118315078,1,0
91665.0,68000,0.003014486118315078,1,0
91665.0,69000,0.003014486118315078,1,0
91665.0,70000,0.003014486118315078,1,0
91665.0,71000,0.003014486118315078,1,0
91665.0,72000,0.003014486118315078,1,0
91665.0,73000,0.003014486118315078,1,0
91665.0,74000,0.003014486118315078,1,0
91665.0,75000,0.003014486118315078,1,0
91665.0,76000,0.003014486118315078,1,0
91665.0,77000,0.003014486118315078,1,0
91665.0,78000,0.003014486118315078,1,0
91665.0,79000,0.003014486118315078,1,0
91665.0,80000,0.003014486118315078,1,0
91665.0,81000,0.003014486118315078,1,0
91665.0,82000,0.003014486118315078,1,0
91665.0,83000,0.003014486118315078,1,0
91665.0,84000,0.003014486118315078,1,0
91665.0,85000,0.003014486118315078,1,0
91665.0,86000,0.003014486118315078,1,0
91665.0,87000,0.003014486118315078,1,0
91665.0,88000,0.003014486118315078,1,0
91665.0,89000,0.003014486118315078,1,0
91665.0,90000,0.003014486118315078,1,0
91665.0,91000,0.003014486118315078,1,0
91665.0,92000,0.003014486118315078,1,0
91665.0,93000,0.003014486118315078,1,0
91665.0,94000,0.003014486118315078,1,0
91665.0,95000,0.003014486118315078,1,0
91665.0,96000,0.003014486118315078,1,0
91665.0,97000,0.003014486118315078,1,0
91665.0,98000,0.003014486118315078,1,0
91665.0,99000,0.003014486118315078,1,0
91665.0,100000,0.003014486118315078,1,0
91665.0,101000,0.003014486118315078,1,0
91665.0,102000,0.003014486118315078,1,0
91665.0,103000,0.003014486118315078,1,0
91665.0,104000,0.003014486118315078,1,0
91665.0,105000,0.003014486118315078,1,0
91665.0,106000,0.003014486118315078,1,0
91665.0,107000,0.003014486118315078,1,0
91665.0,108000,0.003014486118315078,1,0
91665.0,109000,0.003014486118315078,1,0
91665.0,110000,0.003014486118315078,1,0
91665.0,111000,0.003014486118315078,1,0
91665.0,112000,0.003014486118315078,1,0
91665.0,113000,0.003014486118315078,1,0
91665.0,114000,0.003014486118315078,1,0
91665.0,115000,0.003014486118315078,1,0
91665.0,116000,0.003014486118315078,1,0
91665.0,117000,0.003014486118315078,1,0
91665.0,118000,0.003014486118315078,1,0
91665.0,119000,0.003014486118315078,1,0
91665.0,120000,0.003014486118315078,1,0
91665.0,121000,0.003014486118315078,1,0
91665.0,122000,0.003014486118315078,1,0
91665.0,123000,0.003014486118315078,1,0
91665.0,124000,0.003014486118315078,1,0
91665.0,125000,0.003014486118315078,1,0
91665.0,126000,0.003014486118315078,1,0
91665.0,127000,0.003014486118315078,1,0
91665.0,128000,0.003014486118315078,1,0
91665.0,129000,0.003014486118315078,1,0
91665.0,130000,0.003014486118315078,1,0
91665.0,131000,0.003014486118315078,1,0
91665.0,132000,0.003014486118315078,1,0
91665.0,133000,0.003014486118315078,1,0
91665.0,134000,0.003014486118315078,1,0
91665.0,135000,0.003014486118315078,1,0
91665.0,136000,0.003014486118315078,1,0
91665.0,137000,0.003014486118315078,1,0
91665.0,138000,0.003014486118315078,1,0
91665.0,139000,0.003014486118315078,1,0
91665.0,140000,0.003014486118315078,1,0
91665.0,141000,0.003014486118315078,1,0
91665.0,142000,0.003014486118315078,1,0
91665.0,143000,0.003014486118315078,1,0
91665.0,144000,0.003014486118315078,1,0
91665.0,145000,0.003014486118315078,1,0
91665.0,146000,0.003014486118315078,1,0
91665.0,147000,0.003014486118315078,1,0
91665.0,148000,0.003014486118315078,1,0
91665.0,149000,0.003014486118315078,1,0
91665.0,150000,0.003014486118315078,1,0
91665.0,151000,0.003014486118315078,1,0
91665.0,152000,0.003014486118315078,1,0
91665.0,153000,0.003014486118315078,1,0
91665.0,154000,0.003014486118315078,1,0
91665.0,155000,0.003014486118315078,1,0
91665.0,156000,0.003014486118315078,1,0
91665.0,157000,0.003014486118315078,1,0
91665.0,158000,0.003014486118315078,1,0
91665.0,159000,0.003014486118315078,1,0
91665.0,160000,0.003014486118315078,1,0
91665.0,161000,0.003014486118315078,1,0
91665.0,162000,0.003014486118315078,1,0
91665.0,163000,0.003014486118315078,1,0
91665.0,164000,0.003014486118315078,1,0
91665.0,165000,0.003014486118315078,1,0
91665.0,166000,0.003014486118315078,1,0
91665.0,167000,0.003014486118315078,1,0
91665.0,168000,0.003014486118315078,1,0
91665.0,169000,0.003014486118315078,1,0
91665.0,170000,0.003014486118315078,1,0
91665.0,171000,0.003014486118315078,1,0
91665.0,172000,0.003014486118315078,1,0
91665.0,173000,0.003014486118315078,1,0
91665.0,174000,0.003014486118315078,1,0
91665.0,175000,0.003014486118315078,1,0
91665.0,176000,0.003014486118315078,1,0
91665.0,177000,0.003014486118315078,1,0
91665.0,178000,0.003014486118315078,1,0
91665.0,179000,0.003014486118315078,1,0
91665.0,180000,0.003014486118315078,1,0
91665.0,181000,0.003014486118315078,1,0
91665.0,182000,0.003014486118315078,1,0
91665.0,183000,0.003014486118315078,1,0
91665.0,184000,0.003014486118315078,1,0
91665.0,185000,0.003014486118315078,1,0
91665.0,186000,0.003014486118315078,1,0
91665.0,187000,0.003014486118315078,1,0
91665.0,188000,0.003014486118315078,1,0
91665.0,189000,0.003014486118315078,1,0
91665.0,190000,0.003014486118315078,1,0
91665.0,191000,0.003014486118315078,1,0
91665.0,192000,0.003014486118315078,1,0
91665.0,193000,0.003014486118315078,1,0
91665.0,194000,0.003014486118315078,1,0
91665.0,195000,0.003014486118315078,1,0
91665.0,196000,0.003014486118315078,1,0
91665.0,197000,0.003014486118315078,1,0
91665.0,198000,0.003014486118315078,1,0
91665.0,199000,0.003014486118315078,1,0
91665.0,200000,0.003014486118315078,1,0
91665.0,201000,0.003014486118315078,1,0
91665.0,202000,0.003014486118315078,1,0
91665.0,203000,0.003014486118315078,1,0
91665.0,204000,0.003014486118315078,1,0
91665.0,205000,0.003014486118315078,1,0
91665.0,206000,0.003014486118315078,1,0
91665.0,207000,0.003014486118315078,1,0
91665.0,208000,0.003014486118315078,1,0
91665.0,209000,0.003014486118315078,1,0
91665.0,210000,0.003014486118315078,1,0
91665.0,211000,0.003014486118315078,1,0
91665.0,212000,0.003014486118315078,1,0
91665.0,213000,0.003014486118315078,1,0
91665.0,214000,0.003014486118315078,1,0
91665.0,215000,0.003014486118315078,1,0
91665.0,216000,0.003014486118315078,1,0
91665.0,217000,0.003014486118315078,1,0
91665.0,218000,0.003014486118315078,1,0
91665.0,219000,0.003014486118315078,1,0
91665.0,220000,0.003014486118315078,1,0
91665.0,221000,0.003014486118315078,1,0
91665.0,222000,0.003014486118315078,1,0
91665.0,223000,0.003014486118315078,1,0
91665.0,224000,0.003014486118315078,1,0
91665.0,225000,0.003014486118315078,1,0
91665.0,226000,0.003014486118315078,1,0
91665.0,227000,0.003014486118315078,1,0
91665.0,228000,0.003014486118315078,1,0
91665.0,229000,0.003014486118315078,1,0
91665.0,230000,0.003014486118315078,1,0
91665.0,231000,0.003014486118315078,1,0
91665.0,232000,0.003014486118315078,1,0
91665.0,233000,0.003014486118315078,1,0
91665.0,234000,0.003014486118315078,1,0
91665.0,235000,0.003014486118315078,1,0
91665.0,236000,0.003014486118315078,1,0
91665.0,237000,0.003014486118315078,1,0
91665.0,238000,0.003014486118315078,1,0
91665.0,239000,0.003014486118315078,1,0
91665.0,240000,0.003014486118315078,1,0
91665.0,241000,0.003014486118315078,1,0
91665.0,242000,0.003014486118315078,1,0
91665.0,243000,0.003014486118315078,1,0
91665.0,244000,0.003014486118315078,1,0
91665.0,245000,0.003014486118315078,1,0
91665.0,246000,0.003014486118315078,1,0
91665.0,247000,0.003014486118315078,1,0
91665.0,248000,0.003014486118315078,1,0
91665.0,249000,0.003014486118315078,1,0
91665.0,250000,0.003014486118315078,1,0
91665.0,251000,0.003014486118315078,1,0
91665.0,252000,0.003014486118315078,1,0
91665.0,253000,0.003014486118315078,1,0
91665.0,254000,0.003014486118315078,1,0
91665.0,255000,0.003014486118315078,1,0
91665.0,256000,0.003014486118315078,1,0
91665.0,257000,0.003014486118315078,1,0
91665.0,258000,0.003014486118315078,1,0
91665.0,259000,0.003014486118315078,1,0
91665.0,260000,0.003014486118315078,1,0
91665.0,261000,0.003014486118315078,1,0
91665.0,262000,0.003014486118315078,1,0
91665.0,263000,0.003014486118315078,1,0
91665.0,264000,0.003014486118315078,1,0
91665.0,265000,0.003014486118315078,1,0
91665.0,266000,0.003014486118315078,1,0
91665.0,267000,0.003014486118315078,1,0
91665.0,268000,0.003014486118315078,1,0
91665.0,269000,0.003014486118315078,1,0
91665.0,270000,0.003014486118315078,1,0
91665.0,271000,0.003014486118315078,1,0
91665.0,272000,0.003014486118315078,1,0
91665.0,273000,0.003014486118315078,1,0
91665.0,274000,0.003014486118315078,1,0
91665.0,275000,0.003014486118315078,1,0
91665.0,276000,0.003014486118315078,1,0
91665.0,277000,0.003014486118315078,1,0
91665.0,278000,0.003014486118315078,1,0
91665.0,279000,0.003014486118315078,1,0
91665.0,280000,0.003014486118315078,1,0
91665.0,281000,0.003014486118315078,1,0
91665.0,282000,0.003014486118315078,1,0
91665.0,283000,0.003014486118315078,1,0
91665.0,284000,0.003014486118315078,1,0
91665.0,285000,0.003014486118315078,1,0
91665.0,286000,0.003014486118315078,1,0
91665.0,287000,0.003014486118315078,1,0
91665.0,288000,0.003014486118315078,1,0
91665.0,289000,0.003014486118315078,1,0
91665.0,290000,0.003014486118315078,1,0
91665.0,291000,0.003014486118315078,1,0
91665.0,292000,0.003014486118315078,1,0
91665.0,293000,0.003014486118315078,1,0
91665.0,294000,0.003014486118315078,1,0
91665.0,295000,0.003014486118315078,1,0
91665.0,296000,0.003014486118315078,1,0
91665.0,297000,0.003014486118315078,1,0
91665.0,298000,0.003014486118315078,1,0
91665.0,299000,0.003014486118315078,1,0
91665.0,300000,0.003014486118315078,1,0
91665.0,301000,0.003014486118315078,1,0
91665.0,302000,0.003014486118315078,1,0
91665.0,303000,0.003014486118315078,1,0
91665.0,304000,0.003014486118315078,1,0
91665.0,305000,0.003014486118315078,1,0
91665.0,306000,0.003014486118315078,1,0
91665.0,307000,0.003014486118315078,1,0
91665.0,308000,0.003014486118315078,1,0
91665.0,309000,0.003014486118315078,1,0
91665.0,310000,0.003014486118315078,1,0
91665.0,311000,0.003014486118315078,1,0
91665.0,312000,0.003014486118315078,1,0
91665.0,313000,0.003014486118315078,1,0
91665.0,314000,0.003014486118315078,1,0
91665.0,315000,0.003014486118315078,1,0
91665.0,316000,0.003014486118315078,1,0
91665.0,317000,0.003014486118315078,1,0
91665.0,318000,0.003014486118315078,1,0
91665.0,319000,0.003014486118315078,1,0
91665.0,320000,0.003014486118315078,1,0
91665.0,321000,0.003014486118315078,1,0
91665.0,322000,0.003014486118315078,1,0
91665.0,323000,0.003014486118315078,1,0
91665.0,324000,0.003014486118315078,1,0
91665.0,325000,0.003014486118315078,1,0
91665.0,326000,0.003014486118315078,1,0
91665.0,327000,0.003014486118315078,1,0
91665.0,328000,0.003014486118315078,1,0
91665.0,329000,0.003014486118315078,1,0
91665.0,330000,0.003014486118315078,1,0
91665.0,331000,0.003014486118315078,1,0
91665.0,332000,0.003014486118315078,1,0
91665.0,333000,0.003014486118315078,1,0
91665.0,334000,0.003014486118315078,1,0
91665.0,335000,0.003014486118315078,1,0
91665.0,336000,0.003014486118315078,1,0
91665.0,337000,0.003014486118315078,1,0
91665.0,338000,0.003014486118315078,1,0
91665.0,339000,0.003014486118315078,1,0
91665.0,340000,0.003014486118315078,1,0
91665.0,341000,0.003014486118315078,1,0
91665.0,342000,0.003014486118315078,1,0
91665.0,343000,0.003014486118315078,1,0
91665.0,344000,0.003014486118315078,1,0
91665.0,345000,0.003014486118315078,1,0
91665.0,346000,0.003014486118315078,1,0
91665.0,347000,0.003014486118315078,1,0
91665.0,348000,0.003014486118315078,1,0
91665.0,349000,0.003014486118315078,1,0
91665.0,350000,0.003014486118315078,1,0
91665.0,351000,0.003014486118315078,1,0
91665.0,352000,0.003014486118315078,1,0
91665.0,353000,0.003014486118315078,1,0
91665.0,354000,0.003014486118315078,1,0
91665.0,355000,0.003014486118315078,1,0
91665.0,356000,0.003014486118315078,1,0
91665.0,357000,0.003014486118315078,1,0
91665.0,358000,0.003014486118315078,1,0
91665.0,359000,0.003014486118315078,1,0
91665.0,360000,0.003014486118315078,1,0
91665.0,361000,0.003014486118315078,1,0
91665.0,362000,0.003014486118315078,1,0
91665.0,363000,0.001531086768621604,1,0
91983.0,53000,0.0040621369979339916,1,0
91983.0,54000,0.004608698572298714,1,0
91983.0,55000,0.004608698572298714,1,0
91983.0,56000,0.004608698572298714,1,0
91983.0,57000,0.004608698572298714,1,0
91983.0,58000,0.004608698572298714,1,0
91983.0,59000,0.004608698572298714,1,0
91983.0,60000,0.004608698572298714,1,0
91983.0,61000,0.004608698572298714,1,0
91983.0,62000,0.004608698572298714,1,0
91983.0,63000,0.004608698572298714,1,0
91983.0,64000,0.004608698572298714,1,0
91983.0,65000,0.004608698572298714,1,0
91983.0,66000,0.004608698572298714,1,0
91983.0,67000,0.004608698572298714,1,0
91983.0,68000,0.004608698572298714,1,0
91983.0,69000,0.004608698572298714,1,0
91983.0,70000,0.004608698572298714,1,0
91983.0,71000,0.004608698572298714,1,0
91983.0,72000,0.004608698572298714,1,0
91983.0,73000,0.004608698572298714,1,0
91983.0,74000,0.004608698572298714,1,0
91983.0,75000,0.004608698572298714,1,0
91983.0,76000,0.004608698572298714,1,0
91983.0,77000,0.004608698572298714,1,0
91983.0,78000,0.004608698572298714,1,0
91983.0,79000,0.004608698572298714,1,0
91983.0,80000,0.004608698572298714,1,0
91983.0,81000,0.004608698572298714,1,0
91983.0,82000,0.004608698572298714,1,0
91983.0,83000,0.004608698572298714,1,0
91983.0,84000,0.004608698572298714,1,0
91983.0,85000,0.004608698572298714,1,0
91983.0,86000,0.004608698572298714,1,0
91983.0,87000,0.004608698572298714,1,0
91983.0,88000,0.004608698572298714,1,0
91983.0,89000,0.004608698572298714,1,0
91983.0,90000,0.004608698572298714,1,0
91983.0,91000,0.004608698572298714,1,0
91983.0,92000,0.004608698572298714,1,0
91983.0,93000,0.004608698572298714,1,0
91983.0,94000,0.004608698572298714,1,0
91983.0,95000,0.004608698572298714,1,0
91983.0,96000,0.004608698572298714,1,0
91983.0,97000,0.004608698572298714,1,0
91983.0,98000,0.004608698572298714,1,0
91983.0,99000,0.004608698572298714,1,0
91983.0,100000,0.004608698572298714,1,0
91983.0,101000,0.004608698572298714,1,0
91983.0,102000,0.004608698572298714,1,0
91983.0,103000,0.004608698572298714,1,0
91983.0,104000,0.004608698572298714,1,0
91983.0,105000,0.004608698572298714,1,0
91983.0,106000,0.004608698572298714,1,0
91983.0,107000,0.004608698572298714,1,0
91983.0,108000,0.004608698572298714,1,0
91983.0,109000,0.004608698572298714,1,0
91983.0,110000,0.004608698572298714,1,0
91983.0,111000,0.004608698572298714,1,0
91983.0,112000,0.004608698572298714,1,0
91983.0,113000,0.004608698572298714,1,0
91983.0,114000,0.004608698572298714,1,0
91983.0,115000,0.004608698572298714,1,0
91983.0,116000,0.004608698572298714,1,0
91983.0,117000,0.004608698572298714,1,0
91983.0,118000,0.004608698572298714,1,0
91983.0,119000,0.004608698572298714,1,0
91983.0,120000,0.004608698572298714,1,0
91983.0,121000,0.004608698572298714,1,0
91983.0,122000,0.004608698572298714,1,0
91983.0,123000,0.004608698572298714,1,0
91983.0,124000,0.004608698572298714,1,0
91983.0,125000,0.004608698572298714,1,0
91983.0,126000,0.004608698572298714,1,0
91983.0,127000,0.004608698572298714,1,0
91983.0,128000,0.004608698572298714,1,0
91983.0,129000,0.004608698572298714,1,0
91983.0,130000,0.004608698572298714,1,0
91983.0,131000,0.004608698572298714,1,0
91983.0,132000,0.004608698572298714,1,0
91983.0,133000,0.004608698572298714,1,0
91983.0,134000,0.004608698572298714,1,0
91983.0,135000,0.004608698572298714,1,0
91983.0,136000,0.004608698572298714,1,0
91983.0,137000,0.004608698572298714,1,0
91983.0,138000,0.004608698572298714,1,0
91983.0,139000,0.004608698572298714,1,0
91983.0,140000,0.004608698572298714,1,0
91983.0,141000,0.004608698572298714,1,0
91983.0,142000,0.004608698572298714,1,0
91983.0,143000,0.004608698572298714,1,0
91983.0,144000,0.004608698572298714,1,0
91983.0,145000,0.004608698572298714,1,0
91983.0,146000,0.004608698572298714,1,0
91983.0,147000,0.004608698572298714,1,0
91983.0,148000,0.004608698572298714,1,0
91983.0,149000,0.004608698572298714,1,0
91983.0,150000,0.004608698572298714,1,0
91983.0,151000,0.004608698572298714,1,0
91983.0,152000,0.004608698572298714,1,0
91983.0,153000,0.004608698572298714,1,0
91983.0,154000,0.004608698572298714,1,0
91983.0,155000,0.004608698572298714,1,0
91983.0,156000,0.004608698572298714,1,0
91983.0,157000,0.004608698572298714,1,0
91983.0,158000,0.004608698572298714,1,0
91983.0,159000,0.004608698572298714,1,0
91983.0,160000,0.004608698572298714,1,0
91983.0,161000,0.004608698572298714,1,0
91983.0,162000,0.004608698572298714,1,0
91983.0,163000,0.004608698572298714,1,0
91983.0,164000,0.004608698572298714,1,0
91983.0,165000,0.004608698572298714,1,0
91983.0,166000,0.004608698572298714,1,0
91983.0,167000,0.004608698572298714,1,0
91983.0,168000,0.004608698572298714,1,0
91983.0,169000,0.004608698572298714,1,0
91983.0,170000,0.004608698572298714,1,0
91983.0,171000,0.004608698572298714,1,0
91983.0,172000,0.004608698572298714,1,0
91983.0,173000,0.004608698572298714,1,0
91983.0,174000,0.004608698572298714,1,0
91983.0,175000,0.004608698572298714,1,0
91983.0,176000,0.004608698572298714,1,0
91983.0,177000,0.004608698572298714,1,0
91983.0,178000,0.004608698572298714,1,0
91983.0,179000,0.004608698572298714,1,0
91983.0,180000,0.004608698572298714,1,0
91983.0,181000,0.004608698572298714,1,0
91983.0,182000,0.004608698572298714,1,0
91983.0,183000,0.004608698572298714,1,0
91983.0,184000,0.004608698572298714,1,0
91983.0,185000,0.004608698572298714,1,0
91983.0,186000,0.004608698572298714,1,0
91983.0,187000,0.004608698572298714,1,0
91983.0,188000,0.004608698572298714,1,0
91983.0,189000,0.004608698572298714,1,0
91983.0,190000,0.004608698572298714,1,0
91983.0,191000,0.004608698572298714,1,0
91983.0,192000,0.004608698572298714,1,0
91983.0,193000,0.004608698572298714,1,0
91983.0,194000,0.004608698572298714,1,0
91983.0,195000,0.004608698572298714,1,0
91983.0,196000,0.004608698572298714,1,0
91983.0,197000,0.004608698572298714,1,0
91983.0,198000,0.004608698572298714,1,0
91983.0,199000,0.004608698572298714,1,0
91983.0,200000,0.004608698572298714,1,0
91983.0,201000,0.004608698572298714,1,0
91983.0,202000,0.004608698572298714,1,0
91983.0,203000,0.004608698572298714,1,0
91983.0,204000,0.004608698572298714,1,0
91983.0,205000,0.004608698572298714,1,0
91983.0,206000,0.004608698572298714,1,0
91983.0,207000,0.004608698572298714,1,0
91983.0,208000,0.004608698572298714,1,0
91983.0,209000,0.004608698572298714,1,0
91983.0,210000,0.004608698572298714,1,0
91983.0,211000,0.004608698572298714,1,0
91983.0,212000,0.004608698572298714,1,0
91983.0,213000,0.004608698572298714,1,0
91983.0,214000,0.004608698572298714,1,0
91983.0,215000,0.004608698572298714,1,0
91983.0,216000,0.004608698572298714,1,0
91983.0,217000,0.004608698572298714,1,0
91983.0,218000,0.004608698572298714,1,0
91983.0,219000,0.004608698572298714,1,0
91983.0,220000,0.004608698572298714,1,0
91983.0,221000,0.004608698572298714,1,0
91983.0,222000,0.004608698572298714,1,0
91983.0,223000,0.004608698572298714,1,0
91983.0,224000,0.004608698572298714,1,0
91983.0,225000,0.004608698572298714,1,0
91983.0,226000,0.004608698572298714,1,0
91983.0,227000,0.004608698572298714,1,0
91983.0,228000,0.004608698572298714,1,0
91983.0,229000,0.004608698572298714,1,0
91983.0,230000,0.004608698572298714,1,0
91983.0,231000,0.004608698572298714,1,0
91983.0,232000,0.004608698572298714,1,0
91983.0,233000,0.004608698572298714,1,0
91983.0,234000,0.004608698572298714,1,0
91983.0,235000,0.004608698572298714,1,0
91983.0,236000,0.004608698572298714,1,0
91983.0,237000,0.004608698572298714,1,0
91983.0,238000,0.004608698572298714,1,0
91983.0,239000,0.004608698572298714,1,0
91983.0,240000,0.004608698572298714,1,0
91983.0,241000,0.004608698572298714,1,0
91983.0,242000,0.004608698572298714,1,0
91983.0,243000,0.004608698572298714,1,0
91983.0,244000,0.004608698572298714,1,0
91983.0,245000,0.004608698572298714,1,0
91983.0,246000,0.004608698572298714,1,0
91983.0,247000,0.004608698572298714,1,0
91983.0,248000,0.004608698572298714,1,0
91983.0,249000,0.004608698572298714,1,0
91983.0,250000,0.004608698572298714,1,0
91983.0,251000,0.004608698572298714,1,0
91983.0,252000,0.004608698572298714,1,0
91983.0,253000,0.004608698572298714,1,0
91983.0,254000,0.004608698572298714,1,0
91983.0,255000,0.004608698572298714,1,0
91983.0,256000,0.004608698572298714,1,0
91983.0,257000,0.004608698572298714,1,0
91983.0,258000,0.004608698572298714,1,0
91983.0,259000,0.004608698572298714,1,0
91983.0,260000,0.004608698572298714,1,0
91983.0,261000,0.004608698572298714,1,0
91983.0,262000,0.004608698572298714,1,0
91983.0,263000,0.004608698572298714,1,0
91983.0,264000,0.004608698572298714,1,0
91983.0,265000,0.004608698572298714,1,0
91983.0,266000,0.004608698572298714,1,0
91983.0,267000,0.004608698572298714,1,0
91983.0,268000,0.004608698572298714,1,0
91983.0,269000,0.004608698572298714,1,0
91983.0,270000,0.00045897138554384963,1,0
92034.0,31000,0.0012025295290287352,1,0
92034.0,32000,0.005378286608686986,1,0
92034.0,33000,0.005378286608686986,1,0
92034.0,34000,0.005378286608686986,1,0
92034.0,35000,0.005378286608686986,1,0
92034.0,36000,0.005378286608686986,1,0
92034.0,37000,0.005378286608686986,1,0
92034.0,38000,0.005378286608686986,1,0
92034.0,39000,0.005378286608686986,1,0
92034.0,40000,0.005378286608686986,1,0
92034.0,41000,0.005378286608686986,1,0
92034.0,42000,0.005378286608686986,1,0
92034.0,43000,0.005378286608686986,1,0
92034.0,44000,0.005378286608686986,1,0
92034.0,45000,0.005378286608686986,1,0
92034.0,46000,0.005378286608686986,1,0
92034.0,47000,0.005378286608686986,1,0
92034.0,48000,0.005378286608686986,1,0
92034.0,49000,0.005378286608686986,1,0
92034.0,50000,0.005378286608686986,1,0
92034.0,51000,0.005378286608686986,1,0
92034.0,52000,0.005378286608686986,1,0
92034.0,53000,0.005378286608686986,1,0
92034.0,54000,0.005378286608686986,1,0
92034.0,55000,0.005378286608686986,1,0
92034.0,56000,0.005378286608686986,1,0
92034.0,57000,0.005378286608686986,1,0
92034.0,58000,0.005378286608686986,1,0
92034.0,59000,0.005378286608686986,1,0
92034.0,60000,0.005378286608686986,1,0
92034.0,61000,0.005378286608686986,1,0
92034.0,62000,0.005378286608686986,1,0
92034.0,63000,0.005378286608686986,1,0
92034.0,64000,0.005378286608686986,1,0
92034.0,65000,0.005378286608686986,1,0
92034.0,66000,0.005378286608686986,1,0
92034.0,67000,0.005378286608686986,1,0
92034.0,68000,0.005378286608686986,1,0
92034.0,69000,0.005378286608686986,1,0
92034.0,70000,0.005378286608686986,1,0
92034.0,71000,0.005378286608686986,1,0
92034.0,72000,0.005378286608686986,1,0
92034.0,73000,0.005378286608686986,1,0
92034.0,74000,0.005378286608686986,1,0
92034.0,75000,0.005378286608686986,1,0
92034.0,76000,0.005378286608686986,1,0
92034.0,77000,0.005378286608686986,1,0
92034.0,78000,0.005378286608686986,1,0
92034.0,79000,0.005378286608686986,1,0
92034.0,80000,0.005378286608686986,1,0
92034.0,81000,0.005378286608686986,1,0
92034.0,82000,0.005378286608686986,1,0
92034.0,83000,0.005378286608686986,1,0
92034.0,84000,0.005378286608686986,1,0
92034.0,85000,0.005378286608686986,1,0
92034.0,86000,0.005378286608686986,1,0
92034.0,87000,0.005378286608686986,1,0
92034.0,88000,0.005378286608686986,1,0
92034.0,89000,0.005378286608686986,1,0
92034.0,90000,0.005378286608686986,1,0
92034.0,91000,0.005378286608686986,1,0
92034.0,92000,0.005378286608686986,1,0
92034.0,93000,0.005378286608686986,1,0
92034.0,94000,0.005378286608686986,1,0
92034.0,95000,0.005378286608686986,1,0
92034.0,96000,0.005378286608686986,1,0
92034.0,97000,0.005378286608686986,1,0
92034.0,98000,0.005378286608686986,1,0
92034.0,99000,0.005378286608686986,1,0
92034.0,100000,0.005378286608686986,1,0
92034.0,101000,0.005378286608686986,1,0
92034.0,102000,0.005378286608686986,1,0
92034.0,103000,0.005378286608686986,1,0
92034.0,104000,0.005378286608686986,1,0
92034.0,105000,0.005378286608686986,1,0
92034.0,106000,0.005378286608686986,1,0
92034.0,107000,0.005378286608686986,1,0
92034.0,108000,0.005378286608686986,1,0
92034.0,109000,0.005378286608686986,1,0
92034.0,110000,0.005378286608686986,1,0
92034.0,111000,0.005378286608686986,1,0
92034.0,112000,0.005378286608686986,1,0
92034.0,113000,0.005378286608686986,1,0
92034.0,114000,0.005378286608686986,1,0
92034.0,115000,0.005378286608686986,1,0
92034.0,116000,0.005378286608686986,1,0
92034.0,117000,0.005378286608686986,1,0
92034.0,118000,0.005378286608686986,1,0
92034.0,119000,0.005378286608686986,1,0
92034.0,120000,0.005378286608686986,1,0
92034.0,121000,0.005378286608686986,1,0
92034.0,122000,0.005378286608686986,1,0
92034.0,123000,0.005378286608686986,1,0
92034.0,124000,0.005378286608686986,1,0
92034.0,125000,0.005378286608686986,1,0
92034.0,126000,0.005378286608686986,1,0
92034.0,127000,0.005378286608686986,1,0
92034.0,128000,0.005378286608686986,1,0
92034.0,129000,0.005378286608686986,1,0
92034.0,130000,0.005378286608686986,1,0
92034.0,131000,0.005378286608686986,1,0
92034.0,132000,0.005378286608686986,1,0
92034.0,133000,0.005378286608686986,1,0
92034.0,134000,0.005378286608686986,1,0
92034.0,135000,0.005378286608686986,1,0
92034.0,136000,0.005378286608686986,1,0
92034.0,137000,0.005378286608686986,1,0
92034.0,138000,0.005378286608686986,1,0
92034.0,139000,0.005378286608686986,1,0
92034.0,140000,0.005378286608686986,1,0
92034.0,141000,0.005378286608686986,1,0
92034.0,142000,0.005378286608686986,1,0
92034.0,143000,0.005378286608686986,1,0
92034.0,144000,0.005378286608686986,1,0
92034.0,145000,0.005378286608686986,1,0
92034.0,146000,0.005378286608686986,1,0
92034.0,147000,0.005378286608686986,1,0
92034.0,148000,0.005378286608686986,1,0
92034.0,149000,0.005378286608686986,1,0
92034.0,150000,0.005378286608686986,1,0
92034.0,151000,0.005378286608686986,1,0
92034.0,152000,0.005378286608686986,1,0
92034.0,153000,0.005378286608686986,1,0
92034.0,154000,0.005378286608686986,1,0
92034.0,155000,0.005378286608686986,1,0
92034.0,156000,0.005378286608686986,1,0
92034.0,157000,0.005378286608686986,1,0
92034.0,158000,0.005378286608686986,1,0
92034.0,159000,0.005378286608686986,1,0
92034.0,160000,0.005378286608686986,1,0
92034.0,161000,0.005378286608686986,1,0
92034.0,162000,0.005378286608686986,1,0
92034.0,163000,0.005378286608686986,1,0
92034.0,164000,0.005378286608686986,1,0
92034.0,165000,0.005378286608686986,1,0
92034.0,166000,0.005378286608686986,1,0
92034.0,167000,0.005378286608686986,1,0
92034.0,168000,0.005378286608686986,1,0
92034.0,169000,0.005378286608686986,1,0
92034.0,170000,0.005378286608686986,1,0
92034.0,171000,0.005378286608686986,1,0
92034.0,172000,0.005378286608686986,1,0
92034.0,173000,0.005378286608686986,1,0
92034.0,174000,0.005378286608686986,1,0
92034.0,175000,0.005378286608686986,1,0
92034.0,176000,0.005378286608686986,1,0
92034.0,177000,0.005378286608686986,1,0
92034.0,178000,0.005378286608686986,1,0
92034.0,179000,0.005378286608686986,1,0
92034.0,180000,0.005378286608686986,1,0
92034.0,181000,0.005378286608686986,1,0
92034.0,182000,0.005378286608686986,1,0
92034.0,183000,0.005378286608686986,1,0
92034.0,184000,0.005378286608686986,1,0
92034.0,185000,0.005378286608686986,1,0
92034.0,186000,0.005378286608686986,1,0
92034.0,187000,0.005378286608686986,1,0
92034.0,188000,0.005378286608686986,1,0
92034.0,189000,0.005378286608686986,1,0
92034.0,190000,0.005378286608686986,1,0
92034.0,191000,0.005378286608686986,1,0
92034.0,192000,0.005378286608686986,1,0
92034.0,193000,0.005378286608686986,1,0
92034.0,194000,0.005378286608686986,1,0
92034.0,195000,0.005378286608686986,1,0
92034.0,196000,0.005378286608686986,1,0
92034.0,197000,0.005378286608686986,1,0
92034.0,198000,0.005378286608686986,1,0
92034.0,199000,0.005378286608686986,1,0
92034.0,200000,0.005378286608686986,1,0
92034.0,201000,0.005378286608686986,1,0
92034.0,202000,0.005378286608686986,1,0
92034.0,203000,0.005378286608686986,1,0
92034.0,204000,0.005378286608686986,1,0
92034.0,205000,0.005378286608686986,1,0
92034.0,206000,0.005378286608686986,1,0
92034.0,207000,0.005378286608686986,1,0
92034.0,208000,0.005378286608686986,1,0
92034.0,209000,0.005378286608686986,1,0
92034.0,210000,0.005378286608686986,1,0
92034.0,211000,0.005378286608686986,1,0
92034.0,212000,0.005378286608686986,1,0
92034.0,213000,0.005378286608686986,1,0
92034.0,214000,0.005378286608686986,1,0
92034.0,215000,0.005378286608686986,1,0
92034.0,216000,0.005378286608686986,1,0
92034.0,217000,0.003814447863878967,1,0
92134.0,38000,0.012049774385306241,1,0
92134.0,39000,0.012335330482245107,1,0
92134.0,40000,0.012335330482245107,1,0
92134.0,41000,0.012335330482245107,1,0
92134.0,42000,0.012335330482245107,1,0
92134.0,43000,0.012335330482245107,1,0
92134.0,44000,0.012335330482245107,1,0
92134.0,45000,0.012335330482245107,1,0
92134.0,46000,0.012335330482245107,1,0
92134.0,47000,0.012335330482245107,1,0
92134.0,48000,0.012335330482245107,1,0
92134.0,49000,0.012335330482245107,1,0
92134.0,50000,0.012335330482245107,1,0
92134.0,51000,0.012335330482245107,1,0
92134.0,52000,0.012335330482245107,1,0
92134.0,53000,0.012335330482245107,1,0
92134.0,54000,0.012335330482245107,1,0
92134.0,55000,0.012335330482245107,1,0
92134.0,56000,0.012335330482245107,1,0
92134.0,57000,0.012335330482245107,1,0
92134.0,58000,0.012335330482245107,1,0
92134.0,59000,0.012335330482245107,1,0
92134.0,60000,0.012335330482245107,1,0
92134.0,61000,0.012335330482245107,1,0
92134.0,62000,0.012335330482245107,1,0
92134.0,63000,0.012335330482245107,1,0
92134.0,64000,0.012335330482245107,1,0
92134.0,65000,0.012335330482245107,1,0
92134.0,66000,0.012335330482245107,1,0
92134.0,67000,0.012335330482245107,1,0
92134.0,68000,0.012335330482245107,1,0
92134.0,69000,0.012335330482245107,1,0
92134.0,70000,0.012335330482245107,1,0
92134.0,71000,0.012335330482245107,1,0
92134.0,72000,0.012335330482245107,1,0
92134.0,73000,0.012335330482245107,1,0
92134.0,74000,0.012335330482245107,1,0
92134.0,75000,0.012335330482245107,1,0
92134.0,76000,0.012335330482245107,1,0
92134.0,77000,0.012335330482245107,1,0
92134.0,78000,0.012335330482245107,1,0
92134.0,79000,0.012335330482245107,1,0
92134.0,80000,0.012335330482245107,1,0
92134.0,81000,0.012335330482245107,1,0
92134.0,82000,0.012335330482245107,1,0
92134.0,83000,0.012335330482245107,1,0
92134.0,84000,0.012335330482245107,1,0
92134.0,85000,0.012335330482245107,1,0
92134.0,86000,0.012335330482245107,1,0
92134.0,87000,0.012335330482245107,1,0
92134.0,88000,0.012335330482245107,1,0
92134.0,89000,0.012335330482245107,1,0
92134.0,90000,0.012335330482245107,1,0
92134.0,91000,0.012335330482245107,1,0
92134.0,92000,0.012335330482245107,1,0
92134.0,93000,0.012335330482245107,1,0
92134.0,94000,0.012335330482245107,1,0
92134.0,95000,0.012335330482245107,1,0
92134.0,96000,0.012335330482245107,1,0
92134.0,97000,0.012335330482245107,1,0
92134.0,98000,0.012335330482245107,1,0
92134.0,99000,0.012335330482245107,1,0
92134.0,100000,0.012335330482245107,1,0
92134.0,101000,0.012335330482245107,1,0
92134.0,102000,0.012335330482245107,1,0
92134.0,103000,0.012335330482245107,1,0
92134.0,104000,0.012335330482245107,1,0
92134.0,105000,0.012335330482245107,1,0
92134.0,106000,0.012335330482245107,1,0
92134.0,107000,0.012335330482245107,1,0
92134.0,108000,0.012335330482245107,1,0
92134.0,109000,0.012335330482245107,1,0
92134.0,110000,0.012335330482245107,1,0
92134.0,111000,0.012335330482245107,1,0
92134.0,112000,0.012335330482245107,1,0
92134.0,113000,0.012335330482245107,1,0
92134.0,114000,0.012335330482245107,1,0
92134.0,115000,0.012335330482245107,1,0
92134.0,116000,0.012335330482245107,1,0
92134.0,117000,0.012335330482245107,1,0
92134.0,118000,0.012335330482245107,1,0
92134.0,119000,0.0011237870350851787,1,0
92977.0,0,0.05439320779501145,1,0
92977.0,1000,0.1087864155900229,1,0
92977.0,2000,0.1087864155900229,1,0
92977.0,3000,0.1087864155900229,1,0
92977.0,4000,0.1087864155900229,1,0
92977.0,5000,0.1087864155900229,1,0
92977.0,6000,0.1087864155900229,1,0
92977.0,7000,0.1087864155900229,1,0
92977.0,8000,0.1087864155900229,1,0
92977.0,9000,0.07531546748480532,1,0
92995.0,81000,0.0026653644205508727,1,0
92995.0,82000,0.005047856640444324,1,0
92995.0,83000,0.005047856640444324,1,0
92995.0,84000,0.005047856640444324,1,0
92995.0,85000,0.005047856640444324,1,0
92995.0,86000,0.005047856640444324,1,0
92995.0,87000,0.005047856640444324,1,0
92995.0,88000,0.005047856640444324,1,0
92995.0,89000,0.005047856640444324,1,0
92995.0,90000,0.005047856640444324,1,0
92995.0,91000,0.005047856640444324,1,0
92995.0,92000,0.005047856640444324,1,0
92995.0,93000,0.005047856640444324,1,0
92995.0,94000,0.005047856640444324,1,0
92995.0,95000,0.005047856640444324,1,0
92995.0,96000,0.005047856640444324,1,0
92995.0,97000,0.005047856640444324,1,0
92995.0,98000,0.005047856640444324,1,0
92995.0,99000,0.005047856640444324,1,0
92995.0,100000,0.005047856640444324,1,0
92995.0,101000,0.005047856640444324,1,0
92995.0,102000,0.005047856640444324,1,0
92995.0,103000,0.005047856640444324,1,0
92995.0,104000,0.005047856640444324,1,0
92995.0,105000,0.005047856640444324,1,0
92995.0,106000,0.005047856640444324,1,0
92995.0,107000,0.005047856640444324,1,0
92995.0,108000,0.005047856640444324,1,0
92995.0,109000,0.005047856640444324,1,0
92995.0,110000,0.005047856640444324,1,0
92995.0,111000,0.005047856640444324,1,0
92995.0,112000,0.005047856640444324,1,0
92995.0,113000,0.005047856640444324,1,0
92995.0,114000,0.005047856640444324,1,0
92995.0,115000,0.005047856640444324,1,0
92995.0,116000,0.005047856640444324,1,0
92995.0,117000,0.005047856640444324,1,0
92995.0,118000,0.005047856640444324,1,0
92995.0,119000,0.005047856640444324,1,0
92995.0,120000,0.005047856640444324,1,0
92995.0,121000,0.005047856640444324,1,0
92995.0,122000,0.005047856640444324,1,0
92995.0,123000,0.005047856640444324,1,0
92995.0,124000,0.005047856640444324,1,0
92995.0,125000,0.005047856640444324,1,0
92995.0,126000,0.005047856640444324,1,0
92995.0,127000,0.005047856640444324,1,0
92995.0,128000,0.005047856640444324,1,0
92995.0,129000,0.005047856640444324,1,0
92995.0,130000,0.005047856640444324,1,0
92995.0,131000,0.005047856640444324,1,0
92995.0,132000,0.005047856640444324,1,0
92995.0,133000,0.005047856640444324,1,0
92995.0,134000,0.005047856640444324,1,0
92995.0,135000,0.005047856640444324,1,0
92995.0,136000,0.005047856640444324,1,0
92995.0,137000,0.005047856640444324,1,0
92995.0,138000,0.005047856640444324,1,0
92995.0,139000,0.005047856640444324,1,0
92995.0,140000,0.005047856640444324,1,0
92995.0,141000,0.005047856640444324,1,0
92995.0,142000,0.005047856640444324,1,0
92995.0,143000,0.005047856640444324,1,0
92995.0,144000,0.005047856640444324,1,0
92995.0,145000,0.005047856640444324,1,0
92995.0,146000,0.005047856640444324,1,0
92995.0,147000,0.005047856640444324,1,0
92995.0,148000,0.005047856640444324,1,0
92995.0,149000,0.005047856640444324,1,0
92995.0,150000,0.005047856640444324,1,0
92995.0,151000,0.005047856640444324,1,0
92995.0,152000,0.005047856640444324,1,0
92995.0,153000,0.005047856640444324,1,0
92995.0,154000,0.005047856640444324,1,0
92995.0,155000,0.005047856640444324,1,0
92995.0,156000,0.005047856640444324,1,0
92995.0,157000,0.005047856640444324,1,0
92995.0,158000,0.005047856640444324,1,0
92995.0,159000,0.005047856640444324,1,0
92995.0,160000,0.005047856640444324,1,0
92995.0,161000,0.005047856640444324,1,0
92995.0,162000,0.005047856640444324,1,0
92995.0,163000,0.005047856640444324,1,0
92995.0,164000,0.005047856640444324,1,0
92995.0,165000,0.005047856640444324,1,0
92995.0,166000,0.005047856640444324,1,0
92995.0,167000,0.005047856640444324,1,0
92995.0,168000,0.005047856640444324,1,0
92995.0,169000,0.005047856640444324,1,0
92995.0,170000,0.005047856640444324,1,0
92995.0,171000,0.005047856640444324,1,0
92995.0,172000,0.005047856640444324,1,0
92995.0,173000,0.005047856640444324,1,0
92995.0,174000,0.005047856640444324,1,0
92995.0,175000,0.005047856640444324,1,0
92995.0,176000,0.005047856640444324,1,0
92995.0,177000,0.005047856640444324,1,0
92995.0,178000,0.005047856640444324,1,0
92995.0,179000,0.005047856640444324,1,0
92995.0,180000,0.005047856640444324,1,0
92995.0,181000,0.005047856640444324,1,0
92995.0,182000,0.005047856640444324,1,0
92995.0,183000,0.005047856640444324,1,0
92995.0,184000,0.005047856640444324,1,0
92995.0,185000,0.005047856640444324,1,0
92995.0,186000,0.005047856640444324,1,0
92995.0,187000,0.005047856640444324,1,0
92995.0,188000,0.005047856640444324,1,0
92995.0,189000,0.005047856640444324,1,0
92995.0,190000,0.005047856640444324,1,0
92995.0,191000,0.005047856640444324,1,0
92995.0,192000,0.005047856640444324,1,0
92995.0,193000,0.005047856640444324,1,0
92995.0,194000,0.005047856640444324,1,0
92995.0,195000,0.005047856640444324,1,0
92995.0,196000,0.005047856640444324,1,0
92995.0,197000,0.005047856640444324,1,0
92995.0,198000,0.005047856640444324,1,0
92995.0,199000,0.005047856640444324,1,0
92995.0,200000,0.005047856640444324,1,0
92995.0,201000,0.005047856640444324,1,0
92995.0,202000,0.005047856640444324,1,0
92995.0,203000,0.005047856640444324,1,0
92995.0,204000,0.005047856640444324,1,0
92995.0,205000,0.005047856640444324,1,0
92995.0,206000,0.005047856640444324,1,0
92995.0,207000,0.005047856640444324,1,0
92995.0,208000,0.005047856640444324,1,0
92995.0,209000,0.005047856640444324,1,0
92995.0,210000,0.005047856640444324,1,0
92995.0,211000,0.005047856640444324,1,0
92995.0,212000,0.005047856640444324,1,0
92995.0,213000,0.005047856640444324,1,0
92995.0,214000,0.005047856640444324,1,0
92995.0,215000,0.005047856640444324,1,0
92995.0,216000,0.005047856640444324,1,0
92995.0,217000,0.005047856640444324,1,0
92995.0,218000,0.005047856640444324,1,0
92995.0,219000,0.005047856640444324,1,0
92995.0,220000,0.005047856640444324,1,0
92995.0,221000,0.005047856640444324,1,0
92995.0,222000,0.005047856640444324,1,0
92995.0,223000,0.005047856640444324,1,0
92995.0,224000,0.005047856640444324,1,0
92995.0,225000,0.005047856640444324,1,0
92995.0,226000,0.005047856640444324,1,0
92995.0,227000,0.005047856640444324,1,0
92995.0,228000,0.005047856640444324,1,0
92995.0,229000,0.005047856640444324,1,0
92995.0,230000,0.005047856640444324,1,0
92995.0,231000,0.005047856640444324,1,0
92995.0,232000,0.005047856640444324,1,0
92995.0,233000,0.005047856640444324,1,0
92995.0,234000,0.005047856640444324,1,0
92995.0,235000,0.005047856640444324,1,0
92995.0,236000,0.005047856640444324,1,0
92995.0,237000,0.005047856640444324,1,0
92995.0,238000,0.005047856640444324,1,0
92995.0,239000,0.005047856640444324,1,0
92995.0,240000,0.005047856640444324,1,0
92995.0,241000,0.005047856640444324,1,0
92995.0,242000,0.005047856640444324,1,0
92995.0,243000,0.005047856640444324,1,0
92995.0,244000,0.005047856640444324,1,0
92995.0,245000,0.005047856640444324,1,0
92995.0,246000,0.005047856640444324,1,0
92995.0,247000,0.005047856640444324,1,0
92995.0,248000,0.005047856640444324,1,0
92995.0,249000,0.005047856640444324,1,0
92995.0,250000,0.005047856640444324,1,0
92995.0,251000,0.005047856640444324,1,0
92995.0,252000,0.005047856640444324,1,0
92995.0,253000,0.005047856640444324,1,0
92995.0,254000,0.005047856640444324,1,0
92995.0,255000,0.005047856640444324,1,0
92995.0,256000,0.005047856640444324,1,0
92995.0,257000,0.005047856640444324,1,0
92995.0,258000,0.005047856640444324,1,0
92995.0,259000,0.005047856640444324,1,0
92995.0,260000,0.005047856640444324,1,0
92995.0,261000,0.005047856640444324,1,0
92995.0,262000,0.005047856640444324,1,0
92995.0,263000,0.005047856640444324,1,0
92995.0,264000,0.005047856640444324,1,0
92995.0,265000,0.005047856640444324,1,0
92995.0,266000,0.005047856640444324,1,0
92995.0,267000,0.005047856640444324,1,0
92995.0,268000,0.005047856640444324,1,0
92995.0,269000,0.005047856640444324,1,0
92995.0,270000,0.005047856640444324,1,0
92995.0,271000,0.005047856640444324,1,0
92995.0,272000,0.005047856640444324,1,0
92995.0,273000,0.005047856640444324,1,0
92995.0,274000,0.005047856640444324,1,0
92995.0,275000,0.005047856640444324,1,0
92995.0,276000,0.005047856640444324,1,0
92995.0,277000,0.005047856640444324,1,0
92995.0,278000,0.005047856640444324,1,0
92995.0,279000,0.002906877411917366,1,0
93585.0,156000,0.0043482490812627875,1,0
93585.0,157000,0.008122739019319971,1,0
93585.0,158000,0.008122739019319971,1,0
93585.0,159000,0.008122739019319971,1,0
93585.0,160000,0.008122739019319971,1,0
93585.0,161000,0.008122739019319971,1,0
93585.0,162000,0.008122739019319971,1,0
93585.0,163000,0.008122739019319971,1,0
93585.0,164000,0.008122739019319971,1,0
93585.0,165000,0.008122739019319971,1,0
93585.0,166000,0.008122739019319971,1,0
93585.0,167000,0.008122739019319971,1,0
93585.0,168000,0.008122739019319971,1,0
93585.0,169000,0.008122739019319971,1,0
93585.0,170000,0.008122739019319971,1,0
93585.0,171000,0.008122739019319971,1,0
93585.0,172000,0.008122739019319971,1,0
93585.0,173000,0.008122739019319971,1,0
93585.0,174000,0.008122739019319971,1,0
93585.0,175000,0.008122739019319971,1,0
93585.0,176000,0.008122739019319971,1,0
93585.0,177000,0.008122739019319971,1,0
93585.0,178000,0.008122739019319971,1,0
93585.0,179000,0.008122739019319971,1,0
93585.0,180000,0.008122739019319971,1,0
93585.0,181000,0.008122739019319971,1,0
93585.0,182000,0.008122739019319971,1,0
93585.0,183000,0.008122739019319971,1,0
93585.0,184000,0.008122739019319971,1,0
93585.0,185000,0.008122739019319971,1,0
93585.0,186000,0.008122739019319971,1,0
93585.0,187000,0.008122739019319971,1,0
93585.0,188000,0.008122739019319971,1,0
93585.0,189000,0.008122739019319971,1,0
93585.0,190000,0.008122739019319971,1,0
93585.0,191000,0.008122739019319971,1,0
93585.0,192000,0.008122739019319971,1,0
93585.0,193000,0.008122739019319971,1,0
93585.0,194000,0.008122739019319971,1,0
93585.0,195000,0.008122739019319971,1,0
93585.0,196000,0.008122739019319971,1,0
93585.0,197000,0.008122739019319971,1,0
93585.0,198000,0.008122739019319971,1,0
93585.0,199000,0.008122739019319971,1,0
93585.0,200000,0.008122739019319971,1,0
93585.0,201000,0.008122739019319971,1,0
93585.0,202000,0.008122739019319971,1,0
93585.0,203000,0.008122739019319971,1,0
93585.0,204000,0.008122739019319971,1,0
93585.0,205000,0.008122739019319971,1,0
93585.0,206000,0.008122739019319971,1,0
93585.0,207000,0.008122739019319971,1,0
93585.0,208000,0.008122739019319971,1,0
93585.0,209000,0.008122739019319971,1,0
93585.0,210000,0.008122739019319971,1,0
93585.0,211000,0.008122739019319971,1,0
93585.0,212000,0.008122739019319971,1,0
93585.0,213000,0.008122739019319971,1,0
93585.0,214000,0.008122739019319971,1,0
93585.0,215000,0.008122739019319971,1,0
93585.0,216000,0.008122739019319971,1,0
93585.0,217000,0.008122739019319971,1,0
93585.0,218000,0.008122739019319971,1,0
93585.0,219000,0.008122739019319971,1,0
93585.0,220000,0.008122739019319971,1,0
93585.0,221000,0.008122739019319971,1,0
93585.0,222000,0.008122739019319971,1,0
93585.0,223000,0.008122739019319971,1,0
93585.0,224000,0.008122739019319971,1,0
93585.0,225000,0.008122739019319971,1,0
93585.0,226000,0.008122739019319971,1,0
93585.0,227000,0.008122739019319971,1,0
93585.0,228000,0.008122739019319971,1,0
93585.0,229000,0.008122739019319971,1,0
93585.0,230000,0.008122739019319971,1,0
93585.0,231000,0.008122739019319971,1,0
93585.0,232000,0.008122739019319971,1,0
93585.0,233000,0.008122739019319971,1,0
93585.0,234000,0.008122739019319971,1,0
93585.0,235000,0.008122739019319971,1,0
93585.0,236000,0.008122739019319971,1,0
93585.0,237000,0.008122739019319971,1,0
93585.0,238000,0.008122739019319971,1,0
93585.0,239000,0.008122739019319971,1,0
93585.0,240000,0.008122739019319971,1,0
93585.0,241000,0.008122739019319971,1,0
93585.0,242000,0.008122739019319971,1,0
93585.0,243000,0.008122739019319971,1,0
93585.0,244000,0.008122739019319971,1,0
93585.0,245000,0.008122739019319971,1,0
93585.0,246000,0.008122739019319971,1,0
93585.0,247000,0.008122739019319971,1,0
93585.0,248000,0.008122739019319971,1,0
93585.0,249000,0.008122739019319971,1,0
93585.0,250000,0.008122739019319971,1,0
93585.0,251000,0.008122739019319971,1,0
93585.0,252000,0.008122739019319971,1,0
93585.0,253000,0.008122739019319971,1,0
93585.0,254000,0.008122739019319971,1,0
93585.0,255000,0.008122739019319971,1,0
93585.0,256000,0.008122739019319971,1,0
93585.0,257000,0.008122739019319971,1,0
93585.0,258000,0.008122739019319971,1,0
93585.0,259000,0.008122739019319971,1,0
93585.0,260000,0.008122739019319971,1,0
93585.0,261000,0.008122739019319971,1,0
93585.0,262000,0.008122739019319971,1,0
93585.0,263000,0.008122739019319971,1,0
93585.0,264000,0.008122739019319971,1,0
93585.0,265000,0.008122739019319971,1,0
93585.0,266000,0.008122739019319971,1,0
93585.0,267000,0.008122739019319971,1,0
93585.0,268000,0.008122739019319971,1,0
93585.0,269000,0.008122739019319971,1,0
93585.0,270000,0.008122739019319971,1,0
93585.0,271000,0.008122739019319971,1,0
93585.0,272000,0.008122739019319971,1,0
93585.0,273000,0.008122739019319971,1,0
93585.0,274000,0.008122739019319971,1,0
93585.0,275000,0.008122739019319971,1,0
93585.0,276000,0.008122739019319971,1,0
93585.0,277000,0.008122739019319971,1,0
93585.0,278000,0.008122739019319971,1,0
93585.0,279000,0.0046775905617007915,1,0
94204.0,26000,0.016679329305807927,1,0
94204.0,27000,0.02051574608561448,1,0
94204.0,28000,0.02051574608561448,1,0
94204.0,29000,0.02051574608561448,1,0
94204.0,30000,0.02051574608561448,1,0
94204.0,31000,0.02051574608561448,1,0
94204.0,32000,0.02051574608561448,1,0
94204.0,33000,0.02051574608561448,1,0
94204.0,34000,0.02051574608561448,1,0
94204.0,35000,0.02051574608561448,1,0
94204.0,36000,0.02051574608561448,1,0
94204.0,37000,0.02051574608561448,1,0
94204.0,38000,0.02051574608561448,1,0
94204.0,39000,0.02051574608561448,1,0
94204.0,40000,0.02051574608561448,1,0
94204.0,41000,0.02051574608561448,1,0
94204.0,42000,0.02051574608561448,1,0
94204.0,43000,0.02051574608561448,1,0
94204.0,44000,0.02051574608561448,1,0
94204.0,45000,0.02051574608561448,1,0
94204.0,46000,0.02051574608561448,1,0
94204.0,47000,0.02051574608561448,1,0
94204.0,48000,0.02051574608561448,1,0
94204.0,49000,0.02051574608561448,1,0
94204.0,50000,0.02051574608561448,1,0
94204.0,51000,0.02051574608561448,1,0
94204.0,52000,0.02051574608561448,1,0
94204.0,53000,0.02051574608561448,1,0
94204.0,54000,0.02051574608561448,1,0
94204.0,55000,0.02051574608561448,1,0
94204.0,56000,0.02051574608561448,1,0
94204.0,57000,0.02051574608561448,1,0
94204.0,58000,0.02051574608561448,1,0
94204.0,59000,0.02051574608561448,1,0
94204.0,60000,0.02051574608561448,1,0
94204.0,61000,0.02051574608561448,1,0
94204.0,62000,0.02051574608561448,1,0
94204.0,63000,0.02051574608561448,1,0
94204.0,64000,0.02051574608561448,1,0
94204.0,65000,0.02051574608561448,1,0
94204.0,66000,0.02051574608561448,1,0
94204.0,67000,0.02051574608561448,1,0
94204.0,68000,0.02051574608561448,1,0
94204.0,69000,0.02051574608561448,1,0
94204.0,70000,0.02051574608561448,1,0
94204.0,71000,0.02051574608561448,1,0
94204.0,72000,0.02051574608561448,1,0
94204.0,73000,0.02051574608561448,1,0
94204.0,74000,0.019080604670311536,1,0
94213.0,79000,0.0029928149177437437,1,0
94213.0,80000,0.0049956300656233965,1,0
94213.0,81000,0.0049956300656233965,1,0
94213.0,82000,0.0049956300656233965,1,0
94213.0,83000,0.0049956300656233965,1,0
94213.0,84000,0.0049956300656233965,1,0
94213.0,85000,0.0049956300656233965,1,0
94213.0,86000,0.0049956300656233965,1,0
94213.0,87000,0.0049956300656233965,1,0
94213.0,88000,0.0049956300656233965,1,0
94213.0,89000,0.0049956300656233965,1,0
94213.0,90000,0.0049956300656233965,1,0
94213.0,91000,0.0049956300656233965,1,0
94213.0,92000,0.0049956300656233965,1,0
94213.0,93000,0.0049956300656233965,1,0
94213.0,94000,0.0049956300656233965,1,0
94213.0,95000,0.0049956300656233965,1,0
94213.0,96000,0.0049956300656233965,1,0
94213.0,97000,0.0049956300656233965,1,0
94213.0,98000,0.0049956300656233965,1,0
94213.0,99000,0.0049956300656233965,1,0
94213.0,100000,0.0049956300656233965,1,0
94213.0,101000,0.0049956300656233965,1,0
94213.0,102000,0.0049956300656233965,1,0
94213.0,103000,0.0049956300656233965,1,0
94213.0,104000,0.0049956300656233965,1,0
94213.0,105000,0.0049956300656233965,1,0
94213.0,106000,0.0049956300656233965,1,0
94213.0,107000,0.0049956300656233965,1,0
94213.0,108000,0.0049956300656233965,1,0
94213.0,109000,0.0049956300656233965,1,0
94213.0,110000,0.0049956300656233965,1,0
94213.0,111000,0.0049956300656233965,1,0
94213.0,112000,0.0049956300656233965,1,0
94213.0,113000,0.0049956300656233965,1,0
94213.0,114000,0.0049956300656233965,1,0
94213.0,115000,0.0049956300656233965,1,0
94213.0,116000,0.0049956300656233965,1,0
94213.0,117000,0.0049956300656233965,1,0
94213.0,118000,0.0049956300656233965,1,0
94213.0,119000,0.0049956300656233965,1,0
94213.0,120000,0.0049956300656233965,1,0
94213.0,121000,0.0049956300656233965,1,0
94213.0,122000,0.0049956300656233965,1,0
94213.0,123000,0.0049956300656233965,1,0
94213.0,124000,0.0049956300656233965,1,0
94213.0,125000,0.0049956300656233965,1,0
94213.0,126000,0.0049956300656233965,1,0
94213.0,127000,0.0049956300656233965,1,0
94213.0,128000,0.0049956300656233965,1,0
94213.0,129000,0.0049956300656233965,1,0
94213.0,130000,0.0049956300656233965,1,0
94213.0,131000,0.0049956300656233965,1,0
94213.0,132000,0.0049956300656233965,1,0
94213.0,133000,0.0049956300656233965,1,0
94213.0,134000,0.0049956300656233965,1,0
94213.0,135000,0.0049956300656233965,1,0
94213.0,136000,0.0049956300656233965,1,0
94213.0,137000,0.0049956300656233965,1,0
94213.0,138000,0.0049956300656233965,1,0
94213.0,139000,0.0049956300656233965,1,0
94213.0,140000,0.0049956300656233965,1,0
94213.0,141000,0.0049956300656233965,1,0
94213.0,142000,0.0049956300656233965,1,0
94213.0,143000,0.0049956300656233965,1,0
94213.0,144000,0.0049956300656233965,1,0
94213.0,145000,0.0049956300656233965,1,0
94213.0,146000,0.0049956300656233965,1,0
94213.0,147000,0.0049956300656233965,1,0
94213.0,148000,0.0049956300656233965,1,0
94213.0,149000,0.0049956300656233965,1,0
94213.0,150000,0.0049956300656233965,1,0
94213.0,151000,0.0049956300656233965,1,0
94213.0,152000,0.0049956300656233965,1,0
94213.0,153000,0.0049956300656233965,1,0
94213.0,154000,0.0049956300656233965,1,0
94213.0,155000,0.0049956300656233965,1,0
94213.0,156000,0.0049956300656233965,1,0
94213.0,157000,0.0049956300656233965,1,0
94213.0,158000,0.0049956300656233965,1,0
94213.0,159000,0.0049956300656233965,1,0
94213.0,160000,0.0049956300656233965,1,0
94213.0,161000,0.0049956300656233965,1,0
94213.0,162000,0.0049956300656233965,1,0
94213.0,163000,0.0049956300656233965,1,0
94213.0,164000,0.0049956300656233965,1,0
94213.0,165000,0.0049956300656233965,1,0
94213.0,166000,0.0049956300656233965,1,0
94213.0,167000,0.0049956300656233965,1,0
94213.0,168000,0.0049956300656233965,1,0
94213.0,169000,0.0049956300656233965,1,0
94213.0,170000,0.0049956300656233965,1,0
94213.0,171000,0.0049956300656233965,1,0
94213.0,172000,0.0049956300656233965,1,0
94213.0,173000,0.0049956300656233965,1,0
94213.0,174000,0.0049956300656233965,1,0
94213.0,175000,0.0049956300656233965,1,0
94213.0,176000,0.0049956300656233965,1,0
94213.0,177000,0.0049956300656233965,1,0
94213.0,178000,0.0049956300656233965,1,0
94213.0,179000,0.0049956300656233965,1,0
94213.0,180000,0.0049956300656233965,1,0
94213.0,181000,0.0049956300656233965,1,0
94213.0,182000,0.0049956300656233965,1,0
94213.0,183000,0.0049956300656233965,1,0
94213.0,184000,0.0049956300656233965,1,0
94213.0,185000,0.0049956300656233965,1,0
94213.0,186000,0.0049956300656233965,1,0
94213.0,187000,0.0049956300656233965,1,0
94213.0,188000,0.0049956300656233965,1,0
94213.0,189000,0.0049956300656233965,1,0
94213.0,190000,0.0049956300656233965,1,0
94213.0,191000,0.0049956300656233965,1,0
94213.0,192000,0.0049956300656233965,1,0
94213.0,193000,0.0049956300656233965,1,0
94213.0,194000,0.0049956300656233965,1,0
94213.0,195000,0.0049956300656233965,1,0
94213.0,196000,0.0049956300656233965,1,0
94213.0,197000,0.0049956300656233965,1,0
94213.0,198000,0.0049956300656233965,1,0
94213.0,199000,0.0049956300656233965,1,0
94213.0,200000,0.0049956300656233965,1,0
94213.0,201000,0.0049956300656233965,1,0
94213.0,202000,0.0049956300656233965,1,0
94213.0,203000,0.0049956300656233965,1,0
94213.0,204000,0.0049956300656233965,1,0
94213.0,205000,0.0049956300656233965,1,0
94213.0,206000,0.0049956300656233965,1,0
94213.0,207000,0.0049956300656233965,1,0
94213.0,208000,0.0049956300656233965,1,0
94213.0,209000,0.0049956300656233965,1,0
94213.0,210000,0.0049956300656233965,1,0
94213.0,211000,0.0049956300656233965,1,0
94213.0,212000,0.0049956300656233965,1,0
94213.0,213000,0.0049956300656233965,1,0
94213.0,214000,0.0049956300656233965,1,0
94213.0,215000,0.0049956300656233965,1,0
94213.0,216000,0.0049956300656233965,1,0
94213.0,217000,0.0049956300656233965,1,0
94213.0,218000,0.0049956300656233965,1,0
94213.0,219000,0.0049956300656233965,1,0
94213.0,220000,0.0049956300656233965,1,0
94213.0,221000,0.0049956300656233965,1,0
94213.0,222000,0.0049956300656233965,1,0
94213.0,223000,0.0049956300656233965,1,0
94213.0,224000,0.0049956300656233965,1,0
94213.0,225000,0.0049956300656233965,1,0
94213.0,226000,0.0049956300656233965,1,0
94213.0,227000,0.0049956300656233965,1,0
94213.0,228000,0.0049956300656233965,1,0
94213.0,229000,0.0049956300656233965,1,0
94213.0,230000,0.0049956300656233965,1,0
94213.0,231000,0.0049956300656233965,1,0
94213.0,232000,0.0049956300656233965,1,0
94213.0,233000,0.0049956300656233965,1,0
94213.0,234000,0.0049956300656233965,1,0
94213.0,235000,0.0049956300656233965,1,0
94213.0,236000,0.0049956300656233965,1,0
94213.0,237000,0.0049956300656233965,1,0
94213.0,238000,0.0049956300656233965,1,0
94213.0,239000,0.0049956300656233965,1,0
94213.0,240000,0.0049956300656233965,1,0
94213.0,241000,0.0049956300656233965,1,0
94213.0,242000,0.0049956300656233965,1,0
94213.0,243000,0.0049956300656233965,1,0
94213.0,244000,0.0049956300656233965,1,0
94213.0,245000,0.0049956300656233965,1,0
94213.0,246000,0.0049956300656233965,1,0
94213.0,247000,0.0049956300656233965,1,0
94213.0,248000,0.0049956300656233965,1,0
94213.0,249000,0.0049956300656233965,1,0
94213.0,250000,0.0049956300656233965,1,0
94213.0,251000,0.0049956300656233965,1,0
94213.0,252000,0.0049956300656233965,1,0
94213.0,253000,0.0049956300656233965,1,0
94213.0,254000,0.0049956300656233965,1,0
94213.0,255000,0.0049956300656233965,1,0
94213.0,256000,0.0049956300656233965,1,0
94213.0,257000,0.0049956300656233965,1,0
94213.0,258000,0.0049956300656233965,1,0
94213.0,259000,0.0049956300656233965,1,0
94213.0,260000,0.0049956300656233965,1,0
94213.0,261000,0.0049956300656233965,1,0
94213.0,262000,0.0049956300656233965,1,0
94213.0,263000,0.0049956300656233965,1,0
94213.0,264000,0.0049956300656233965,1,0
94213.0,265000,0.0049956300656233965,1,0
94213.0,266000,0.0049956300656233965,1,0
94213.0,267000,0.0049956300656233965,1,0
94213.0,268000,0.0049956300656233965,1,0
94213.0,269000,0.0049956300656233965,1,0
94213.0,270000,0.0049956300656233965,1,0
94213.0,271000,0.0049956300656233965,1,0
94213.0,272000,0.0049956300656233965,1,0
94213.0,273000,0.0049956300656233965,1,0
94213.0,274000,0.0049956300656233965,1,0
94213.0,275000,0.0049956300656233965,1,0
94213.0,276000,0.0049956300656233965,1,0
94213.0,277000,0.0049956300656233965,1,0
94213.0,278000,0.0049956300656233965,1,0
94213.0,279000,0.0028768020232004224,1,0
94320.0,51000,0.013491110197221464,1,0
94320.0,52000,0.036002773870577584,1,0
94320.0,53000,0.036002773870577584,1,0
94320.0,54000,0.036002773870577584,1,0
94320.0,55000,0.036002773870577584,1,0
94320.0,56000,0.036002773870577584,1,0
94320.0,57000,0.036002773870577584,1,0
94320.0,58000,0.036002773870577584,1,0
94320.0,59000,0.036002773870577584,1,0
94320.0,60000,0.036002773870577584,1,0
94320.0,61000,0.036002773870577584,1,0
94320.0,62000,0.036002773870577584,1,0
94320.0,63000,0.036002773870577584,1,0
94320.0,64000,0.036002773870577584,1,0
94320.0,65000,0.036002773870577584,1,0
94320.0,66000,0.036002773870577584,1,0
94320.0,67000,0.036002773870577584,1,0
94320.0,68000,0.036002773870577584,1,0
94320.0,69000,0.036002773870577584,1,0
94320.0,70000,0.036002773870577584,1,0
94320.0,71000,0.036002773870577584,1,0
94320.0,72000,0.036002773870577584,1,0
94320.0,73000,0.036002773870577584,1,0
94320.0,74000,0.036002773870577584,1,0
94320.0,75000,0.036002773870577584,1,0
94320.0,76000,0.036002773870577584,1,0
94320.0,77000,0.036002773870577584,1,0
94320.0,78000,0.036002773870577584,1,0
94320.0,79000,0.014433995297183887,1,0
94557.0,79000,0.0029928149177437437,1,0
94557.0,80000,0.0049956300656233965,1,0
94557.0,81000,0.0049956300656233965,1,0
94557.0,82000,0.0049956300656233965,1,0
94557.0,83000,0.0049956300656233965,1,0
94557.0,84000,0.0049956300656233965,1,0
94557.0,85000,0.0049956300656233965,1,0
94557.0,86000,0.0049956300656233965,1,0
94557.0,87000,0.0049956300656233965,1,0
94557.0,88000,0.0049956300656233965,1,0
94557.0,89000,0.0049956300656233965,1,0
94557.0,90000,0.0049956300656233965,1,0
94557.0,91000,0.0049956300656233965,1,0
94557.0,92000,0.0049956300656233965,1,0
94557.0,93000,0.0049956300656233965,1,0
94557.0,94000,0.0049956300656233965,1,0
94557.0,95000,0.0049956300656233965,1,0
94557.0,96000,0.0049956300656233965,1,0
94557.0,97000,0.0049956300656233965,1,0
94557.0,98000,0.0049956300656233965,1,0
94557.0,99000,0.0049956300656233965,1,0
94557.0,100000,0.0049956300656233965,1,0
94557.0,101000,0.0049956300656233965,1,0
94557.0,102000,0.0049956300656233965,1,0
94557.0,103000,0.0049956300656233965,1,0
94557.0,104000,0.0049956300656233965,1,0
94557.0,105000,0.0049956300656233965,1,0
94557.0,106000,0.0049956300656233965,1,0
94557.0,107000,0.0049956300656233965,1,0
94557.0,108000,0.0049956300656233965,1,0
94557.0,109000,0.0049956300656233965,1,0
94557.0,110000,0.0049956300656233965,1,0
94557.0,111000,0.0049956300656233965,1,0
94557.0,112000,0.0049956300656233965,1,0
94557.0,113000,0.0049956300656233965,1,0
94557.0,114000,0.0049956300656233965,1,0
94557.0,115000,0.0049956300656233965,1,0
94557.0,116000,0.0049956300656233965,1,0
94557.0,117000,0.0049956300656233965,1,0
94557.0,118000,0.0049956300656233965,1,0
94557.0,119000,0.0049956300656233965,1,0
94557.0,120000,0.0049956300656233965,1,0
94557.0,121000,0.0049956300656233965,1,0
94557.0,122000,0.0049956300656233965,1,0
94557.0,123000,0.0049956300656233965,1,0
94557.0,124000,0.0049956300656233965,1,0
94557.0,125000,0.0049956300656233965,1,0
94557.0,126000,0.0049956300656233965,1,0
94557.0,127000,0.0049956300656233965,1,0
94557.0,128000,0.0049956300656233965,1,0
94557.0,129000,0.0049956300656233965,1,0
94557.0,130000,0.0049956300656233965,1,0
94557.0,131000,0.0049956300656233965,1,0
94557.0,132000,0.0049956300656233965,1,0
94557.0,133000,0.0049956300656233965,1,0
94557.0,134000,0.0049956300656233965,1,0
94557.0,135000,0.0049956300656233965,1,0
94557.0,136000,0.0049956300656233965,1,0
94557.0,137000,0.0049956300656233965,1,0
94557.0,138000,0.0049956300656233965,1,0
94557.0,139000,0.0049956300656233965,1,0
94557.0,140000,0.0049956300656233965,1,0
94557.0,141000,0.0049956300656233965,1,0
94557.0,142000,0.0049956300656233965,1,0
94557.0,143000,0.0049956300656233965,1,0
94557.0,144000,0.0049956300656233965,1,0
94557.0,145000,0.0049956300656233965,1,0
94557.0,146000,0.0049956300656233965,1,0
94557.0,147000,0.0049956300656233965,1,0
94557.0,148000,0.0049956300656233965,1,0
94557.0,149000,0.0049956300656233965,1,0
94557.0,150000,0.0049956300656233965,1,0
94557.0,151000,0.0049956300656233965,1,0
94557.0,152000,0.0049956300656233965,1,0
94557.0,153000,0.0049956300656233965,1,0
94557.0,154000,0.0049956300656233965,1,0
94557.0,155000,0.0049956300656233965,1,0
94557.0,156000,0.0049956300656233965,1,0
94557.0,157000,0.0049956300656233965,1,0
94557.0,158000,0.0049956300656233965,1,0
94557.0,159000,0.0049956300656233965,1,0
94557.0,160000,0.0049956300656233965,1,0
94557.0,161000,0.0049956300656233965,1,0
94557.0,162000,0.0049956300656233965,1,0
94557.0,163000,0.0049956300656233965,1,0
94557.0,164000,0.0049956300656233965,1,0
94557.0,165000,0.0049956300656233965,1,0
94557.0,166000,0.0049956300656233965,1,0
94557.0,167000,0.0049956300656233965,1,0
94557.0,168000,0.0049956300656233965,1,0
94557.0,169000,0.0049956300656233965,1,0
94557.0,170000,0.0049956300656233965,1,0
94557.0,171000,0.0049956300656233965,1,0
94557.0,172000,0.0049956300656233965,1,0
94557.0,173000,0.0049956300656233965,1,0
94557.0,174000,0.0049956300656233965,1,0
94557.0,175000,0.0049956300656233965,1,0
94557.0,176000,0.0049956300656233965,1,0
94557.0,177000,0.0049956300656233965,1,0
94557.0,178000,0.0049956300656233965,1,0
94557.0,179000,0.0049956300656233965,1,0
94557.0,180000,0.0049956300656233965,1,0
94557.0,181000,0.0049956300656233965,1,0
94557.0,182000,0.0049956300656233965,1,0
94557.0,183000,0.0049956300656233965,1,0
94557.0,184000,0.0049956300656233965,1,0
94557.0,185000,0.0049956300656233965,1,0
94557.0,186000,0.0049956300656233965,1,0
94557.0,187000,0.0049956300656233965,1,0
94557.0,188000,0.0049956300656233965,1,0
94557.0,189000,0.0049956300656233965,1,0
94557.0,190000,0.0049956300656233965,1,0
94557.0,191000,0.0049956300656233965,1,0
94557.0,192000,0.0049956300656233965,1,0
94557.0,193000,0.0049956300656233965,1,0
94557.0,194000,0.0049956300656233965,1,0
94557.0,195000,0.0049956300656233965,1,0
94557.0,196000,0.0049956300656233965,1,0
94557.0,197000,0.0049956300656233965,1,0
94557.0,198000,0.0049956300656233965,1,0
94557.0,199000,0.0049956300656233965,1,0
94557.0,200000,0.0049956300656233965,1,0
94557.0,201000,0.0049956300656233965,1,0
94557.0,202000,0.0049956300656233965,1,0
94557.0,203000,0.0049956300656233965,1,0
94557.0,204000,0.0049956300656233965,1,0
94557.0,205000,0.0049956300656233965,1,0
94557.0,206000,0.0049956300656233965,1,0
94557.0,207000,0.0049956300656233965,1,0
94557.0,208000,0.0049956300656233965,1,0
94557.0,209000,0.0049956300656233965,1,0
94557.0,210000,0.0049956300656233965,1,0
94557.0,211000,0.0049956300656233965,1,0
94557.0,212000,0.0049956300656233965,1,0
94557.0,213000,0.0049956300656233965,1,0
94557.0,214000,0.0049956300656233965,1,0
94557.0,215000,0.0049956300656233965,1,0
94557.0,216000,0.0049956300656233965,1,0
94557.0,217000,0.0049956300656233965,1,0
94557.0,218000,0.0049956300656233965,1,0
94557.0,219000,0.0049956300656233965,1,0
94557.0,220000,0.0049956300656233965,1,0
94557.0,221000,0.0049956300656233965,1,0
94557.0,222000,0.0049956300656233965,1,0
94557.0,223000,0.0049956300656233965,1,0
94557.0,224000,0.0049956300656233965,1,0
94557.0,225000,0.0049956300656233965,1,0
94557.0,226000,0.0049956300656233965,1,0
94557.0,227000,0.0049956300656233965,1,0
94557.0,228000,0.0049956300656233965,1,0
94557.0,229000,0.0049956300656233965,1,0
94557.0,230000,0.0049956300656233965,1,0
94557.0,231000,0.0049956300656233965,1,0
94557.0,232000,0.0049956300656233965,1,0
94557.0,233000,0.0049956300656233965,1,0
94557.0,234000,0.0049956300656233965,1,0
94557.0,235000,0.0049956300656233965,1,0
94557.0,236000,0.0049956300656233965,1,0
94557.0,237000,0.0049956300656233965,1,0
94557.0,238000,0.0049956300656233965,1,0
94557.0,239000,0.0049956300656233965,1,0
94557.0,240000,0.0049956300656233965,1,0
94557.0,241000,0.0049956300656233965,1,0
94557.0,242000,0.0049956300656233965,1,0
94557.0,243000,0.0049956300656233965,1,0
94557.0,244000,0.0049956300656233965,1,0
94557.0,245000,0.0049956300656233965,1,0
94557.0,246000,0.0049956300656233965,1,0
94557.0,247000,0.0049956300656233965,1,0
94557.0,248000,0.0049956300656233965,1,0
94557.0,249000,0.0049956300656233965,1,0
94557.0,250000,0.0049956300656233965,1,0
94557.0,251000,0.0049956300656233965,1,0
94557.0,252000,0.0049956300656233965,1,0
94557.0,253000,0.0049956300656233965,1,0
94557.0,254000,0.0049956300656233965,1,0
94557.0,255000,0.0049956300656233965,1,0
94557.0,256000,0.0049956300656233965,1,0
94557.0,257000,0.0049956300656233965,1,0
94557.0,258000,0.0049956300656233965,1,0
94557.0,259000,0.0049956300656233965,1,0
94557.0,260000,0.0049956300656233965,1,0
94557.0,261000,0.0049956300656233965,1,0
94557.0,262000,0.0049956300656233965,1,0
94557.0,263000,0.0049956300656233965,1,0
94557.0,264000,0.0049956300656233965,1,0
94557.0,265000,0.0049956300656233965,1,0
94557.0,266000,0.0049956300656233965,1,0
94557.0,267000,0.0049956300656233965,1,0
94557.0,268000,0.0049956300656233965,1,0
94557.0,269000,0.0049956300656233965,1,0
94557.0,270000,0.0049956300656233965,1,0
94557.0,271000,0.0049956300656233965,1,0
94557.0,272000,0.0049956300656233965,1,0
94557.0,273000,0.0049956300656233965,1,0
94557.0,274000,0.0049956300656233965,1,0
94557.0,275000,0.0049956300656233965,1,0
94557.0,276000,0.0049956300656233965,1,0
94557.0,277000,0.0049956300656233965,1,0
94557.0,278000,0.0049956300656233965,1,0
94557.0,279000,0.0028768020232004224,1,0
94986.0,93000,0.0031830898451304353,1,0
94986.0,94000,0.005371479298384397,1,0
94986.0,95000,0.005371479298384397,1,0
94986.0,96000,0.005371479298384397,1,0
94986.0,97000,0.005371479298384397,1,0
94986.0,98000,0.005371479298384397,1,0
94986.0,99000,0.005371479298384397,1,0
94986.0,100000,0.005371479298384397,1,0
94986.0,101000,0.005371479298384397,1,0
94986.0,102000,0.005371479298384397,1,0
94986.0,103000,0.005371479298384397,1,0
94986.0,104000,0.005371479298384397,1,0
94986.0,105000,0.005371479298384397,1,0
94986.0,106000,0.005371479298384397,1,0
94986.0,107000,0.005371479298384397,1,0
94986.0,108000,0.005371479298384397,1,0
94986.0,109000,0.005371479298384397,1,0
94986.0,110000,0.005371479298384397,1,0
94986.0,111000,0.005371479298384397,1,0
94986.0,112000,0.005371479298384397,1,0
94986.0,113000,0.005371479298384397,1,0
94986.0,114000,0.005371479298384397,1,0
94986.0,115000,0.005371479298384397,1,0
94986.0,116000,0.005371479298384397,1,0
94986.0,117000,0.005371479298384397,1,0
94986.0,118000,0.005371479298384397,1,0
94986.0,119000,0.005371479298384397,1,0
94986.0,120000,0.005371479298384397,1,0
94986.0,121000,0.005371479298384397,1,0
94986.0,122000,0.005371479298384397,1,0
94986.0,123000,0.005371479298384397,1,0
94986.0,124000,0.005371479298384397,1,0
94986.0,125000,0.005371479298384397,1,0
94986.0,126000,0.005371479298384397,1,0
94986.0,127000,0.005371479298384397,1,0
94986.0,128000,0.005371479298384397,1,0
94986.0,129000,0.005371479298384397,1,0
94986.0,130000,0.005371479298384397,1,0
94986.0,131000,0.005371479298384397,1,0
94986.0,132000,0.005371479298384397,1,0
94986.0,133000,0.005371479298384397,1,0
94986.0,134000,0.005371479298384397,1,0
94986.0,135000,0.005371479298384397,1,0
94986.0,136000,0.005371479298384397,1,0
94986.0,137000,0.005371479298384397,1,0
94986.0,138000,0.005371479298384397,1,0
94986.0,139000,0.005371479298384397,1,0
94986.0,140000,0.005371479298384397,1,0
94986.0,141000,0.005371479298384397,1,0
94986.0,142000,0.005371479298384397,1,0
94986.0,143000,0.005371479298384397,1,0
94986.0,144000,0.005371479298384397,1,0
94986.0,145000,0.005371479298384397,1,0
94986.0,146000,0.005371479298384397,1,0
94986.0,147000,0.005371479298384397,1,0
94986.0,148000,0.005371479298384397,1,0
94986.0,149000,0.005371479298384397,1,0
94986.0,150000,0.005371479298384397,1,0
94986.0,151000,0.005371479298384397,1,0
94986.0,152000,0.005371479298384397,1,0
94986.0,153000,0.005371479298384397,1,0
94986.0,154000,0.005371479298384397,1,0
94986.0,155000,0.005371479298384397,1,0
94986.0,156000,0.005371479298384397,1,0
94986.0,157000,0.005371479298384397,1,0
94986.0,158000,0.005371479298384397,1,0
94986.0,159000,0.005371479298384397,1,0
94986.0,160000,0.005371479298384397,1,0
94986.0,161000,0.005371479298384397,1,0
94986.0,162000,0.005371479298384397,1,0
94986.0,163000,0.005371479298384397,1,0
94986.0,164000,0.005371479298384397,1,0
94986.0,165000,0.005371479298384397,1,0
94986.0,166000,0.005371479298384397,1,0
94986.0,167000,0.005371479298384397,1,0
94986.0,168000,0.005371479298384397,1,0
94986.0,169000,0.005371479298384397,1,0
94986.0,170000,0.005371479298384397,1,0
94986.0,171000,0.005371479298384397,1,0
94986.0,172000,0.005371479298384397,1,0
94986.0,173000,0.005371479298384397,1,0
94986.0,174000,0.005371479298384397,1,0
94986.0,175000,0.005371479298384397,1,0
94986.0,176000,0.005371479298384397,1,0
94986.0,177000,0.005371479298384397,1,0
94986.0,178000,0.005371479298384397,1,0
94986.0,179000,0.005371479298384397,1,0
94986.0,180000,0.005371479298384397,1,0
94986.0,181000,0.005371479298384397,1,0
94986.0,182000,0.005371479298384397,1,0
94986.0,183000,0.005371479298384397,1,0
94986.0,184000,0.005371479298384397,1,0
94986.0,185000,0.005371479298384397,1,0
94986.0,186000,0.005371479298384397,1,0
94986.0,187000,0.005371479298384397,1,0
94986.0,188000,0.005371479298384397,1,0
94986.0,189000,0.005371479298384397,1,0
94986.0,190000,0.005371479298384397,1,0
94986.0,191000,0.005371479298384397,1,0
94986.0,192000,0.005371479298384397,1,0
94986.0,193000,0.005371479298384397,1,0
94986.0,194000,0.005371479298384397,1,0
94986.0,195000,0.005371479298384397,1,0
94986.0,196000,0.005371479298384397,1,0
94986.0,197000,0.005371479298384397,1,0
94986.0,198000,0.005371479298384397,1,0
94986.0,199000,0.005371479298384397,1,0
94986.0,200000,0.005371479298384397,1,0
94986.0,201000,0.005371479298384397,1,0
94986.0,202000,0.005371479298384397,1,0
94986.0,203000,0.005371479298384397,1,0
94986.0,204000,0.005371479298384397,1,0
94986.0,205000,0.005371479298384397,1,0
94986.0,206000,0.005371479298384397,1,0
94986.0,207000,0.005371479298384397,1,0
94986.0,208000,0.005371479298384397,1,0
94986.0,209000,0.005371479298384397,1,0
94986.0,210000,0.005371479298384397,1,0
94986.0,211000,0.005371479298384397,1,0
94986.0,212000,0.005371479298384397,1,0
94986.0,213000,0.005371479298384397,1,0
94986.0,214000,0.005371479298384397,1,0
94986.0,215000,0.005371479298384397,1,0
94986.0,216000,0.005371479298384397,1,0
94986.0,217000,0.005371479298384397,1,0
94986.0,218000,0.005371479298384397,1,0
94986.0,219000,0.005371479298384397,1,0
94986.0,220000,0.005371479298384397,1,0
94986.0,221000,0.005371479298384397,1,0
94986.0,222000,0.005371479298384397,1,0
94986.0,223000,0.005371479298384397,1,0
94986.0,224000,0.005371479298384397,1,0
94986.0,225000,0.005371479298384397,1,0
94986.0,226000,0.005371479298384397,1,0
94986.0,227000,0.005371479298384397,1,0
94986.0,228000,0.005371479298384397,1,0
94986.0,229000,0.005371479298384397,1,0
94986.0,230000,0.005371479298384397,1,0
94986.0,231000,0.005371479298384397,1,0
94986.0,232000,0.005371479298384397,1,0
94986.0,233000,0.005371479298384397,1,0
94986.0,234000,0.005371479298384397,1,0
94986.0,235000,0.005371479298384397,1,0
94986.0,236000,0.005371479298384397,1,0
94986.0,237000,0.005371479298384397,1,0
94986.0,238000,0.005371479298384397,1,0
94986.0,239000,0.005371479298384397,1,0
94986.0,240000,0.005371479298384397,1,0
94986.0,241000,0.005371479298384397,1,0
94986.0,242000,0.005371479298384397,1,0
94986.0,243000,0.005371479298384397,1,0
94986.0,244000,0.005371479298384397,1,0
94986.0,245000,0.005371479298384397,1,0
94986.0,246000,0.005371479298384397,1,0
94986.0,247000,0.005371479298384397,1,0
94986.0,248000,0.005371479298384397,1,0
94986.0,249000,0.005371479298384397,1,0
94986.0,250000,0.005371479298384397,1,0
94986.0,251000,0.005371479298384397,1,0
94986.0,252000,0.005371479298384397,1,0
94986.0,253000,0.005371479298384397,1,0
94986.0,254000,0.005371479298384397,1,0
94986.0,255000,0.005371479298384397,1,0
94986.0,256000,0.005371479298384397,1,0
94986.0,257000,0.005371479298384397,1,0
94986.0,258000,0.005371479298384397,1,0
94986.0,259000,0.005371479298384397,1,0
94986.0,260000,0.005371479298384397,1,0
94986.0,261000,0.005371479298384397,1,0
94986.0,262000,0.005371479298384397,1,0
94986.0,263000,0.005371479298384397,1,0
94986.0,264000,0.005371479298384397,1,0
94986.0,265000,0.005371479298384397,1,0
94986.0,266000,0.005371479298384397,1,0
94986.0,267000,0.005371479298384397,1,0
94986.0,268000,0.005371479298384397,1,0
94986.0,269000,0.005371479298384397,1,0
94986.0,270000,0.005371479298384397,1,0
94986.0,271000,0.005371479298384397,1,0
94986.0,272000,0.005371479298384397,1,0
94986.0,273000,0.005371479298384397,1,0
94986.0,274000,0.005371479298384397,1,0
94986.0,275000,0.005371479298384397,1,0
94986.0,276000,0.005371479298384397,1,0
94986.0,277000,0.005371479298384397,1,0
94986.0,278000,0.005371479298384397,1,0
94986.0,279000,0.0030932399537560843,1,0
95180.0,93000,0.0031830898451304353,1,0
95180.0,94000,0.005371479298384397,1,0
95180.0,95000,0.005371479298384397,1,0
95180.0,96000,0.005371479298384397,1,0
95180.0,97000,0.005371479298384397,1,0
95180.0,98000,0.005371479298384397,1,0
95180.0,99000,0.005371479298384397,1,0
95180.0,100000,0.005371479298384397,1,0
95180.0,101000,0.005371479298384397,1,0
95180.0,102000,0.005371479298384397,1,0
95180.0,103000,0.005371479298384397,1,0
95180.0,104000,0.005371479298384397,1,0
95180.0,105000,0.005371479298384397,1,0
95180.0,106000,0.005371479298384397,1,0
95180.0,107000,0.005371479298384397,1,0
95180.0,108000,0.005371479298384397,1,0
95180.0,109000,0.005371479298384397,1,0
95180.0,110000,0.005371479298384397,1,0
95180.0,111000,0.005371479298384397,1,0
95180.0,112000,0.005371479298384397,1,0
95180.0,113000,0.005371479298384397,1,0
95180.0,114000,0.005371479298384397,1,0
95180.0,115000,0.005371479298384397,1,0
95180.0,116000,0.005371479298384397,1,0
95180.0,117000,0.005371479298384397,1,0
95180.0,118000,0.005371479298384397,1,0
95180.0,119000,0.005371479298384397,1,0
95180.0,120000,0.005371479298384397,1,0
95180.0,121000,0.005371479298384397,1,0
95180.0,122000,0.005371479298384397,1,0
95180.0,123000,0.005371479298384397,1,0
95180.0,124000,0.005371479298384397,1,0
95180.0,125000,0.005371479298384397,1,0
95180.0,126000,0.005371479298384397,1,0
95180.0,127000,0.005371479298384397,1,0
95180.0,128000,0.005371479298384397,1,0
95180.0,129000,0.005371479298384397,1,0
95180.0,130000,0.005371479298384397,1,0
95180.0,131000,0.005371479298384397,1,0
95180.0,132000,0.005371479298384397,1,0
95180.0,133000,0.005371479298384397,1,0
95180.0,134000,0.005371479298384397,1,0
95180.0,135000,0.005371479298384397,1,0
95180.0,136000,0.005371479298384397,1,0
95180.0,137000,0.005371479298384397,1,0
95180.0,138000,0.005371479298384397,1,0
95180.0,139000,0.005371479298384397,1,0
95180.0,140000,0.005371479298384397,1,0
95180.0,141000,0.005371479298384397,1,0
95180.0,142000,0.005371479298384397,1,0
95180.0,143000,0.005371479298384397,1,0
95180.0,144000,0.005371479298384397,1,0
95180.0,145000,0.005371479298384397,1,0
95180.0,146000,0.005371479298384397,1,0
95180.0,147000,0.005371479298384397,1,0
95180.0,148000,0.005371479298384397,1,0
95180.0,149000,0.005371479298384397,1,0
95180.0,150000,0.005371479298384397,1,0
95180.0,151000,0.005371479298384397,1,0
95180.0,152000,0.005371479298384397,1,0
95180.0,153000,0.005371479298384397,1,0
95180.0,154000,0.005371479298384397,1,0
95180.0,155000,0.005371479298384397,1,0
95180.0,156000,0.005371479298384397,1,0
95180.0,157000,0.005371479298384397,1,0
95180.0,158000,0.005371479298384397,1,0
95180.0,159000,0.005371479298384397,1,0
95180.0,160000,0.005371479298384397,1,0
95180.0,161000,0.005371479298384397,1,0
95180.0,162000,0.005371479298384397,1,0
95180.0,163000,0.005371479298384397,1,0
95180.0,164000,0.005371479298384397,1,0
95180.0,165000,0.005371479298384397,1,0
95180.0,166000,0.005371479298384397,1,0
95180.0,167000,0.005371479298384397,1,0
95180.0,168000,0.005371479298384397,1,0
95180.0,169000,0.005371479298384397,1,0
95180.0,170000,0.005371479298384397,1,0
95180.0,171000,0.005371479298384397,1,0
95180.0,172000,0.005371479298384397,1,0
95180.0,173000,0.005371479298384397,1,0
95180.0,174000,0.005371479298384397,1,0
95180.0,175000,0.005371479298384397,1,0
95180.0,176000,0.005371479298384397,1,0
95180.0,177000,0.005371479298384397,1,0
95180.0,178000,0.005371479298384397,1,0
95180.0,179000,0.005371479298384397,1,0
95180.0,180000,0.005371479298384397,1,0
95180.0,181000,0.005371479298384397,1,0
95180.0,182000,0.005371479298384397,1,0
95180.0,183000,0.005371479298384397,1,0
95180.0,184000,0.005371479298384397,1,0
95180.0,185000,0.005371479298384397,1,0
95180.0,186000,0.005371479298384397,1,0
95180.0,187000,0.005371479298384397,1,0
95180.0,188000,0.005371479298384397,1,0
95180.0,189000,0.005371479298384397,1,0
95180.0,190000,0.005371479298384397,1,0
95180.0,191000,0.005371479298384397,1,0
95180.0,192000,0.005371479298384397,1,0
95180.0,193000,0.005371479298384397,1,0
95180.0,194000,0.005371479298384397,1,0
95180.0,195000,0.005371479298384397,1,0
95180.0,196000,0.005371479298384397,1,0
95180.0,197000,0.005371479298384397,1,0
95180.0,198000,0.005371479298384397,1,0
95180.0,199000,0.005371479298384397,1,0
95180.0,200000,0.005371479298384397,1,0
95180.0,201000,0.005371479298384397,1,0
95180.0,202000,0.005371479298384397,1,0
95180.0,203000,0.005371479298384397,1,0
95180.0,204000,0.005371479298384397,1,0
95180.0,205000,0.005371479298384397,1,0
95180.0,206000,0.005371479298384397,1,0
95180.0,207000,0.005371479298384397,1,0
95180.0,208000,0.005371479298384397,1,0
95180.0,209000,0.005371479298384397,1,0
95180.0,210000,0.005371479298384397,1,0
95180.0,211000,0.005371479298384397,1,0
95180.0,212000,0.005371479298384397,1,0
95180.0,213000,0.005371479298384397,1,0
95180.0,214000,0.005371479298384397,1,0
95180.0,215000,0.005371479298384397,1,0
95180.0,216000,0.005371479298384397,1,0
95180.0,217000,0.005371479298384397,1,0
95180.0,218000,0.005371479298384397,1,0
95180.0,219000,0.005371479298384397,1,0
95180.0,220000,0.005371479298384397,1,0
95180.0,221000,0.005371479298384397,1,0
95180.0,222000,0.005371479298384397,1,0
95180.0,223000,0.005371479298384397,1,0
95180.0,224000,0.005371479298384397,1,0
95180.0,225000,0.005371479298384397,1,0
95180.0,226000,0.005371479298384397,1,0
95180.0,227000,0.005371479298384397,1,0
95180.0,228000,0.005371479298384397,1,0
95180.0,229000,0.005371479298384397,1,0
95180.0,230000,0.005371479298384397,1,0
95180.0,231000,0.005371479298384397,1,0
95180.0,232000,0.005371479298384397,1,0
95180.0,233000,0.005371479298384397,1,0
95180.0,234000,0.005371479298384397,1,0
95180.0,235000,0.005371479298384397,1,0
95180.0,236000,0.005371479298384397,1,0
95180.0,237000,0.005371479298384397,1,0
95180.0,238000,0.005371479298384397,1,0
95180.0,239000,0.005371479298384397,1,0
95180.0,240000,0.005371479298384397,1,0
95180.0,241000,0.005371479298384397,1,0
95180.0,242000,0.005371479298384397,1,0
95180.0,243000,0.005371479298384397,1,0
95180.0,244000,0.005371479298384397,1,0
95180.0,245000,0.005371479298384397,1,0
95180.0,246000,0.005371479298384397,1,0
95180.0,247000,0.005371479298384397,1,0
95180.0,248000,0.005371479298384397,1,0
95180.0,249000,0.005371479298384397,1,0
95180.0,250000,0.005371479298384397,1,0
95180.0,251000,0.005371479298384397,1,0
95180.0,252000,0.005371479298384397,1,0
95180.0,253000,0.005371479298384397,1,0
95180.0,254000,0.005371479298384397,1,0
95180.0,255000,0.005371479298384397,1,0
95180.0,256000,0.005371479298384397,1,0
95180.0,257000,0.005371479298384397,1,0
95180.0,258000,0.005371479298384397,1,0
95180.0,259000,0.005371479298384397,1,0
95180.0,260000,0.005371479298384397,1,0
95180.0,261000,0.005371479298384397,1,0
95180.0,262000,0.005371479298384397,1,0
95180.0,263000,0.005371479298384397,1,0
95180.0,264000,0.005371479298384397,1,0
95180.0,265000,0.005371479298384397,1,0
95180.0,266000,0.005371479298384397,1,0
95180.0,267000,0.005371479298384397,1,0
95180.0,268000,0.005371479298384397,1,0
95180.0,269000,0.005371479298384397,1,0
95180.0,270000,0.005371479298384397,1,0
95180.0,271000,0.005371479298384397,1,0
95180.0,272000,0.005371479298384397,1,0
95180.0,273000,0.005371479298384397,1,0
95180.0,274000,0.005371479298384397,1,0
95180.0,275000,0.005371479298384397,1,0
95180.0,276000,0.005371479298384397,1,0
95180.0,277000,0.005371479298384397,1,0
95180.0,278000,0.005371479298384397,1,0
95180.0,279000,0.0030932399537560843,1,0
95419.0,66000,0.0035498397184782096,1,0
95419.0,67000,0.005586703986218019,1,0
95419.0,68000,0.005586703986218019,1,0
95419.0,69000,0.005586703986218019,1,0
95419.0,70000,0.005586703986218019,1,0
95419.0,71000,0.005586703986218019,1,0
95419.0,72000,0.005586703986218019,1,0
95419.0,73000,0.005586703986218019,1,0
95419.0,74000,0.005586703986218019,1,0
95419.0,75000,0.005586703986218019,1,0
95419.0,76000,0.005586703986218019,1,0
95419.0,77000,0.005586703986218019,1,0
95419.0,78000,0.005586703986218019,1,0
95419.0,79000,0.005586703986218019,1,0
95419.0,80000,0.005586703986218019,1,0
95419.0,81000,0.005586703986218019,1,0
95419.0,82000,0.005586703986218019,1,0
95419.0,83000,0.005586703986218019,1,0
95419.0,84000,0.005586703986218019,1,0
95419.0,85000,0.005586703986218019,1,0
95419.0,86000,0.005586703986218019,1,0
95419.0,87000,0.005586703986218019,1,0
95419.0,88000,0.005586703986218019,1,0
95419.0,89000,0.005586703986218019,1,0
95419.0,90000,0.005586703986218019,1,0
95419.0,91000,0.005586703986218019,1,0
95419.0,92000,0.005586703986218019,1,0
95419.0,93000,0.005586703986218019,1,0
95419.0,94000,0.005586703986218019,1,0
95419.0,95000,0.005586703986218019,1,0
95419.0,96000,0.005586703986218019,1,0
95419.0,97000,0.005586703986218019,1,0
95419.0,98000,0.005586703986218019,1,0
95419.0,99000,0.005586703986218019,1,0
95419.0,100000,0.005586703986218019,1,0
95419.0,101000,0.005586703986218019,1,0
95419.0,102000,0.005586703986218019,1,0
95419.0,103000,0.005586703986218019,1,0
95419.0,104000,0.005586703986218019,1,0
95419.0,105000,0.005586703986218019,1,0
95419.0,106000,0.005586703986218019,1,0
95419.0,107000,0.005586703986218019,1,0
95419.0,108000,0.005586703986218019,1,0
95419.0,109000,0.005586703986218019,1,0
95419.0,110000,0.005586703986218019,1,0
95419.0,111000,0.005586703986218019,1,0
95419.0,112000,0.005586703986218019,1,0
95419.0,113000,0.005586703986218019,1,0
95419.0,114000,0.005586703986218019,1,0
95419.0,115000,0.005586703986218019,1,0
95419.0,116000,0.005586703986218019,1,0
95419.0,117000,0.005586703986218019,1,0
95419.0,118000,0.005586703986218019,1,0
95419.0,119000,0.005586703986218019,1,0
95419.0,120000,0.005586703986218019,1,0
95419.0,121000,0.005586703986218019,1,0
95419.0,122000,0.005586703986218019,1,0
95419.0,123000,0.005586703986218019,1,0
95419.0,124000,0.005586703986218019,1,0
95419.0,125000,0.005586703986218019,1,0
95419.0,126000,0.005586703986218019,1,0
95419.0,127000,0.005586703986218019,1,0
95419.0,128000,0.005586703986218019,1,0
95419.0,129000,0.005586703986218019,1,0
95419.0,130000,0.005586703986218019,1,0
95419.0,131000,0.005586703986218019,1,0
95419.0,132000,0.005586703986218019,1,0
95419.0,133000,0.005586703986218019,1,0
95419.0,134000,0.005586703986218019,1,0
95419.0,135000,0.005586703986218019,1,0
95419.0,136000,0.005586703986218019,1,0
95419.0,137000,0.005586703986218019,1,0
95419.0,138000,0.005586703986218019,1,0
95419.0,139000,0.005586703986218019,1,0
95419.0,140000,0.005586703986218019,1,0
95419.0,141000,0.005586703986218019,1,0
95419.0,142000,0.005586703986218019,1,0
95419.0,143000,0.005586703986218019,1,0
95419.0,144000,0.005586703986218019,1,0
95419.0,145000,0.005586703986218019,1,0
95419.0,146000,0.005586703986218019,1,0
95419.0,147000,0.005586703986218019,1,0
95419.0,148000,0.005586703986218019,1,0
95419.0,149000,0.005586703986218019,1,0
95419.0,150000,0.005586703986218019,1,0
95419.0,151000,0.005586703986218019,1,0
95419.0,152000,0.005586703986218019,1,0
95419.0,153000,0.005586703986218019,1,0
95419.0,154000,0.005586703986218019,1,0
95419.0,155000,0.005586703986218019,1,0
95419.0,156000,0.005586703986218019,1,0
95419.0,157000,0.005586703986218019,1,0
95419.0,158000,0.005586703986218019,1,0
95419.0,159000,0.005586703986218019,1,0
95419.0,160000,0.005586703986218019,1,0
95419.0,161000,0.005586703986218019,1,0
95419.0,162000,0.005586703986218019,1,0
95419.0,163000,0.005586703986218019,1,0
95419.0,164000,0.005586703986218019,1,0
95419.0,165000,0.005586703986218019,1,0
95419.0,166000,0.005586703986218019,1,0
95419.0,167000,0.005586703986218019,1,0
95419.0,168000,0.005586703986218019,1,0
95419.0,169000,0.005586703986218019,1,0
95419.0,170000,0.005586703986218019,1,0
95419.0,171000,0.005586703986218019,1,0
95419.0,172000,0.005586703986218019,1,0
95419.0,173000,0.005586703986218019,1,0
95419.0,174000,0.005586703986218019,1,0
95419.0,175000,0.005586703986218019,1,0
95419.0,176000,0.005586703986218019,1,0
95419.0,177000,0.005586703986218019,1,0
95419.0,178000,0.005586703986218019,1,0
95419.0,179000,0.005586703986218019,1,0
95419.0,180000,0.005586703986218019,1,0
95419.0,181000,0.005586703986218019,1,0
95419.0,182000,0.005586703986218019,1,0
95419.0,183000,0.005586703986218019,1,0
95419.0,184000,0.005586703986218019,1,0
95419.0,185000,0.005586703986218019,1,0
95419.0,186000,0.005586703986218019,1,0
95419.0,187000,0.005586703986218019,1,0
95419.0,188000,0.005586703986218019,1,0
95419.0,189000,0.005586703986218019,1,0
95419.0,190000,0.005586703986218019,1,0
95419.0,191000,0.005586703986218019,1,0
95419.0,192000,0.005586703986218019,1,0
95419.0,193000,0.005586703986218019,1,0
95419.0,194000,0.005586703986218019,1,0
95419.0,195000,0.005586703986218019,1,0
95419.0,196000,0.005586703986218019,1,0
95419.0,197000,0.005586703986218019,1,0
95419.0,198000,0.005586703986218019,1,0
95419.0,199000,0.005586703986218019,1,0
95419.0,200000,0.005586703986218019,1,0
95419.0,201000,0.005586703986218019,1,0
95419.0,202000,0.005586703986218019,1,0
95419.0,203000,0.005586703986218019,1,0
95419.0,204000,0.005586703986218019,1,0
95419.0,205000,0.005586703986218019,1,0
95419.0,206000,0.005586703986218019,1,0
95419.0,207000,0.005586703986218019,1,0
95419.0,208000,0.005586703986218019,1,0
95419.0,209000,0.005586703986218019,1,0
95419.0,210000,0.005586703986218019,1,0
95419.0,211000,0.005586703986218019,1,0
95419.0,212000,0.005586703986218019,1,0
95419.0,213000,0.005586703986218019,1,0
95419.0,214000,0.005586703986218019,1,0
95419.0,215000,0.005586703986218019,1,0
95419.0,216000,0.005586703986218019,1,0
95419.0,217000,0.005586703986218019,1,0
95419.0,218000,0.005586703986218019,1,0
95419.0,219000,0.005586703986218019,1,0
95419.0,220000,0.005586703986218019,1,0
95419.0,221000,0.005586703986218019,1,0
95419.0,222000,0.005586703986218019,1,0
95419.0,223000,0.005586703986218019,1,0
95419.0,224000,0.005586703986218019,1,0
95419.0,225000,0.005586703986218019,1,0
95419.0,226000,0.005586703986218019,1,0
95419.0,227000,0.005586703986218019,1,0
95419.0,228000,0.005586703986218019,1,0
95419.0,229000,0.005586703986218019,1,0
95419.0,230000,0.005586703986218019,1,0
95419.0,231000,0.005586703986218019,1,0
95419.0,232000,0.005586703986218019,1,0
95419.0,233000,0.005586703986218019,1,0
95419.0,234000,0.005586703986218019,1,0
95419.0,235000,0.005586703986218019,1,0
95419.0,236000,0.005586703986218019,1,0
95419.0,237000,0.005586703986218019,1,0
95419.0,238000,0.005586703986218019,1,0
95419.0,239000,0.005586703986218019,1,0
95419.0,240000,0.005586703986218019,1,0
95419.0,241000,0.005586703986218019,1,0
95419.0,242000,0.005586703986218019,1,0
95419.0,243000,0.005586703986218019,1,0
95419.0,244000,0.005586703986218019,1,0
95419.0,245000,0.002016850734714486,1,0
95474.0,7000,0.04219855589877027,1,0
95474.0,8000,0.052664074080684325,1,0
95474.0,9000,0.052664074080684325,1,0
95474.0,10000,0.052664074080684325,1,0
95474.0,11000,0.052664074080684325,1,0
95474.0,12000,0.052664074080684325,1,0
95474.0,13000,0.052664074080684325,1,0
95474.0,14000,0.052664074080684325,1,0
95474.0,15000,0.052664074080684325,1,0
95474.0,16000,0.052664074080684325,1,0
95474.0,17000,0.052664074080684325,1,0
95474.0,18000,0.052664074080684325,1,0
95474.0,19000,0.052664074080684325,1,0
95474.0,20000,0.052664074080684325,1,0
95474.0,21000,0.052664074080684325,1,0
95474.0,22000,0.052664074080684325,1,0
95474.0,23000,0.052664074080684325,1,0
95474.0,24000,0.052664074080684325,1,0
95474.0,25000,0.052664074080684325,1,0
95474.0,26000,0.009848110648911904,1,0
95536.0,2000,0.0014892419205841058,1,0
95536.0,3000,0.04490393366679421,1,0
95536.0,4000,0.04490393366679421,1,0
95536.0,5000,0.04490393366679421,1,0
95536.0,6000,0.04490393366679421,1,0
95536.0,7000,0.04490393366679421,1,0
95536.0,8000,0.04490393366679421,1,0
95536.0,9000,0.04490393366679421,1,0
95536.0,10000,0.04490393366679421,1,0
95536.0,11000,0.04490393366679421,1,0
95536.0,12000,0.04490393366679421,1,0
95536.0,13000,0.04490393366679421,1,0
95536.0,14000,0.04490393366679421,1,0
95536.0,15000,0.04490393366679421,1,0
95536.0,16000,0.04490393366679421,1,0
95536.0,17000,0.04490393366679421,1,0
95536.0,18000,0.04490393366679421,1,0
95536.0,19000,0.04490393366679421,1,0
95536.0,20000,0.04490393366679421,1,0
95536.0,21000,0.04490393366679421,1,0
95536.0,22000,0.04490393366679421,1,0
95536.0,23000,0.04490393366679421,1,0
95536.0,24000,0.04490393366679421,1,0
95536.0,25000,0.010624217409943317,1,0
95685.0,25000,0.020128915167560883,1,0
95685.0,26000,0.03613281366422803,1,0
95685.0,27000,0.03613281366422803,1,0
95685.0,28000,0.03613281366422803,1,0
95685.0,29000,0.03613281366422803,1,0
95685.0,30000,0.03613281366422803,1,0
95685.0,31000,0.03613281366422803,1,0
95685.0,32000,0.03613281366422803,1,0
95685.0,33000,0.03613281366422803,1,0
95685.0,34000,0.03613281366422803,1,0
95685.0,35000,0.03613281366422803,1,0
95685.0,36000,0.03613281366422803,1,0
95685.0,37000,0.03613281366422803,1,0
95685.0,38000,0.03613281366422803,1,0
95685.0,39000,0.03613281366422803,1,0
95685.0,40000,0.03613281366422803,1,0
95685.0,41000,0.03613281366422803,1,0
95685.0,42000,0.03613281366422803,1,0
95685.0,43000,0.03613281366422803,1,0
95685.0,44000,0.03613281366422803,1,0
95685.0,45000,0.03613281366422803,1,0
95685.0,46000,0.03613281366422803,1,0
95685.0,47000,0.03613281366422803,1,0
95685.0,48000,0.03613281366422803,1,0
95685.0,49000,0.03613281366422803,1,0
95685.0,50000,0.03613281366422803,1,0
95685.0,51000,0.03613281366422803,1,0
95685.0,52000,0.03613281366422803,1,0
95685.0,53000,0.004285115898282182,1,0
97474.0,95000,0.0057930526201988,1,0
97474.0,96000,0.011079666411141135,1,0
97474.0,97000,0.011079666411141135,1,0
97474.0,98000,0.011079666411141135,1,0
97474.0,99000,0.011079666411141135,1,0
97474.0,100000,0.011079666411141135,1,0
97474.0,101000,0.011079666411141135,1,0
97474.0,102000,0.011079666411141135,1,0
97474.0,103000,0.011079666411141135,1,0
97474.0,104000,0.011079666411141135,1,0
97474.0,105000,0.011079666411141135,1,0
97474.0,106000,0.011079666411141135,1,0
97474.0,107000,0.011079666411141135,1,0
97474.0,108000,0.011079666411141135,1,0
97474.0,109000,0.011079666411141135,1,0
97474.0,110000,0.011079666411141135,1,0
97474.0,111000,0.011079666411141135,1,0
97474.0,112000,0.011079666411141135,1,0
97474.0,113000,0.011079666411141135,1,0
97474.0,114000,0.011079666411141135,1,0
97474.0,115000,0.011079666411141135,1,0
97474.0,116000,0.011079666411141135,1,0
97474.0,117000,0.011079666411141135,1,0
97474.0,118000,0.011079666411141135,1,0
97474.0,119000,0.011079666411141135,1,0
97474.0,120000,0.011079666411141135,1,0
97474.0,121000,0.011079666411141135,1,0
97474.0,122000,0.011079666411141135,1,0
97474.0,123000,0.011079666411141135,1,0
97474.0,124000,0.011079666411141135,1,0
97474.0,125000,0.011079666411141135,1,0
97474.0,126000,0.011079666411141135,1,0
97474.0,127000,0.011079666411141135,1,0
97474.0,128000,0.011079666411141135,1,0
97474.0,129000,0.011079666411141135,1,0
97474.0,130000,0.011079666411141135,1,0
97474.0,131000,0.011079666411141135,1,0
97474.0,132000,0.011079666411141135,1,0
97474.0,133000,0.011079666411141135,1,0
97474.0,134000,0.011079666411141135,1,0
97474.0,135000,0.011079666411141135,1,0
97474.0,136000,0.011079666411141135,1,0
97474.0,137000,0.011079666411141135,1,0
97474.0,138000,0.011079666411141135,1,0
97474.0,139000,0.011079666411141135,1,0
97474.0,140000,0.011079666411141135,1,0
97474.0,141000,0.011079666411141135,1,0
97474.0,142000,0.011079666411141135,1,0
97474.0,143000,0.011079666411141135,1,0
97474.0,144000,0.011079666411141135,1,0
97474.0,145000,0.011079666411141135,1,0
97474.0,146000,0.011079666411141135,1,0
97474.0,147000,0.011079666411141135,1,0
97474.0,148000,0.011079666411141135,1,0
97474.0,149000,0.011079666411141135,1,0
97474.0,150000,0.011079666411141135,1,0
97474.0,151000,0.011079666411141135,1,0
97474.0,152000,0.011079666411141135,1,0
97474.0,153000,0.011079666411141135,1,0
97474.0,154000,0.011079666411141135,1,0
97474.0,155000,0.011079666411141135,1,0
97474.0,156000,0.011079666411141135,1,0
97474.0,157000,0.011079666411141135,1,0
97474.0,158000,0.011079666411141135,1,0
97474.0,159000,0.011079666411141135,1,0
97474.0,160000,0.011079666411141135,1,0
97474.0,161000,0.011079666411141135,1,0
97474.0,162000,0.011079666411141135,1,0
97474.0,163000,0.011079666411141135,1,0
97474.0,164000,0.011079666411141135,1,0
97474.0,165000,0.011079666411141135,1,0
97474.0,166000,0.011079666411141135,1,0
97474.0,167000,0.011079666411141135,1,0
97474.0,168000,0.011079666411141135,1,0
97474.0,169000,0.011079666411141135,1,0
97474.0,170000,0.011079666411141135,1,0
97474.0,171000,0.011079666411141135,1,0
97474.0,172000,0.011079666411141135,1,0
97474.0,173000,0.011079666411141135,1,0
97474.0,174000,0.011079666411141135,1,0
97474.0,175000,0.011079666411141135,1,0
97474.0,176000,0.011079666411141135,1,0
97474.0,177000,0.011079666411141135,1,0
97474.0,178000,0.011079666411141135,1,0
97474.0,179000,0.011079666411141135,1,0
97474.0,180000,0.011079666411141135,1,0
97474.0,181000,0.011079666411141135,1,0
97474.0,182000,0.011079666411141135,1,0
97474.0,183000,0.011079666411141135,1,0
97474.0,184000,0.011079666411141135,1,0
97474.0,185000,0.008116636788240142,1,0
98149.0,63000,0.027834998430679166,1,0
98149.0,64000,0.030884789069572687,1,0
98149.0,65000,0.030884789069572687,1,0
98149.0,66000,0.030884789069572687,1,0
98149.0,67000,0.030884789069572687,1,0
98149.0,68000,0.030884789069572687,1,0
98149.0,69000,0.030884789069572687,1,0
98149.0,70000,0.030884789069572687,1,0
98149.0,71000,0.030884789069572687,1,0
98149.0,72000,0.030884789069572687,1,0
98149.0,73000,0.030884789069572687,1,0
98149.0,74000,0.030884789069572687,1,0
98149.0,75000,0.030884789069572687,1,0
98149.0,76000,0.030884789069572687,1,0
98149.0,77000,0.030884789069572687,1,0
98149.0,78000,0.030884789069572687,1,0
98149.0,79000,0.030884789069572687,1,0
98149.0,80000,0.030884789069572687,1,0
98149.0,81000,0.030884789069572687,1,0
98149.0,82000,0.030884789069572687,1,0
98149.0,83000,0.030884789069572687,1,0
98149.0,84000,0.030884789069572687,1,0
98149.0,85000,0.030884789069572687,1,0
98149.0,86000,0.030884789069572687,1,0
98149.0,87000,0.030884789069572687,1,0
98149.0,88000,0.030884789069572687,1,0
98149.0,89000,0.030884789069572687,1,0
98149.0,90000,0.030884789069572687,1,0
98149.0,91000,0.030884789069572687,1,0
98149.0,92000,0.030884789069572687,1,0
98149.0,93000,0.030884789069572687,1,0
98149.0,94000,0.030884789069572687,1,0
98149.0,95000,0.0147365404125675,1,0
98313.0,7000,0.03238914275983517,1,0
98313.0,8000,0.04042186225058777,1,0
98313.0,9000,0.04042186225058777,1,0
98313.0,10000,0.04042186225058777,1,0
98313.0,11000,0.04042186225058777,1,0
98313.0,12000,0.04042186225058777,1,0
98313.0,13000,0.04042186225058777,1,0
98313.0,14000,0.04042186225058777,1,0
98313.0,15000,0.04042186225058777,1,0
98313.0,16000,0.04042186225058777,1,0
98313.0,17000,0.04042186225058777,1,0
98313.0,18000,0.04042186225058777,1,0
98313.0,19000,0.04042186225058777,1,0
98313.0,20000,0.04042186225058777,1,0
98313.0,21000,0.04042186225058777,1,0
98313.0,22000,0.04042186225058777,1,0
98313.0,23000,0.04042186225058777,1,0
98313.0,24000,0.04042186225058777,1,0
98313.0,25000,0.04042186225058777,1,0
98313.0,26000,0.04042186225058777,1,0
98313.0,27000,0.04042186225058777,1,0
98313.0,28000,0.04042186225058777,1,0
98313.0,29000,0.04042186225058777,1,0
98313.0,30000,0.04042186225058777,1,0
98313.0,31000,0.03790802547664618,1,0
98693.0,0,0.009162923637308308,1,0
98693.0,1000,0.018325847274616617,1,0
98693.0,2000,0.018325847274616617,1,0
98693.0,3000,0.018325847274616617,1,0
98693.0,4000,0.018325847274616617,1,0
98693.0,5000,0.018325847274616617,1,0
98693.0,6000,0.018325847274616617,1,0
98693.0,7000,0.018325847274616617,1,0
98693.0,8000,0.018325847274616617,1,0
98693.0,9000,0.018325847274616617,1,0
98693.0,10000,0.018325847274616617,1,0
98693.0,11000,0.018325847274616617,1,0
98693.0,12000,0.018325847274616617,1,0
98693.0,13000,0.018325847274616617,1,0
98693.0,14000,0.018325847274616617,1,0
98693.0,15000,0.018325847274616617,1,0
98693.0,16000,0.018325847274616617,1,0
98693.0,17000,0.018325847274616617,1,0
98693.0,18000,0.018325847274616617,1,0
98693.0,19000,0.018325847274616617,1,0
98693.0,20000,0.018325847274616617,1,0
98693.0,21000,0.018325847274616617,1,0
98693.0,22000,0.018325847274616617,1,0
98693.0,23000,0.018325847274616617,1,0
98693.0,24000,0.018325847274616617,1,0
98693.0,25000,0.018325847274616617,1,0
98693.0,26000,0.018325847274616617,1,0
98693.0,27000,0.018325847274616617,1,0
98693.0,28000,0.018325847274616617,1,0
98693.0,29000,0.018325847274616617,1,0
98693.0,30000,0.018325847274616617,1,0
98693.0,31000,0.018325847274616617,1,0
98693.0,32000,0.018325847274616617,1,0
98693.0,33000,0.018325847274616617,1,0
98693.0,34000,0.018325847274616617,1,0
98693.0,35000,0.018325847274616617,1,0
98693.0,36000,0.018325847274616617,1,0
98693.0,37000,0.018325847274616617,1,0
98693.0,38000,0.018325847274616617,1,0
98693.0,39000,0.018325847274616617,1,0
98693.0,40000,0.018325847274616617,1,0
98693.0,41000,0.018325847274616617,1,0
98693.0,42000,0.018325847274616617,1,0
98693.0,43000,0.018325847274616617,1,0
98693.0,44000,0.018325847274616617,1,0
98693.0,45000,0.018325847274616617,1,0
98693.0,46000,0.018325847274616617,1,0
98693.0,47000,0.018325847274616617,1,0
98693.0,48000,0.018325847274616617,1,0
98693.0,49000,0.018325847274616617,1,0
98693.0,50000,0.018325847274616617,1,0
98693.0,51000,0.018325847274616617,1,0
98693.0,52000,0.018325847274616617,1,0
98693.0,53000,0.018325847274616617,1,0
98693.0,54000,0.018325847274616617,1,0
98693.0,55000,0.0012413235333944936,1,0
